accel_x (m/s^2),accel_y (m/s^2),accel_z (m/s^2)
2.825613739885897164e-03,-1.240621522570822680e-03,-9.783793163043409180e+00
-4.610139369288330895e-03,-7.333812212201845822e-03,-9.806707690110409104e+00
2.542191971644128506e-03,-1.054242350040639643e-03,-9.796879032584167035e+00
6.712320036498954819e-03,1.351565811417710468e-03,-9.793172224476620613e+00
8.071684120869447240e-03,-1.560294296734911429e-03,-9.796738397729351178e+00
-3.640604952723827323e-03,-1.202263391920362252e-02,-9.785892087664908701e+00
-3.589572864331620457e-04,-1.236904951583425814e-03,-9.806653945571364162e+00
1.039494163122244193e-03,2.976495083785193636e-03,-9.792954417433469061e+00
1.377781076686016926e-03,-2.181113331764703966e-03,-9.799115616097870074e+00
-2.147596144632997733e-03,9.877519020143939871e-04,-9.804260552823048869e+00
8.269184949681249175e-03,1.589170298225286038e-03,-9.793251376575950573e+00
2.566514462754276946e-03,-5.753175767491362259e-03,-9.801596360655105755e+00
3.272615734682186167e-03,-1.080560622177439067e-03,-9.784216479208048156e+00
-9.975977537743843169e-06,3.773300997881345528e-03,-9.797690467531150915e+00
1.172494543225320466e-03,3.503389600739598674e-03,-9.785474086655323589e+00
4.641559497336212974e-03,6.929301798377256790e-04,-9.790755200565055105e+00
-7.007926284584135163e-03,-3.003029809992300170e-03,-9.797170937769033472e+00
2.477013944413043560e-03,8.232746548407126122e-03,-9.793409637803824452e+00
2.438650448746649754e-03,3.228516562207644873e-03,-9.790189567940670301e+00
-5.370620879600982323e-04,-1.618570832101580892e-04,-9.784024064244130514e+00
-1.706286009451162672e-04,3.512167776919723934e-03,-9.796286421794397015e+00
4.637358731548736038e-04,3.793450375044845300e-03,-9.791158025082832950e+00
1.109920079018561490e-02,-3.124578473455612206e-03,-9.812011316773668668e+00
7.112285409529310945e-03,2.161667807529256934e-03,-9.782477108497852569e+00
-1.217217933447039754e-02,1.868152964322475264e-03,-9.794756326825451609e+00
-1.247520838333655326e-03,-3.717446908653720527e-03,-9.795641028374030057e+00
2.682718637445197056e-03,-1.637984736480302406e-03,-9.798358602242025484e+00
2.505386840356609024e-03,-4.608463863906055343e-03,-9.803607798529963446e+00
4.818352174402936242e-03,1.321866464111464551e-02,-9.800147370405200675e+00
3.691765845660644493e-05,1.716073631053974301e-03,-9.800472479627664768e+00
9.185212280257235712e-04,-2.209606826673687647e-03,-9.800201763633799246e+00
2.202907559948221947e-03,-5.428396672701637496e-04,-9.802611115454318735e+00
2.807124787358570087e-03,-2.797517845951415488e-03,-9.794316132734651958e+00
-4.728139542081358226e-03,-5.755014606637523338e-03,-9.795986025318839552e+00
1.630554274323973898e-03,-8.740341201494943989e-04,-9.786377046820270209e+00
-9.380757249270865869e-04,5.128414339096920224e-03,-9.793433104088787644e+00
-7.247503560177358251e-04,5.743139158523143583e-04,-9.801634344149464440e+00
-4.256645953380293313e-04,-7.573446874435288238e-04,-9.792148016336341243e+00
2.382563846310171117e-03,-8.376321424680898894e-03,-9.814499039120653023e+00
5.588417067569483032e-03,8.354407997601656991e-03,-9.811749122256818723e+00
-3.200747186710427815e-03,-3.251039648919894220e-03,-9.792237465550215347e+00
9.433642573140182128e-04,2.955813127659760210e-03,-9.797332130330074662e+00
-2.123968216259097819e-03,1.792011780871755749e-04,-9.793264290744296829e+00
9.274058747089851742e-03,-9.611993386604799489e-03,-9.793210244533426589e+00
3.018572251250842362e-03,-1.083579987156150972e-03,-9.794750468112370712e+00
-1.251296412749519291e-02,-6.182597917488390563e-03,-9.804802582431280555e+00
6.234614754126923536e-03,7.714054388549172140e-04,-9.795605051267264329e+00
9.568519840725021874e-03,2.300206247915697689e-04,-9.794729416735590277e+00
3.599229220378976149e-03,1.000931615957054285e-03,-9.798480728080651403e+00
1.358032357373136628e-03,4.557954183027242145e-03,-9.794061691803022995e+00
-3.951990886092847377e-03,-4.768827090329341885e-03,-9.797194512104875130e+00
-9.441697747226564241e-03,-6.568604583743016187e-04,-9.807617265874435830e+00
2.613816733349138936e-03,7.316136605625782156e-03,-9.797804470949195377e+00
3.863997892050968341e-04,-6.448798702364151592e-04,-9.809092315631858128e+00
1.222284374172055883e-03,-3.241636269934611118e-03,-9.792343302212824341e+00
4.385170991806739034e-03,-2.746255058961794178e-03,-9.801495029423351824e+00
4.825978170866505380e-04,-2.545330545545627498e-03,-9.800026379168757629e+00
-5.368186294943609084e-03,-9.866269845909991787e-03,-9.801772783802697120e+00
5.070842232791288734e-03,3.783986592646749851e-03,-9.794142728499604544e+00
6.496282349821421755e-03,7.349671018378555951e-03,-9.795462391771064148e+00
1.349002253410201430e-03,6.564529165389389187e-03,-9.786465388462293191e+00
5.379763472420448327e-03,-5.526776783066168286e-04,-9.802271970472050455e+00
-1.502769749143767139e-03,-8.551702053321983332e-04,-9.786604466840589822e+00
-6.117841027239306895e-03,5.977970570679655427e-03,-9.789408423877135945e+00
-8.087154661197044209e-03,6.176055741854188930e-03,-9.788109264269275300e+00
4.220498790559227935e-03,-7.965343183876411222e-04,-9.799660122307075838e+00
7.414458377979261244e-03,3.518577773656748637e-03,-9.788744229494616533e+00
1.519875055597418121e-03,5.661880343695661552e-03,-9.802499033777435145e+00
3.144431956265949287e-03,2.789329306723569834e-03,-9.806003494661146291e+00
8.777338331723068265e-03,-9.574471874016221573e-03,-9.801757815877236268e+00
6.136603487817947518e-03,4.608878595573901241e-03,-9.791833830142012474e+00
-2.060247047012165288e-03,-2.282164613081771418e-05,-9.796009506005665557e+00
-5.096592287881244500e-03,-5.840581317053038408e-03,-9.771608058480026671e+00
-3.100428249446529529e-03,-3.435783408463217222e-03,-9.787073555613639897e+00
-6.819073202416862066e-03,1.307033374818331083e-03,-9.791945046357096061e+00
4.451946273671191640e-03,3.840993830210128086e-03,-9.795930199551904138e+00
3.479408442603753367e-03,1.116682978356658106e-02,-9.787456105099597181e+00
-8.699214820548655316e-03,-1.385625935241441937e-03,-9.780577328182998187e+00
-6.458890746394417744e-03,-9.836355851822509849e-03,-9.790180084942726069e+00
-1.345454336128556333e-02,-6.914424313387115481e-03,-9.805787453047850377e+00
2.309120542738686034e-03,2.564552710472126117e-04,-9.790343145736402519e+00
3.552894946330360879e-04,-1.036397809633085636e-04,-9.788595029282454618e+00
2.158033980645989065e-03,1.652019302709272375e-03,-9.785014167406570706e+00
-2.221107027470689728e-03,-6.163131145469121636e-03,-9.776768603996508489e+00
1.106059980016080302e-02,-1.331004863935949254e-04,-9.783438703560019434e+00
1.142170886721343911e-02,-3.691343430038023996e-03,-9.790154481124991648e+00
4.227319736519533078e-03,9.132777165885033158e-05,-9.789177640200286135e+00
4.985931083430466398e-04,-2.489836156148264503e-03,-9.789834043788841811e+00
1.565746132868917279e-03,1.755493956376674258e-04,-9.773031984905566460e+00
-1.236249278930090208e-03,3.214061751254584411e-03,-9.788631097414455695e+00
5.022548473767771485e-03,-4.304312934788032813e-03,-9.811271972976571831e+00
-1.856821074253795206e-03,-7.885091760309199602e-03,-9.803380995742504211e+00
-1.045549216920192877e-02,4.999347669661264280e-03,-9.800765882131608819e+00
1.081132506518639805e-02,2.422388510312471353e-04,-9.790854069917532598e+00
1.095851136781944742e-02,9.024723230882103486e-04,-9.785939044031863432e+00
-5.962146500935577506e-03,3.443862363049526431e-03,-9.784217912089117064e+00
-5.576782465730472163e-03,1.292113745244610496e-03,-9.794008905608583504e+00
-2.491829433962331874e-03,-1.083141689974963934e-02,-9.783807751605893444e+00
-9.589309805907341583e-03,-8.481748873458582264e-03,-9.805054349599579666e+00
-3.494104256085692195e-03,-3.716600641450333413e-03,-9.793705974964568739e+00
-8.455276862631895020e-04,2.635471632143663312e-01,-9.790520954699912792e+00
2.432246259541985881e-03,4.941912494416156876e-01,-9.809396084017159012e+00
5.799387322058956358e-03,7.091361933064387335e-01,-9.805356402412220618e+00
1.671311633984363249e-03,9.000541259859113907e-01,-9.795843169265250339e+00
-3.178798385770443624e-04,1.068536280187660337e+00,-9.799690992128670786e+00
-9.859729612351826600e-03,1.226008646228269994e+00,-9.798354966253675968e+00
-6.544895166155438593e-03,1.362381968133645538e+00,-9.800795570495424158e+00
-1.196204640264785304e-02,1.493775299331345341e+00,-9.795918754073113632e+00
1.262409937983673298e-02,1.605832259243565652e+00,-9.793552346577829582e+00
8.183955774253489149e-03,1.706423884692317650e+00,-9.795049934991013174e+00
1.306503221099037347e-02,1.804553628427083556e+00,-9.799701768905617172e+00
5.020637909741889129e-03,1.878967522977917692e+00,-9.807113832803757703e+00
2.611664686617721533e-03,1.947241511362350241e+00,-9.780209039157920614e+00
2.127260689154876570e-03,2.014324225348657738e+00,-9.799127991285345729e+00
-6.143285379062510612e-03,2.078680960238761255e+00,-9.798453064542631097e+00
3.374554246723517580e-03,2.134107212845473445e+00,-9.791524305554581531e+00
-1.464839125475996462e-03,2.182979907379300588e+00,-9.785702935003923741e+00
3.115628077218332483e-03,2.223517352288662430e+00,-9.801327527068407264e+00
-1.420664826672927679e-03,2.254477964769171283e+00,-9.790209722637161605e+00
5.369387066753475782e-03,2.300051679303111829e+00,-9.799084864390046334e+00
1.793073280446164834e-03,2.328678006941840462e+00,-9.803103748830364950e+00
-4.656414466187052716e-03,2.358423795290313763e+00,-9.784325405463523140e+00
7.423838430581759795e-03,2.381930592716013262e+00,-9.802099841241533440e+00
-3.922611180251884058e-03,2.420596332292828112e+00,-9.792337571100244276e+00
1.360545280957167367e-03,2.427801826017251585e+00,-9.798738884053165066e+00
5.854461887854882536e-03,2.450534545800744812e+00,-9.787800348196624256e+00
-6.639687343404459402e-03,2.455233991868295718e+00,-9.794252050574272062e+00
-5.116971231974225959e-03,2.480793713731831218e+00,-9.794381458821147746e+00
1.473374699181058574e-02,2.489329540868041590e+00,-9.780837639577772080e+00
-8.600499950839748248e-03,2.511830213842935144e+00,-9.794581138595802372e+00
4.576260883113438677e-03,2.517086944128114734e+00,-9.788800402548966773e+00
-5.583918488425817367e-03,2.529491807367178158e+00,-9.778089225042849719e+00
-1.640177389602273444e-03,2.537186163052199017e+00,-9.792134876457689430e+00
-5.512281819149692473e-03,2.542730391041498006e+00,-9.793987775056070433e+00
1.513202561323184064e-03,2.545644306126678025e+00,-9.787060379543744304e+00
1.459500732125676350e-03,2.566128692447413151e+00,-9.793940687186378113e+00
1.096724016935867515e-03,2.563266754117245139e+00,-9.790209606065333858e+00
1.778509920430843688e-03,2.566494107536705371e+00,-9.806256999112132888e+00
1.262485526320768258e-03,2.583802433180851121e+00,-9.806807637274017608e+00
-2.572022861151068186e-03,2.580706415604009152e+00,-9.798564495496956184e+00
-3.501365222753277835e-03,2.585160270141479977e+00,-9.799217142775763278e+00
-1.531785604813070854e-03,2.585619874537608887e+00,-9.793781224079323167e+00
4.354503483395592671e-03,2.588501227028640272e+00,-9.770765232488084706e+00
4.713651659087286609e-03,2.583747625740257625e+00,-9.794590980149258996e+00
5.957272309057804957e-03,2.587912248686619510e+00,-9.784253256012387823e+00
5.812042099791471864e-03,2.595404864439188941e+00,-9.792528437265019647e+00
-5.113002313828021034e-03,2.596608528934547078e+00,-9.802791175913126764e+00
7.612799868068740976e-03,2.606307155593353020e+00,-9.797335375779814726e+00
1.279729447207739873e-03,2.601824701065042600e+00,-9.800623688286039581e+00
-5.803494871141977318e-03,2.603992752707679603e+00,-9.803391979294145742e+00
-2.913149117402972620e-03,2.596456049163853308e+00,-9.803228729935112185e+00
-2.141926445729231462e-03,2.611640414278877387e+00,-9.792809047661910071e+00
-3.974741134821920506e-03,2.602761494322623825e+00,-9.787589310611750193e+00
6.754404319436912128e-03,2.599826769658414527e+00,-9.808046183100907811e+00
4.946435956364379728e-04,2.610059109230181473e+00,-9.793635317340116941e+00
1.019043334854277845e-03,2.618958237558245639e+00,-9.795829438659191979e+00
1.145924552154942416e-03,2.610680157109525279e+00,-9.801703545741331070e+00
-7.679132420767183220e-03,2.607487541005121479e+00,-9.818775603934911445e+00
1.261495571702871479e-02,2.616884364481156577e+00,-9.800983033479232276e+00
4.848284037715069363e-03,2.596897774584342677e+00,-9.797939106873975845e+00
-1.826364238255717047e-03,2.616834677767200468e+00,-9.798510630900475249e+00
5.455564205088705119e-03,2.602196757815670836e+00,-9.802798957885331177e+00
-6.842630942662108681e-03,2.615794909496519161e+00,-9.800223804777836278e+00
-4.554863753488452220e-04,2.615426660178543639e+00,-9.805762559208245577e+00
6.417034494531254768e-03,2.608303328486175410e+00,-9.810286931728057880e+00
4.084716622207472565e-03,2.619391236275206314e+00,-9.797595414242479706e+00
3.135199973246280414e-03,2.613982407772918126e+00,-9.798017136232797242e+00
5.700746190369126304e-03,2.611849044005776221e+00,-9.789317533422387640e+00
3.597795889926196089e-04,2.615279214915795070e+00,-9.804735101658764052e+00
-6.082798597626218849e-03,2.619328031927514289e+00,-9.801225707307741786e+00
-7.514809250559824523e-03,2.628640247425434229e+00,-9.795713986806978468e+00
1.172924879762051722e-03,2.619840510046846038e+00,-9.795459396724128354e+00
-1.133300135349452330e-04,2.614442004064442493e+00,-9.798394463301754342e+00
-4.574784689426459640e-03,2.617969851482555121e+00,-9.804134201828738071e+00
-9.722227954344618908e-03,2.615363276220497024e+00,-9.798342496687020287e+00
7.343161141525150716e-04,2.610840704707170445e+00,-9.790866899718984939e+00
2.409940622236896729e-03,2.618588129246655960e+00,-9.790474414964199568e+00
-1.885835623711923728e-04,2.623218718471906907e+00,-9.797307862154289282e+00
2.627288134302948729e-03,2.618686135482142241e+00,-9.801523368341886311e+00
5.065918163783973130e-04,2.620323353958508239e+00,-9.801793412949926676e+00
6.349869287250917670e-03,2.611936703163477258e+00,-9.787288213075372667e+00
7.131235466837806784e-04,2.608247158538401056e+00,-9.780273309454310393e+00
7.690997020215223356e-03,2.617343611203578391e+00,-9.795152536504218688e+00
1.162557281940020419e-03,2.615079881744200918e+00,-9.800459305112324770e+00
-2.572920272476511647e-03,2.614856584114792160e+00,-9.779409277043109583e+00
1.338588284522975206e-03,2.623190674597808414e+00,-9.792212384818242299e+00
1.031419812047573280e-03,2.615193036323988363e+00,-9.799501537983756450e+00
-7.857597662549167458e-03,2.620523315348056048e+00,-9.796294613087200176e+00
-7.149098566173036837e-03,2.619586135567903540e+00,-9.798432338250361084e+00
2.610926684624047082e-03,2.610336078670380200e+00,-9.792116466385154538e+00
7.064696371400284959e-04,2.606938159391764209e+00,-9.798700131997328810e+00
-1.962563016804220409e-03,2.616907943537644776e+00,-9.795137596379879241e+00
-5.300327698898924488e-04,2.613693225572396805e+00,-9.811658803683839025e+00
-7.317875329705503078e-03,2.613803775263834339e+00,-9.786014588601757325e+00
-3.925548318177899017e-03,2.618073006338250241e+00,-9.791392031840619126e+00
2.560721282544186250e-04,2.613280533466154409e+00,-9.806609482382388165e+00
1.428225548061234744e-02,2.619745500143610517e+00,-9.802618813664897957e+00
2.226078974430262866e-03,2.618323998682339671e+00,-9.807340140178304466e+00
-7.661215242691443196e-03,2.620043633467441069e+00,-9.794318265758573006e+00
-7.112744205094443870e-03,2.621110666146490686e+00,-9.800878118015466711e+00
9.049652026148678752e-03,2.621847574062745156e+00,-9.809074179718246356e+00
-5.493773068054365501e-03,2.621603182735945392e+00,-9.778077526456204538e+00
-4.104799396060311405e-03,2.624236362556620517e+00,-9.796662301991341693e+00
-4.476386608919542668e-04,2.618866995329677927e+00,-9.793353119198144441e+00
4.895048505580993671e-03,2.619184211944185048e+00,-9.802996653589696407e+00
-1.144339552021072376e-03,2.617827004820100445e+00,-9.787274175466723847e+00
-3.720309956992807685e-03,2.608104225344623828e+00,-9.781349429923375638e+00
2.091923631685938239e-03,2.612802782486272068e+00,-9.797216624596700285e+00
5.103286062664211774e-04,2.615217422192231300e+00,-9.799956083122104644e+00
5.708306936979535423e-03,2.623555421365545648e+00,-9.792434142251853046e+00
-2.964974651859404991e-03,2.611315983541302455e+00,-9.795938439090758010e+00
-6.441163318246029106e-03,2.609295545451790321e+00,-9.782472820600494501e+00
2.401536845747370263e-03,2.621232333191498398e+00,-9.799088166170443870e+00
4.349332966585191251e-03,2.613872523861846542e+00,-9.803386585890129012e+00
1.234925767713521659e-02,2.618274984503575098e+00,-9.781204997840518445e+00
-3.439363472539360908e-03,2.627143954219938404e+00,-9.804354013699011716e+00
8.772466215537035733e-03,2.630583110235352073e+00,-9.789043550526198345e+00
-2.357444802609408394e-03,2.620470349034238922e+00,-9.791853097833865149e+00
7.937561235948751084e-03,2.617957695951127928e+00,-9.806601675009092745e+00
-4.331553108718199513e-03,2.622177534063841797e+00,-9.796268791359297623e+00
-5.490214433738925190e-03,2.617190873810049112e+00,-9.798331132976690228e+00
1.143709837786789727e-03,2.607829018065655813e+00,-9.784500691217253632e+00
-4.925673728788936521e-03,2.617464675542440222e+00,-9.794872919904625164e+00
-1.597633222514464532e-03,2.619308294925287495e+00,-9.810759282621775768e+00
1.379478834550639703e-03,2.615362280556520425e+00,-9.789002798192095511e+00
4.465646579341182865e-03,2.611532231247498892e+00,-9.792164646995892952e+00
1.398977840343536110e-03,2.631698482994146993e+00,-9.795744664241581745e+00
3.670934823016229649e-03,2.621043488503892682e+00,-9.797768723044102401e+00
2.435952807564487033e-04,2.616449099397684996e+00,-9.805344953438797972e+00
-4.546451037816158156e-03,2.612133133613233849e+00,-9.785233853467488530e+00
5.321947498840435588e-03,2.617553369853864886e+00,-9.789821655698498049e+00
5.433062983113918186e-03,2.617708793770817000e+00,-9.796064020944024620e+00
-6.101918256717041300e-03,2.619777026906475736e+00,-9.793273596760394994e+00
-9.841007460799577888e-03,2.621213914809493950e+00,-9.802740912164610521e+00
-3.644971848696890865e-03,2.627593021408308527e+00,-9.791330346053804590e+00
5.841745456585480112e-03,2.613627087590995490e+00,-9.796199847164796637e+00
-3.530236570125417760e-03,2.617801005350947730e+00,-9.799688173692354454e+00
1.043702806301390973e-03,2.618750225971655077e+00,-9.801571200695271102e+00
-8.867578154663954479e-03,2.625369132111533332e+00,-9.779141970567112097e+00
4.269533258017522113e-03,2.609187692598292418e+00,-9.786584011154539908e+00
1.048700281156977714e-02,2.624277528600498677e+00,-9.805510145476240780e+00
3.440036872654261401e-03,2.613449274994478433e+00,-9.799021672076102973e+00
2.184780367130261837e-03,2.620713169126096531e+00,-9.792989897166634705e+00
2.565024918886282985e-03,2.614757620172315722e+00,-9.791535292434371485e+00
8.015704390720539271e-04,2.619876594533955050e+00,-9.785051712050686135e+00
6.537218461335960774e-03,2.627304997588651769e+00,-9.790606424864650492e+00
-1.039772445261190510e-02,2.621504499478569006e+00,-9.782987442755105789e+00
2.623020125785783477e-03,2.622142669528415126e+00,-9.798150253781853891e+00
2.554248352271093220e-03,2.621986056853077063e+00,-9.789103204982582795e+00
1.136967360247755684e-03,2.619581080336712997e+00,-9.812684684653573797e+00
9.080257920887431847e-03,2.621893131747790040e+00,-9.796058848080647863e+00
-2.763259651461270026e-03,2.620318785128783023e+00,-9.797926635775880300e+00
-1.215229754239917359e-02,2.621274844783418434e+00,-9.798450052856864545e+00
-7.682854352587370136e-03,2.613161126577816518e+00,-9.797931463535094920e+00
7.274242813365141072e-03,2.618264134846182589e+00,-9.805521265648177831e+00
-1.781426025367820708e-03,2.618914189590282771e+00,-9.799148058496514935e+00
-1.140906046360971524e-02,2.616156936928350607e+00,-9.799664638073304346e+00
1.670566105859059430e-03,2.613621388521789157e+00,-9.800342066531689156e+00
-4.388033766148737719e-03,2.618755632891116569e+00,-9.785944138920674717e+00
5.549513571136528538e-03,2.607042317035250356e+00,-9.787681175570932979e+00
2.721924525345709341e-03,2.621611147744741466e+00,-9.790568240641375652e+00
1.178591268833299445e-04,2.625109070738594674e+00,-9.803025509120089964e+00
3.242863635463593113e-03,2.616324787452307898e+00,-9.798012581161380297e+00
-8.053550070156694071e-04,2.615040821369344570e+00,-9.788061785725190589e+00
5.550341745571008012e-04,2.618741816483793450e+00,-9.787653319166981447e+00
-6.591778362878955360e-04,2.615914431650675276e+00,-9.790544577331068865e+00
-4.762091510105614413e-03,2.613326065419072197e+00,-9.807075468332380197e+00
-6.906028681327420517e-03,2.634823777115526955e+00,-9.793178952076056376e+00
5.987947136515040349e-04,2.621095400605593984e+00,-9.795270770446293795e+00
4.584979162869841189e-03,2.618975123379405190e+00,-9.793970184179732641e+00
2.914838370311554315e-03,2.612988778851275562e+00,-9.781179384328641646e+00
-2.660357214010774293e-03,2.616527703640161295e+00,-9.798234813619517425e+00
1.769333631305483471e-03,2.611303064444463029e+00,-9.791931237955292744e+00
4.947038137542033275e-03,2.610925528103959614e+00,-9.789430156805895678e+00
2.085277350282251779e-02,2.619166546919317273e+00,-9.802848792078334483e+00
-8.458384878055870415e-03,2.619444755473046449e+00,-9.801487719742674187e+00
4.979386502612369834e-03,2.623095576624707270e+00,-9.800421666118719344e+00
-6.053620346636477342e-03,2.610734893244107901e+00,-9.772006661902429059e+00
6.149797677649656256e-04,2.611531994788176547e+00,-9.802756407078080159e+00
8.964327609184627454e-03,2.626620387051525896e+00,-9.785799270511290615e+00
-4.016553598156395906e-03,2.619668678824435659e+00,-9.794538630073759577e+00
-5.636319905552565970e-03,2.612850444599390531e+00,-9.785551156118401650e+00
-3.999263203274121574e-04,2.617468456557987100e+00,-9.792958456854517379e+00
-1.164312338998683971e-03,2.610145040669112682e+00,-9.804192349899572889e+00
3.732730419298860465e-03,2.624998128867815250e+00,-9.801442448367845728e+00
-4.179383701599025461e-03,2.621233812054231560e+00,-9.786739161421165178e+00
5.969261159611118604e-03,2.619581298180205131e+00,-9.776538330495577966e+00
-3.096435075413563661e-03,2.621254961758246793e+00,-9.787367798863785495e+00
8.595319551822759932e-03,2.623597115402729330e+00,-9.785649383405246482e+00
-7.147383725145110833e-03,2.618521191368134993e+00,-9.798645938841715974e+00
7.841675793986426727e-04,2.615729039955592583e+00,-9.786389093745695433e+00
-8.236110152304633794e-03,2.625388278340623049e+00,-9.805926084105136553e+00
3.610621364335050900e-03,2.617762432789080940e+00,-9.779246799062498496e+00
-1.030270557917936994e-02,2.615388446768898145e+00,-9.786513246495362139e+00
-4.954093205726847575e-03,2.618162479272699183e+00,-9.805687145338243482e+00
-4.536722746083116380e-04,2.610689064304389184e+00,-9.801732919852758741e+00
-2.119504520511984996e-03,2.623753637527171279e+00,-9.789440821141573323e+00
3.742972370960016403e-03,2.617591670891354028e+00,-9.800250327912809922e+00
-1.701650678972912263e-03,2.624243465719355406e+00,-9.788832943564397482e+00
-1.111004861872709774e-03,2.611681381953506076e+00,-9.796494456714935239e+00
-4.920598269309813151e-03,2.623160932595205885e+00,-9.795693396252321605e+00
-6.956244296052902995e-03,2.628555776204461125e+00,-9.801525815840319567e+00
6.356569578613492470e-03,2.614532321482630817e+00,-9.790354804637294350e+00
1.028005488559930597e-03,2.616285100519156526e+00,-9.787259780358894545e+00
4.058593795688945492e-04,2.613451589392903784e+00,-9.805348929935478353e+00
1.126941156687504865e-02,2.605081326256700525e+00,-9.796007287594017399e+00
-5.549929408765652723e-03,2.601514236486117237e+00,-9.792731580374168132e+00
7.865025003636158529e-03,2.621316621875237285e+00,-9.789322826857889126e+00
-4.092777486579227022e-04,2.626924550316563689e+00,-9.800067025460641901e+00
-1.162965492346365246e-03,2.615486834047041853e+00,-9.811572369271836180e+00
-5.888506213545456440e-04,2.622931423050386623e+00,-9.800216611243978804e+00
6.680507675626642765e-03,2.616772971181238194e+00,-9.789134859016638046e+00
-1.724973796272901436e-03,2.622952249525140278e+00,-9.799639492587385092e+00
1.442435279730639938e-02,2.616457365164553739e+00,-9.783743033599812122e+00
-8.108194348372000509e-04,2.623108991850399363e+00,-9.799655131682840192e+00
-1.737252423574704068e-03,2.620260613672938721e+00,-9.784038239311195539e+00
8.511277933320061245e-04,2.622150372517191297e+00,-9.792353029716968749e+00
-3.401515961455435911e-04,2.617943699554563075e+00,-9.785076571101200216e+00
6.728358827721515716e-03,2.620638999569346872e+00,-9.801550751225409641e+00
-1.187758214090132687e-03,2.624666857558029864e+00,-9.806028404393147824e+00
-2.649006350719767654e-03,2.617013492602314972e+00,-9.791078646551875764e+00
3.011081114433525677e-03,2.616184181297795952e+00,-9.775575107546853104e+00
1.361596257481282625e-04,2.627725432422020724e+00,-9.801271502516323508e+00
5.625153421452548132e-03,2.622173190655982200e+00,-9.801153733328540341e+00
-8.830040345382622613e-03,2.616972242167625140e+00,-9.797036791773884090e+00
4.650826869483756093e-03,2.618617359928076649e+00,-9.795587754543351622e+00
1.721017737166828480e-03,2.617388305437164497e+00,-9.791195043128677611e+00
-2.888573429944337693e-03,2.616760445482590569e+00,-9.792774838073178501e+00
4.059153411308640273e-04,2.620644844452609590e+00,-9.806053897414331644e+00
-4.450763210860340414e-03,2.621676642319052508e+00,-9.790930435763119277e+00
-1.480083261040898409e-03,2.628228746410415706e+00,-9.782687651035104182e+00
-4.102250381759237931e-03,2.623787024786966793e+00,-9.797380061442812149e+00
-4.905444392207620671e-04,2.617051076062256065e+00,-9.787033431832563579e+00
-1.073407817663287302e-03,2.614737060773439481e+00,-9.786657387748938675e+00
-2.609048907880200802e-03,2.614547409733847250e+00,-9.789732199108188482e+00
-3.255789713644828380e-03,2.622389179659104119e+00,-9.785717602203659382e+00
-8.173327706890665814e-06,2.627577203877154766e+00,-9.804261192332456076e+00
3.147111902537187093e-03,2.617835547372064031e+00,-9.793084653778532100e+00
-3.874717610332446219e-03,2.616436173480782390e+00,-9.796059278225072831e+00
4.336363175489733185e-03,2.619844018562833110e+00,-9.787532050088435298e+00
-3.334763904878074517e-03,2.619622030555937453e+00,-9.787293847378952805e+00
-4.551159367558012606e-03,2.619294828040211520e+00,-9.801451315612151660e+00
7.923114181744341997e-03,2.615810472084566296e+00,-9.792034619463523271e+00
1.307985226539497238e-03,2.614641630747466028e+00,-9.792940080978524975e+00
-9.311808668300895720e-04,2.611907774426123652e+00,-9.787068381044813137e+00
2.744444766561188079e-04,2.624233715721889126e+00,-9.789969120270226810e+00
1.448019731946661743e-03,2.620318115588839092e+00,-9.786113596865375186e+00
6.930332721033221829e-03,2.614541772752634330e+00,-9.799008587349836930e+00
-1.143213160127860319e-03,2.613267180622116825e+00,-9.801244859275008992e+00
2.480138108534235748e-04,2.615891773648435059e+00,-9.804633971643246682e+00
1.804184128984925081e-03,2.616510572619584529e+00,-9.800014333576999803e+00
-6.137962854801658555e-03,2.611890405134550175e+00,-9.793166713926085620e+00
-3.182279128629680355e-03,2.622495763683569958e+00,-9.792265726694068917e+00
-1.103680290334736617e-03,2.612959685063520165e+00,-9.793758288367611087e+00
7.704572370222572027e-03,2.623842143779355762e+00,-9.782546154422719908e+00
1.192422716298521639e-03,2.621345959557128680e+00,-9.790284283524748332e+00
-4.192927852346668770e-04,2.616800862852140419e+00,-9.784669877635296942e+00
1.753318141020956261e-02,2.618865389614202677e+00,-9.798268648301503347e+00
-4.318245895408745483e-03,2.626757501347683377e+00,-9.802315306737142464e+00
-2.466263294313225055e-03,2.615401091763843500e+00,-9.816883463937472243e+00
-3.809995714665255408e-03,2.620753082967981484e+00,-9.805706378281753288e+00
1.937183018751264304e-03,2.617708827377072112e+00,-9.786379467074858951e+00
-5.284682940449090746e-03,2.620708531761744009e+00,-9.806844301044121082e+00
4.423275832914517688e-03,2.610045528251248914e+00,-9.793839344031336935e+00
-8.714083704490418331e-03,2.627717571744450087e+00,-9.785515061481369514e+00
-4.528376572027412172e-03,2.620264097435923478e+00,-9.785804817122675914e+00
4.030569457484833341e-03,2.615118768396213156e+00,-9.797092772231343005e+00
-7.924808157672049228e-03,2.620125816915063410e+00,-9.794065874063475619e+00
-2.130987161938117849e-03,2.618377922386038392e+00,-9.789944213876932366e+00
-1.901578349059096637e-03,2.618523288888340961e+00,-9.799406868455841746e+00
7.711099041422327278e-03,2.615847535522803913e+00,-9.794077189643550341e+00
1.199693609052471764e-02,2.622070918964510167e+00,-9.801032275737975752e+00
5.187209311248171495e-05,2.617397142196160598e+00,-9.789112107529266638e+00
1.784846067009264545e-03,2.621995289956475350e+00,-9.790786267005676891e+00
5.238912862721712728e-03,2.620915597214181769e+00,-9.782880647195060675e+00
5.465625830294471195e-03,2.622167375313712689e+00,-9.799860717568920521e+00
-1.441976834433965479e-03,2.614727462761897936e+00,-9.808049322151378036e+00
2.704053652101335702e-03,2.611594502278558938e+00,-9.791119810861397710e+00
1.058442674605941436e-04,2.619433808169302935e+00,-9.805417756052925427e+00
-1.302962048918685032e-03,2.620927870125303816e+00,-9.802336680600356900e+00
-4.152611180917971205e-03,2.620633302543142751e+00,-9.790527313291004674e+00
-2.945231934754041075e-03,2.620262715633087325e+00,-9.787343458424841103e+00
3.978918719013581871e-03,2.621155697161356546e+00,-9.800402716657593771e+00
6.091238327260734692e-03,2.617261763075628522e+00,-9.807815950859227527e+00
-1.075481997727430368e-02,2.613642764163228271e+00,-9.785268712674469072e+00
-4.483102793407684264e-03,2.614238085768389563e+00,-9.797188358296837762e+00
-2.375233563837445081e-03,2.616224651820723945e+00,-9.793821206629727882e+00
-2.788751514824577837e-03,2.617487456024647940e+00,-9.798310277113783329e+00
-6.277111525583085015e-03,2.618645544965550798e+00,-9.810807599728661899e+00
6.667544199648367358e-03,2.613397259142379081e+00,-9.783680127303988172e+00
4.898854884539905960e-04,2.620864033302812146e+00,-9.795043468853871005e+00
3.120820384413903765e-03,2.614763652615858192e+00,-9.786846082770463084e+00
-5.394667789571911017e-03,2.618361722053771157e+00,-9.783591784769990696e+00
3.451219993976230478e-03,2.616631503258782132e+00,-9.777075721260453989e+00
6.253009065964552742e-03,2.618724893246005436e+00,-9.798363638497356476e+00
1.780653710138949694e-03,2.622445581791552183e+00,-9.795657205703827586e+00
-7.818307462793524024e-03,2.614581551000622728e+00,-9.788981033798066278e+00
-6.633423902113824884e-03,2.618588813530101422e+00,-9.786421954048117655e+00
8.671603459106221523e-04,2.611374726458592033e+00,-9.801966450280961141e+00
1.053718502470845676e-03,2.619012654660905604e+00,-9.793612199804931251e+00
4.715054350088621928e-03,2.619495043332924045e+00,-9.795564407786340411e+00
9.841640162769159719e-03,2.618239343789108275e+00,-9.790575184188503144e+00
-6.322056730331614138e-03,2.619902454072556175e+00,-9.786435218455238783e+00
6.239883128997085471e-03,2.614453851654653604e+00,-9.787682554647746613e+00
-1.408324932381765839e-03,2.621321080018657934e+00,-9.793978036629253481e+00
-9.332016836246383173e-03,2.612502452855600232e+00,-9.791766483903360907e+00
1.193281859504574096e-03,2.616874099558747613e+00,-9.804059230941479797e+00
1.584972431951066959e-04,2.614344785806653082e+00,-9.777375640797643541e+00
1.197561377749713869e-03,2.616597366306603334e+00,-9.783296055834700411e+00
-2.655383796176438455e-03,2.615905024613022434e+00,-9.775304343424165765e+00
1.752018195563738098e-03,2.620971894772649691e+00,-9.788715658924763474e+00
-6.199286792198248006e-03,2.609028085684576670e+00,-9.793805366948081570e+00
5.742796148711430855e-03,2.617412553580890311e+00,-9.787583573435398421e+00
-2.064129510753989121e-04,2.609602044757905137e+00,-9.785280299701227591e+00
2.016215030317574427e-03,2.616059447103908475e+00,-9.782624492382522519e+00
1.831263315334952452e-04,2.615471896601746948e+00,-9.789338905510868827e+00
5.480140368875423794e-03,2.603953025502303564e+00,-9.798878623653044073e+00
8.314792750502222754e-04,2.620347147892140960e+00,-9.791788894851864100e+00
-7.604896788471479825e-03,2.616443885037432526e+00,-9.791063931696738720e+00
-3.100035306645136809e-04,2.615209428855035156e+00,-9.785043127702062193e+00
-3.842561069483722575e-03,2.617787343116242393e+00,-9.803883275695485011e+00
1.414308996592646139e-02,2.618543381481907240e+00,-9.793651308935370281e+00
7.066018562525533397e-03,2.612833357647111221e+00,-9.801594013133746230e+00
-7.031142485297845954e-03,2.616912933833700272e+00,-9.795365396186342721e+00
2.993739278657544991e-03,2.618862131862059517e+00,-9.794366756999329127e+00
-4.670368878920181689e-03,2.621385518046917884e+00,-9.807461353200123355e+00
8.323615930718810535e-03,2.611947811390857854e+00,-9.797733389990010977e+00
1.361938097425887924e-04,2.622049907381427403e+00,-9.787119290657759763e+00
4.923905780468909241e-03,2.625901724617280664e+00,-9.792368557990794642e+00
7.445953803979483629e-03,2.626676340724009684e+00,-9.795642424222558375e+00
9.407514966124555858e-03,2.627622135856968466e+00,-9.786014910268958644e+00
-3.778506165685851376e-03,2.614539400038075279e+00,-9.802914766868703111e+00
3.502939198426199136e-03,2.618233471276839808e+00,-9.804147947455341239e+00
-2.236958529269454264e-04,2.613185664039370248e+00,-9.788393950516129038e+00
7.718927302795091511e-03,2.617838906834620172e+00,-9.799389797882854580e+00
3.607254262173088203e-03,2.622645186757000424e+00,-9.792514400867798230e+00
-3.665050911915875270e-03,2.620650652854842999e+00,-9.795287096496306134e+00
-1.883352418968391043e-03,2.627962244775493783e+00,-9.803507454142943445e+00
6.809276300560817077e-03,2.617456723350680470e+00,-9.789378661219616973e+00
-2.053771297209349821e-03,2.612835292438173251e+00,-9.800032227895776771e+00
2.118753672116262948e-03,2.606038106849455360e+00,-9.802783403346381874e+00
-6.162730174050874352e-03,2.614608826105532913e+00,-9.796345308017786024e+00
7.056945681931038779e-03,2.616036103574802318e+00,-9.801013600302185935e+00
3.026068115155889412e-03,2.623151588347551577e+00,-9.779190692140330654e+00
6.687644148620710757e-03,2.616533806176732924e+00,-9.786091739846057180e+00
-7.732679168901225586e-03,2.623017168924230536e+00,-9.796513345567030129e+00
-6.476084705924946977e-03,2.618528677294619467e+00,-9.802944575020109852e+00
5.694452358619212472e-03,2.617592127074757080e+00,-9.811103163534625082e+00
3.854795595726967592e-03,2.618101356950524927e+00,-9.795126145798501938e+00
-9.531796989333485293e-03,2.614884900470644702e+00,-9.787502983194229955e+00
-4.414124847828826415e-03,2.625798429788167798e+00,-9.790031823312743242e+00
-4.255705543510072270e-03,2.627254070778157757e+00,-9.797708392245235487e+00
-1.979197899461753157e-03,2.621208037636794774e+00,-9.813768721597599054e+00
-6.715057977941730170e-03,2.627828797678642303e+00,-9.789745637552773161e+00
-3.661286666706079808e-03,2.618053073027746258e+00,-9.793403044433272697e+00
4.183583863882829254e-03,2.618400980628359243e+00,-9.797015887995261352e+00
3.397535230583408408e-03,2.626197131451187605e+00,-9.799855612006400207e+00
5.943899151354088218e-04,2.619726875834597291e+00,-9.801307488848689076e+00
-2.636753914000997210e-03,2.622503622793764588e+00,-9.793969630639100643e+00
3.851507840469927703e-03,2.611737986740721773e+00,-9.807655208797102731e+00
5.840117840903087318e-03,2.616411940925344570e+00,-9.780527795818576564e+00
-3.031020520006961691e-03,2.613936633511648289e+00,-9.797102814524711434e+00
5.148168931925651941e-03,2.614406116361419397e+00,-9.797436006941550701e+00
-6.271319247155938102e-03,2.613104581283713923e+00,-9.788904958166716241e+00
-2.080417851339649588e-04,2.612609014784840422e+00,-9.790769481683865294e+00
2.032059621009088459e-03,2.619260384483286241e+00,-9.792986152921974607e+00
7.501384021872315420e-03,2.622079451250645121e+00,-9.791302347253118654e+00
-2.351046990268838583e-03,2.621629099396865392e+00,-9.786079534754685838e+00
-4.576990498375167055e-03,2.613866073842264104e+00,-9.796425460951537545e+00
4.918295568458012045e-03,2.607642590427245111e+00,-9.796886964712557599e+00
5.513842085838948498e-03,2.611374115183408673e+00,-9.788121146334413325e+00
-2.644127265900548564e-03,2.617274377168623989e+00,-9.805377486376293916e+00
4.819244947837141545e-03,2.621489629569960123e+00,-9.800167409134392216e+00
9.433074729361420711e-04,2.617391909727460941e+00,-9.799883525038678656e+00
7.944430363843313705e-03,2.617401926325294781e+00,-9.804112681670673624e+00
-4.051802475762025443e-03,2.614685720008844250e+00,-9.788688132936368191e+00
3.853474500077078667e-03,2.625873918976758148e+00,-9.791299706259925628e+00
2.383860038435778664e-03,2.619011389486492369e+00,-9.803550360634085692e+00
1.141688546995410850e-03,2.615385730385958674e+00,-9.790838583496352499e+00
4.512961455967283257e-03,2.614081792776130619e+00,-9.801100873248110190e+00
8.378298993597167493e-05,2.623488836789831247e+00,-9.786887499285198189e+00
1.846926139246750451e-03,2.616898002254050226e+00,-9.809921829906640411e+00
-1.587554638129561047e-03,2.626622642496288851e+00,-9.806481217935751005e+00
3.054075342246781542e-03,2.621587816220643852e+00,-9.798251573266830050e+00
-1.922639163717744949e-03,2.628103654866531969e+00,-9.805526480178871296e+00
1.102424061446405108e-03,2.623004044850007155e+00,-9.805659402814157488e+00
2.887649881327637984e-03,2.623900844145544475e+00,-9.808246216219547620e+00
-2.933563668432382070e-03,2.620261890134828242e+00,-9.797568638162353238e+00
1.980171004900044968e-03,2.612632729030668344e+00,-9.808162309623345010e+00
1.583098598757217215e-02,2.622351473111514064e+00,-9.796978146103455742e+00
6.137881987065312711e-03,2.617931315013739990e+00,-9.794244312790503670e+00
-2.747537136863899970e-03,2.621719293679575014e+00,-9.799747741628443976e+00
8.289223177171626405e-03,2.612026568733378795e+00,-9.795807090537211437e+00
6.357525758684439213e-04,2.613716087945973321e+00,-9.774490806655135700e+00
2.519764119558376512e-03,2.622029078669645408e+00,-9.794440789765307187e+00
-6.365459384510702319e-03,2.617948974056532485e+00,-9.812266984851893525e+00
-5.785799259504719252e-03,2.614981669102685480e+00,-9.786968362783335706e+00
-2.018547396304300884e-03,2.608137110717077434e+00,-9.802069345575157300e+00
-2.094520120581718544e-03,2.628401897867523651e+00,-9.794636006565227149e+00
-9.115296854403381541e-03,2.619390330027163927e+00,-9.793236491360037377e+00
1.273649056757262046e-03,2.618282201724864144e+00,-9.788039498033271002e+00
-9.380499878040645875e-03,2.618212665949632978e+00,-9.785429828274541109e+00
5.568261155012591869e-03,2.610761959113810260e+00,-9.793077380101646412e+00
-3.047994016248195982e-03,2.606510558581035308e+00,-9.786565536755270855e+00
-4.715506807071646010e-03,2.606475312109303388e+00,-9.805993275729383285e+00
-3.025154269690633491e-03,2.615668282863627958e+00,-9.792531524658334874e+00
2.473425342597964337e-03,2.620782112146059273e+00,-9.789394772243880993e+00
-1.196819294170600560e-02,2.612216950754759903e+00,-9.799367358648515491e+00
1.317079366625252589e-03,2.617887907090691080e+00,-9.790007161483741172e+00
-4.263424232928986896e-03,2.617855879213910608e+00,-9.786872921682206794e+00
-1.003656805042252645e-02,2.617827320159871185e+00,-9.789519549566305656e+00
6.714467063558852630e-03,2.612158254416467429e+00,-9.786746393702244973e+00
3.902838034846510280e-03,2.612352030659673474e+00,-9.793450250680296065e+00
-5.335095053777633156e-03,2.614079834060686558e+00,-9.803088855002934920e+00
2.112018151936889514e-03,2.624763823031297960e+00,-9.806737229206328621e+00
1.132034767793140559e-03,2.626693416856980878e+00,-9.787992214764011933e+00
1.084032637315870615e-03,2.618832594830467819e+00,-9.796723007195380362e+00
8.804994045680070852e-03,2.617333433058231851e+00,-9.785315403039763993e+00
6.627761155931591666e-03,2.619184953202793764e+00,-9.802531464080285417e+00
-3.179473763114889790e-03,2.611311696263387994e+00,-9.778967329787413121e+00
1.565466389699665282e-03,2.627694231345536036e+00,-9.800895510148249556e+00
-4.060853912958126317e-03,2.613457208980117574e+00,-9.791513654332218763e+00
4.410447714091758446e-03,2.615116115201899571e+00,-9.789089826780516645e+00
9.713550682685598639e-03,2.617100124694116126e+00,-9.783092210330645244e+00
3.186012665447116900e-03,2.614859880645902912e+00,-9.795847585964038373e+00
-3.742485277244284644e-03,2.620434248471378513e+00,-9.788582237941968245e+00
-2.753436986172505801e-03,2.609208834443978109e+00,-9.801084441135454739e+00
-1.234137716059800598e-03,2.614980237515406980e+00,-9.798212544272484337e+00
-1.808348258622607951e-02,2.620805499407065753e+00,-9.803075643682175766e+00
-2.540045728932689706e-03,2.614779241388455855e+00,-9.788673498876708123e+00
8.729062086976872858e-03,2.620158745122040056e+00,-9.782034623926577410e+00
5.185701671249717294e-03,2.617035978301757826e+00,-9.805335432819624941e+00
1.150274197838802720e-02,2.620178391531132078e+00,-9.783820442080264357e+00
-6.926269410743922036e-03,2.629641913217792393e+00,-9.796671028157643235e+00
-4.776273825384866507e-03,2.618711444261961230e+00,-9.798777754280164842e+00
6.676341168888098518e-03,2.613754904834959980e+00,-9.788072231399560508e+00
-7.826384883133316941e-03,2.620115279997512925e+00,-9.781935771559172821e+00
-5.170731563537088113e-03,2.615026226516378394e+00,-9.791331593760588703e+00
5.396318358200098697e-03,2.621888604199780204e+00,-9.802579283471862581e+00
-5.245128123958215163e-03,2.616989372213528675e+00,-9.785057536839490311e+00
-1.238132512861989977e-02,2.618991258130967115e+00,-9.804693747273210747e+00
-1.765342534906954707e-03,2.612591772521475342e+00,-9.785254352477414486e+00
-2.962109614239955002e-03,2.617814058969856195e+00,-9.795669511596736712e+00
2.101700031261791949e-03,2.620437835879039223e+00,-9.799063362937758370e+00
-2.253927348727412044e-04,2.618263863476848030e+00,-9.803980420702005816e+00
1.167958556164524998e-03,2.612814761701633071e+00,-9.795072904803923564e+00
-3.838331570520352263e-03,2.619070859145204988e+00,-9.795444862516285767e+00
4.753216554502628054e-03,2.623571994847460509e+00,-9.786726028239217001e+00
4.953419477398171913e-03,2.620188026825612138e+00,-9.802350904613595262e+00
9.755194735788941945e-03,2.621335958526915810e+00,-9.802013131515826316e+00
-3.324638421867752523e-03,2.613202446630827236e+00,-9.786972043759334383e+00
6.509503067912023044e-03,2.614492214553792326e+00,-9.781064254160435567e+00
-8.893583958778294649e-04,2.622171325297096178e+00,-9.800989235746245143e+00
-4.142069420836262499e-03,2.617032980058304314e+00,-9.787146177408660108e+00
4.435391416997028387e-03,2.615190885623146055e+00,-9.787599678800059877e+00
-2.530178822940075574e-03,2.609321572650592724e+00,-9.798023426832534355e+00
-2.390804904040794761e-03,2.617116462698085844e+00,-9.793267624919980818e+00
2.791934133319650714e-03,2.619908686679369492e+00,-9.802230646131635083e+00
-5.915607368262589504e-03,2.611486797906014345e+00,-9.792096516008010454e+00
3.920161600559914430e-03,2.621964840619535053e+00,-9.812815224073553111e+00
8.324801816796078419e-03,2.618597865056111917e+00,-9.798651760827681301e+00
2.040537498320709603e-03,2.625003219440065205e+00,-9.789684626621008690e+00
-2.991018292916355469e-04,2.621016298400542066e+00,-9.806138422702790791e+00
-3.172516480224713952e-03,2.625554953739035913e+00,-9.789299871479006043e+00
1.696293181594398783e-03,2.613855652211813485e+00,-9.796075354640821686e+00
2.344666543522428044e-03,2.622691261100539961e+00,-9.797739473477140137e+00
4.752076343780477219e-03,2.614881992940383260e+00,-9.791130527864702060e+00
5.425923337326965328e-05,2.620676284312341675e+00,-9.798359083353343379e+00
-4.767059551955331841e-03,2.616378214491986931e+00,-9.798945795252157254e+00
-1.041245940107547903e-02,2.613826395495843169e+00,-9.787669178063893582e+00
-1.878188035653531379e-03,2.625402893674301463e+00,-9.814818369261447017e+00
4.599243567444497895e-03,2.621723656471610209e+00,-9.801762797491434753e+00
5.356932626553609356e-03,2.619160705347107321e+00,-9.792695069384553364e+00
-3.457141819852919008e-03,2.618454572593570617e+00,-9.808638149593507549e+00
4.273410934812039790e-04,2.621244696683720843e+00,-9.806814776043946580e+00
2.832737936294130437e-03,2.615758311100507161e+00,-9.795426138897983748e+00
-2.334802917110587991e-05,2.616032773890974106e+00,-9.794724714347124106e+00
4.110525476190266328e-03,2.619088219255526262e+00,-9.795554735922504364e+00
-5.773961179548025083e-03,2.614925550739144899e+00,-9.782348938363218949e+00
3.350580624349701851e-03,2.619603931322632473e+00,-9.792866233960857869e+00
1.646596228483597447e-03,2.626906740943819152e+00,-9.806100804610478505e+00
-3.042935513809048344e-03,2.622720048469484588e+00,-9.788703933874783658e+00
8.636625844778310010e-03,2.617905627476849517e+00,-9.799253648720245735e+00
-2.751739327100476812e-04,2.624521433326487685e+00,-9.794726110789088835e+00
-3.115257866581052758e-03,2.616524367375533178e+00,-9.798728887672224275e+00
-5.156338959320188285e-03,2.618533765137204039e+00,-9.796893190933051443e+00
5.596726715067343663e-03,2.622416060510857072e+00,-9.801309443086436701e+00
-1.799542915722855295e-03,2.614594887786105826e+00,-9.805546421991655492e+00
3.081481102521842642e-03,2.613713497106003647e+00,-9.804212469002816732e+00
1.392499306827127241e-03,2.625779289525304261e+00,-9.783838779462607604e+00
1.441677069588667877e-03,2.617532330935919305e+00,-9.803114206241355433e+00
-1.030485784639699129e-02,2.617372039851131760e+00,-9.790085270666471828e+00
1.066688178621051988e-02,2.611763251228656380e+00,-9.807269183098012988e+00
-4.154330382151241556e-03,2.620633514624509441e+00,-9.790994737866018482e+00
-5.657632964125157427e-03,2.623574675794574151e+00,-9.792919310542494316e+00
-1.089746514206487230e-03,2.619073931940298916e+00,-9.792094725227551422e+00
6.519104702412491410e-03,2.617627474023468626e+00,-9.782782140098683854e+00
6.645687241658656576e-03,2.622233396689719775e+00,-9.797065363509620539e+00
2.396540050050429468e-03,2.619680827555108671e+00,-9.793065141333766377e+00
-3.558063594406947472e-03,2.616285570737774790e+00,-9.789971592214104845e+00
-1.204896586523485601e-02,2.609326599772805899e+00,-9.789153368740036498e+00
7.865753808396216355e-04,2.622814405821746853e+00,-9.802184279137961198e+00
-8.218432411232419119e-03,2.622331290607992749e+00,-9.796468295700572426e+00
-3.694332068023705850e-03,2.607133714528243384e+00,-9.803744745243156089e+00
-1.953983555444060820e-03,2.619096937024198102e+00,-9.798666945654447957e+00
4.499493542813375220e-03,2.620347130928401214e+00,-9.789646957223510526e+00
-2.383400234071965623e-04,2.620312152501413028e+00,-9.788298970949167455e+00
-3.924568653053920643e-03,2.618146055064962674e+00,-9.794052208392281855e+00
-1.830634265949049929e-03,2.610076881740093224e+00,-9.794737997453200506e+00
5.143374543506556637e-03,2.624321370145855425e+00,-9.796356002232903037e+00
5.314766792060692273e-04,2.626823465943217695e+00,-9.807232248054505774e+00
3.643983364381645461e-03,2.623930544060520287e+00,-9.787912887026003261e+00
-1.057668869293409497e-03,2.616936420087790705e+00,-9.793008042612960651e+00
-7.044429762473094700e-03,2.611062983889673728e+00,-9.796180397947740204e+00
6.183502279228757746e-03,2.614060052942881018e+00,-9.801594504927972906e+00
9.698755985348024838e-04,2.617460181775664640e+00,-9.799943405888686954e+00
-1.142091014648403090e-02,2.624636488835971448e+00,-9.790804862640969830e+00
-3.207867923827891453e-03,2.616703697008264662e+00,-9.784375714197892648e+00
1.191477873276347967e-03,2.611666869800609359e+00,-9.791663394923011410e+00
-1.718500148872790807e-03,2.612383279022923332e+00,-9.805743378525434650e+00
1.016427047682495624e-03,2.616150956415908446e+00,-9.790630553983788786e+00
-5.068150582355018807e-03,2.619593144579785982e+00,-9.788318367964969013e+00
-6.021805066019773715e-03,2.621074009888584300e+00,-9.800719764637396025e+00
1.198120902215647028e-03,2.622970260989470503e+00,-9.804883873472462597e+00
8.711625318854802555e-03,2.620893315655359768e+00,-9.799426750493800853e+00
1.517014209090446035e-03,2.619356620817212988e+00,-9.794843547905177417e+00
-1.635250631333024039e-03,2.621137539198223898e+00,-9.784873638608903690e+00
3.175988364589098310e-03,2.620283136450791250e+00,-9.792484369257936194e+00
-6.944754358157759558e-03,2.614878179759473120e+00,-9.783490315248148050e+00
-6.056763590174514891e-03,2.627009612292381835e+00,-9.787779738748193736e+00
4.906129263048440194e-03,2.615645926662247600e+00,-9.807623257841768805e+00
1.124788114467423043e-02,2.618468107739056805e+00,-9.789669906679263178e+00
5.419915706468542496e-03,2.622661723019311886e+00,-9.796400850963033591e+00
8.125341469849364394e-04,2.622693271661506120e+00,-9.796635376595478562e+00
4.159292147210967572e-03,2.617102076878561778e+00,-9.796538537156544990e+00
1.395313950632116233e-03,2.623713279773544738e+00,-9.786319793003480427e+00
-1.778191325311736896e-03,2.612998987243228655e+00,-9.799848700410102253e+00
-2.091306868126321938e-03,2.617015978963404876e+00,-9.792884940813880945e+00
-6.596864380979742572e-03,2.620852773929048141e+00,-9.811066892418747187e+00
-3.765774101556544368e-03,2.616649777508126107e+00,-9.800926533005949182e+00
6.670131840467898553e-03,2.620918067631580417e+00,-9.794972337755574188e+00
-4.392670359209358976e-04,2.615432788036814671e+00,-9.783485855039119272e+00
3.716585913409925068e-03,2.615403336828077130e+00,-9.784993503329609155e+00
6.647635386815422404e-03,2.621155407060911546e+00,-9.801114056399196528e+00
7.060441115795797196e-03,2.615780400586723342e+00,-9.797300598854189246e+00
-9.381438658743653783e-04,2.632395075735974643e+00,-9.789907413640454692e+00
-1.479011895909529417e-03,2.614582556940607816e+00,-9.791682974931918082e+00
2.844932958148308844e-04,2.609583719000056590e+00,-9.788843197687851827e+00
2.273938907716331007e-03,2.624767352834454393e+00,-9.794483171026968193e+00
7.020135649257544259e-04,2.608465755866065106e+00,-9.801514338231408274e+00
8.976771830143158784e-04,2.619692224993937835e+00,-9.796759534234372069e+00
4.145548054790847842e-03,2.618027099047035122e+00,-9.798966606831941206e+00
2.956704486286817774e-03,2.611923250300488775e+00,-9.802695001273376008e+00
-1.922109218849931203e-03,2.613584669081653988e+00,-9.793436398960563949e+00
2.341218581743844014e-03,2.615437773895358919e+00,-9.801661966690172534e+00
7.314835741011118352e-03,2.619344653334896744e+00,-9.794244388038366722e+00
6.903940084927273450e-03,2.616224231355862351e+00,-9.800553645190587915e+00
5.334507445694552930e-03,2.625785681563868490e+00,-9.807594695842865917e+00
-4.428132300441792527e-03,2.619236557156829459e+00,-9.797451636061031977e+00
3.444242893871238016e-03,2.616609947982010631e+00,-9.781244142364084126e+00
2.840809167488345371e-03,2.620672366033153011e+00,-9.804840302882237069e+00
5.008303950348247553e-03,2.623358896449568878e+00,-9.791735039277860153e+00
-1.843154868707419644e-03,2.616471645217894881e+00,-9.790131284432797898e+00
-1.009685898999687116e-02,2.615578748922942065e+00,-9.791051324630434038e+00
3.845627370104630870e-03,2.628750732603796880e+00,-9.783729763724613449e+00
-4.272465974382663343e-04,2.618756027058517954e+00,-9.777380464059646670e+00
-3.507703451868618189e-04,2.618321521271962382e+00,-9.804259693261476727e+00
-1.270722618307173861e-03,2.614718740793626317e+00,-9.808591453181744413e+00
5.104440562223902002e-03,2.622368312180881844e+00,-9.793126785844522786e+00
2.010483508838905881e-03,2.619896273758171912e+00,-9.786403825318664929e+00
-6.946362243970797970e-04,2.624211956906266074e+00,-9.786978539086382156e+00
-1.144503319936467610e-02,2.618186930185635752e+00,-9.805320539915728162e+00
2.859523450074668606e-03,2.613596753427016584e+00,-9.806054593305404410e+00
-5.031041778452179439e-03,2.612567790256205669e+00,-9.799819440660453296e+00
8.937522375809615893e-03,2.611365553535922146e+00,-9.807777311484588978e+00
7.083763795424542938e-03,2.610840567002183477e+00,-9.807177215083612509e+00
-7.393704660961003886e-03,2.614154385607721842e+00,-9.791318666074587895e+00
-1.222493526245038882e-02,2.614941821240890807e+00,-9.789515435148976152e+00
-1.048408017808139317e-02,2.612404101098517728e+00,-9.806033430912062698e+00
-2.794927703058684623e-03,2.621416375911735930e+00,-9.796042895070240064e+00
-1.158718327988955861e-03,2.614877960880308994e+00,-9.803053565019615334e+00
6.166696011688888729e-03,2.619086829441343411e+00,-9.794782926558227132e+00
-2.732083173769778682e-03,2.608738721952364337e+00,-9.794808399616737660e+00
-3.855770273063896915e-04,2.621090794834386450e+00,-9.796031630558083236e+00
-1.320439901066848163e-03,2.613440749290539156e+00,-9.790884325499341401e+00
7.187448221099103363e-03,2.610640321704895239e+00,-9.792627327338326637e+00
-4.416894879130668639e-03,2.620522439752784205e+00,-9.789009839634632115e+00
3.852817195764175078e-04,2.613781191241062896e+00,-9.801157283452296198e+00
2.417195955862113440e-03,2.619462690881935618e+00,-9.798456459125393536e+00
-7.443069064428088589e-04,2.623704948901283807e+00,-9.787701592251453420e+00
5.416535157825753000e-04,2.620660901418723654e+00,-9.805487964925475808e+00
-1.121325074439160491e-02,2.619643825121548364e+00,-9.788061106598421546e+00
6.553359377891411009e-04,2.619183754312012891e+00,-9.799926636531523627e+00
-4.642731590708023388e-04,2.615409557417418984e+00,-9.799252849204378890e+00
3.509627206644973241e-03,2.611433164471924417e+00,-9.783125433250484448e+00
-1.940819283459352873e-03,2.609681994918358949e+00,-9.799171289791422268e+00
8.481493745299863163e-03,2.617838235061266339e+00,-9.797314370791797344e+00
8.660859156331910877e-03,2.615424444141065230e+00,-9.787045528925860438e+00
-5.538769592761002419e-03,2.620738777355750670e+00,-9.804282606307063830e+00
-8.256492351425013046e-03,2.607561418081770555e+00,-9.795846031503055329e+00
-2.365364985163272149e-03,2.358174474544905141e+00,-9.801542128410128285e+00
-6.710218762592107082e-03,2.125671691509856576e+00,-9.795734088198294387e+00
3.752447191511127170e-03,1.901314855330710207e+00,-9.780470504855287572e+00
-4.281350984351777779e-03,1.721643809304439277e+00,-9.790899283270956488e+00
-5.496145009860280151e-03,1.548518698590997555e+00,-9.791860729612714920e+00
6.087079618875182452e-03,1.394824921832977793e+00,-9.792871917371851254e+00
1.340317296659288655e-03,1.252849339931555228e+00,-9.796531290440860573e+00
6.773553413421168692e-03,1.132379223363080056e+00,-9.800540540678598589e+00
-2.410925657124528797e-03,1.011752391124351114e+00,-9.791481215714782138e+00
-7.723576289203517263e-03,9.104896945493941018e-01,-9.808993745143553156e+00
-1.051278607755122205e-02,8.206607732604997985e-01,-9.795663077790617734e+00
-2.536566441998028103e-03,7.309281329199335264e-01,-9.799549814723373942e+00
-4.489585701398378544e-03,6.643586207144994704e-01,-9.814515949597824473e+00
3.307021973158045841e-04,6.129705128983284901e-01,-9.775229306748393299e+00
1.041056300480580144e-03,5.361702185897397888e-01,-9.800789002839522368e+00
-3.477719748103370694e-03,4.866261360906366518e-01,-9.789488998650719864e+00
2.489713503538120223e-03,4.321205582524783595e-01,-9.797391293508681542e+00
3.215316731061683593e-04,3.931145365087814758e-01,-9.791052681081266584e+00
-6.323477825637255703e-03,3.566831332546364641e-01,-9.800700750541025741e+00
2.710426886984368920e-03,3.278259589161886534e-01,-9.787770352415716246e+00
4.472629780816046036e-03,2.850977480938066688e-01,-9.792078916425923651e+00
4.294359858167442687e-03,2.663322933422267447e-01,-9.799450495614674850e+00
-5.254531346469533404e-03,2.273715157580545598e-01,-9.797024179186177406e+00
-4.714783156781991204e-03,1.954477669216185265e-01,-9.788217908672470102e+00
5.824345462329879111e-03,1.836947980567033845e-01,-9.791321985370334602e+00
-1.953143536409980736e-03,1.577670445707609892e-01,-9.793214390970522487e+00
4.578519100910644068e-03,1.400476222316576758e-01,-9.793434476295537650e+00
6.755280690684294705e-04,1.311687974581466076e-01,-9.792334657811014864e+00
-4.757483661878918711e-03,1.328577671035987284e-01,-9.804608441076835490e+00
-3.870459013195332119e-03,1.188877724365557803e-01,-9.802775064412706740e+00
-4.543901074793180693e-03,1.012565544785744287e-01,-9.795140048629789931e+00
-9.039615956094159549e-03,8.254829396722912493e-02,-9.805552965939721588e+00
-1.671949449762971706e-03,7.523166631693571638e-02,-9.808704978602518665e+00
4.734833770867146081e-03,7.337647352805171108e-02,-9.791495608906515713e+00
-2.468777852097839677e-04,6.079047312755996024e-02,-9.784728099229244691e+00
4.390419005019954510e-03,5.522344916202565068e-02,-9.798816512297445769e+00
-4.287906107436927593e-03,6.073838787224624530e-02,-9.786738161226391952e+00
3.716083546922161005e-03,4.313991453158969730e-02,-9.785640238852808537e+00
4.072923175784967306e-03,4.244361356731959217e-02,-9.795809546788184718e+00
1.270045087034161373e-03,4.377740664913114255e-02,-9.806139895680981766e+00
5.367371736486014656e-03,2.941009658025882725e-02,-9.783878888378886529e+00
5.483530811766271738e-03,2.593189030935458272e-02,-9.796265457486940775e+00
-5.834166910055854464e-03,2.908427591855319502e-02,-9.796392216247992835e+00
-7.705440010693911067e-03,2.403421897265211118e-02,-9.786939828361568061e+00
-5.539466959589148427e-03,1.876260141459916431e-02,-9.799719333137131727e+00
-3.301863040285658423e-03,2.231412892097111439e-02,-9.796287930813932121e+00
3.759499702815851871e-03,2.962837480564663867e-02,-9.794400450408522474e+00
-3.503538628442268762e-03,2.369272540513247746e-02,-9.788330049139233324e+00
9.496202052000054031e-04,2.153380446801523435e-02,-9.775372355007704073e+00
2.285751142168351673e-03,6.207606817521948636e-03,-9.793709348073727838e+00
6.583617702353517301e-03,1.317178723906051868e-02,-9.778707093136491224e+00
1.100873022115388556e-03,9.506594460743875499e-03,-9.784995780541303034e+00
-1.078818044433209333e-03,1.055892832091614997e-02,-9.792317429636787196e+00
5.607180927244670822e-04,9.533046470284529950e-03,-9.795204547620929958e+00
-2.003628827559781906e-03,3.441177703054026579e-03,-9.804973777992989525e+00
-5.916728245158999009e-04,1.485871262378839729e-02,-9.796066921259784621e+00
-5.117491195478642008e-03,1.428735075192744466e-02,-9.787855221213600743e+00
7.536622335445856838e-04,9.322466479491876498e-03,-9.799645388209142993e+00
-8.626620022706888227e-03,2.671018690156993017e-04,-9.790413105238224389e+00
-3.268746135314535509e-03,6.437970310479938091e-04,-9.789935985930057427e+00
-1.632410520032808940e-02,5.471541990900493507e-03,-9.790046758110445779e+00
4.766990015869073880e-03,6.577886661176278460e-03,-9.809083841791823133e+00
-4.727938790181068253e-03,1.789236550882974909e-03,-9.794695252161504939e+00
-5.586140820900713580e-03,2.572702213388381245e-03,-9.786575732982942810e+00
6.334020345247300468e-03,6.985937164695654039e-03,-9.802174851197179350e+00
-5.596210449920157020e-04,8.613160050745825858e-03,-9.794042385647562909e+00
4.685755088803476832e-04,2.437042760679832866e-03,-9.791865623253409368e+00
1.870369528785055004e-03,3.687036540138994602e-03,-9.805045198889187574e+00
2.627130015971720564e-03,4.645221828517843467e-03,-9.782910176119884227e+00
3.178237141379446767e-03,-4.771939650000153743e-03,-9.790933439953212414e+00
-5.314687624516949670e-03,5.647762483070993544e-03,-9.800323840819809007e+00
-7.565025352981376294e-03,-1.350171219896362891e-03,-9.794723030794809659e+00
4.971871159626558602e-03,4.613725261018256432e-03,-9.799359195448237969e+00
-3.568144785836927738e-03,5.587656473728353727e-04,-9.798521387168856123e+00
-3.194816694192298759e-03,-6.824147304379936212e-04,-9.806162982600087119e+00
1.165059519330729435e-03,-2.233962222571402208e-03,-9.790589319541430413e+00
7.156688173680546966e-03,2.406699489478519340e-03,-9.792204007741618810e+00
-5.690760150203556626e-03,4.594218148869519749e-03,-9.778918672065451290e+00
-4.144827598653914001e-03,1.989679477112065407e-03,-9.799873141112062314e+00
-4.130452114296510359e-03,6.127307667206456556e-04,-9.782487451783294929e+00
-5.223461980004410511e-03,1.039572140809968959e-02,-9.804658949677277135e+00
-3.443958161730580753e-03,-4.100163157343113783e-03,-9.780673710804522969e+00
4.542920549294526301e-03,8.052540524587084234e-04,-9.783935085562566414e+00
-1.421385050380011197e-03,-3.276936222391184719e-03,-9.802169694643650288e+00
-2.103742432144477563e-04,1.398621827274405946e-03,-9.797943569872224145e+00
-3.495318276728485475e-03,-3.410732599404624546e-03,-9.797033992644394118e+00
-4.740821576403151001e-03,-4.038120875994674445e-03,-9.778926539749861035e+00
-1.511497668093927937e-03,4.150224742329124486e-03,-9.799122658862170709e+00
-1.253894411746884520e-02,2.631196947762203062e-04,-9.792693830115718256e+00
-2.266435505922713520e-04,-8.772953431428590120e-04,-9.790457421381736580e+00
-7.436129512321928460e-03,-3.109564515343105854e-03,-9.804556340798272984e+00
-2.879413428382754988e-03,1.199354008530854974e-03,-9.797894332587320676e+00
-3.226362778750080460e-03,1.088886049323854917e-02,-9.797190719684701676e+00
-5.748527692492787959e-04,-6.637737133418850945e-03,-9.783381407718907852e+00
5.282306871452552115e-03,3.821732253730172283e-03,-9.785711267577857697e+00
1.581405315365303670e-04,3.424055100428752838e-04,-9.778208160740232913e+00
6.865885096853017316e-03,-4.176305113265880130e-03,-9.782890359123742385e+00
-5.456459494514655229e-03,-7.355649220245573643e-04,-9.782228135820954407e+00
-4.922202054133589626e-03,2.221171782627193170e-03,-9.791288331572504333e+00
2.855400335747986396e-03,1.134394784538875905e-02,-9.793580373514870985e+00
1.079015093890475807e-04,8.196571357626056958e-04,-9.771822219551559385e+00
-4.502392655854976257e-03,-4.478192458368758511e-03,-9.792938415309469846e+00
4.107789717090216779e-03,-8.499144909352902041e-05,-9.790530042480630968e+00
6.101447445075152375e-03,1.000686113962144091e-04,-9.804941903174707818e+00
3.520834579622613824e-03,3.997046658047572138e-04,-9.795859145667364487e+00
2.358388198772854404e-03,6.897498096783703618e-03,-9.791010714160345074e+00
4.134232336295863282e-04,-3.537340434896340223e-03,-9.796181018241252758e+00
1.067781629101592503e-03,-6.648720725705352472e-04,-9.815556127869925263e+00
7.473842808415565031e-03,-6.519843195108671833e-04,-9.791630974022263345e+00
-2.500594924632342127e-03,-7.374087374033428885e-03,-9.789083485420791320e+00
-2.016298533331689277e-03,-4.420038809335152981e-03,-9.779881623696009996e+00
-3.314508694661464066e-03,-1.032106393493836816e-02,-9.782426737601342737e+00
1.025784246913000099e-03,3.892754933809673256e-03,-9.796035184896759063e+00
-8.191553974882519185e-03,3.042551470286522942e-03,-9.807963025577603133e+00
-3.114229562360789055e-03,1.272241529344816068e-02,-9.796095899642773830e+00
1.390273030758097834e-02,2.322849585661965199e-03,-9.803410420111079659e+00
-1.932840420822641179e-03,-1.931122748380443297e-03,-9.798352336331518586e+00
-2.183098328007013113e-03,-3.203732971516760203e-03,-9.796957620513138565e+00
2.256500700773022769e-03,-2.067675295606838642e-03,-9.808696021161656731e+00
-2.933186128086501861e-03,-4.593341451403553342e-03,-9.795377921014331690e+00
-9.026111416208138123e-04,4.057341292213367985e-03,-9.792261668389917517e+00
2.259857297871186149e-03,8.821507052296152784e-03,-9.792036650296161326e+00
1.177102601152413188e-03,5.368533131940023129e-03,-9.792644304253416365e+00
-6.178488326138265908e-03,-2.914848194858869757e-04,-9.799169207316344554e+00
-1.807525517809361508e-03,6.085194997315951544e-04,-9.799647933789698229e+00
-6.244149119041930013e-03,-2.282570837795368495e-03,-9.790458300575787476e+00
3.666023592928609447e-03,6.125226983321794107e-04,-9.800591003970369641e+00
5.801227437824794594e-03,2.946582500794955959e-03,-9.802643447312435754e+00
-2.490391989586322827e-03,1.810533893728006553e-03,-9.808331692781088407e+00
-3.299346594783759880e-03,1.560002494630655231e-03,-9.792954934246758114e+00
-1.983357920782674328e-03,-4.597524852313870924e-03,-9.790127163566328505e+00
8.218805387390417522e-03,-1.888670186196998637e-03,-9.789218746458320908e+00
1.547798611290793994e-03,-2.438515785728617193e-03,-9.797008524017403630e+00
-4.877907244150489659e-03,3.811951648134667952e-03,-9.792767365695679516e+00
-6.583381539939181602e-04,-6.642343869099800145e-03,-9.800860666870791604e+00
2.508934158711070318e-03,1.005261947521910105e-04,-9.776442773800152253e+00
1.786821968313338435e-03,-1.141116073638116443e-02,-9.791725908563819303e+00
-8.272840122720373848e-03,5.913572515242467367e-03,-9.803842437529779019e+00
-1.260950955213737800e-03,-4.514180573847712853e-03,-9.793038977998483219e+00
-3.713507526707214741e-03,3.725422538125180202e-03,-9.788292461263770505e+00
7.812094400308487209e-03,1.937017352793579152e-03,-9.796828345466659371e+00
3.503030373577444012e-03,1.803819235068935146e-03,-9.796544767635673168e+00
1.879054985468799240e-03,-1.734577953890423197e-03,-9.790079318557728172e+00
1.280734756462632937e-03,-1.844304557995046171e-03,-9.788655104708041677e+00
8.060022385272074246e-04,4.850538132106933624e-03,-9.790883532495643138e+00
-6.014629553182028465e-03,3.866740078573872256e-03,-9.793649449699175946e+00
-5.696998277600791305e-04,-5.121792000982504454e-05,-9.783720432180180282e+00
-6.256840179091730653e-03,2.946725227211506853e-03,-9.781141073891021165e+00
3.768997407303190366e-03,-4.226907349113791007e-05,-9.814201218000102145e+00
2.379321460124937334e-04,6.353778292108839968e-04,-9.789241017922744703e+00
-5.787935743281298400e-04,-2.536637012500680619e-03,-9.783563030536734928e+00
-1.500736203986814850e-02,-6.655087301796315871e-04,-9.793362833616880536e+00
-5.932187876487284017e-03,-5.892496442502089329e-03,-9.809045102091562995e+00
8.718572448101617398e-03,6.802021952980572168e-03,-9.797746459280459064e+00
-4.670252357605327899e-03,3.841624680104032633e-03,-9.780492216983702747e+00
7.076367487016726500e-03,-8.061695254795174558e-05,-9.795243166748178965e+00
-6.592081925146139887e-03,-8.609759140733599936e-03,-9.789745523304343777e+00
9.708940790554685188e-03,-6.960663962814637659e-03,-9.803109259854110746e+00
-2.775927051330921366e-03,2.382703108656555446e-03,-9.798704386406759781e+00
3.521694238114359194e-04,-2.232403567718799263e-04,-9.790154535311078376e+00
3.059147366627568056e-03,2.563474620613440461e-03,-9.796653502979101091e+00
-2.886701838363982166e-03,5.816641198197805389e-03,-9.791184187571840170e+00
-6.040105578731663760e-03,-3.258047841801098906e-03,-9.796193639979657419e+00
-1.476665693791759338e-03,-4.942420376325933409e-03,-9.776796656759005444e+00
1.214807561699982790e-03,-4.606146015933677319e-03,-9.789829931394841367e+00
-2.972716673967476259e-03,7.427047389787428885e-03,-9.787635917103807870e+00
-9.038908034927876575e-03,1.941416717092495038e-03,-9.792139533789038452e+00
-3.078581833450086663e-03,-2.173284448106082341e-03,-9.796292276701622725e+00
-9.207228624034318604e-03,-2.086838820969929773e-03,-9.791601931500595768e+00
-3.158838250231962505e-03,2.647582826621273921e-03,-9.796527585751928058e+00
-3.000427182629503923e-03,-2.767215453063948290e-03,-9.797252263040300946e+00
-5.884787906415335848e-03,9.094482706276486167e-03,-9.796397354208918884e+00
-2.413695902274794365e-03,-2.758050046949145264e-03,-9.802418994586691525e+00
-8.836592962465241938e-03,-1.359625130567644613e-02,-9.795658879314789402e+00
3.504496075665645364e-03,-1.234491140626853278e-02,-9.785378497639644735e+00
5.426540950760838644e-03,-4.966215480156755237e-04,-9.796122923758806778e+00
-1.198774426043038022e-02,1.153268660504657567e-02,-9.798142149636776210e+00
-2.111633536894063842e-03,6.496715875906305081e-03,-9.789934613949379028e+00
-1.460691760370974156e-03,-2.660025239641740803e-03,-9.775128845354815965e+00
-2.250528762199823125e-03,6.589304616900784834e-04,-9.788955894842457539e+00
-7.227436414145826417e-03,-9.727556496690143925e-03,-9.792895547403402290e+00
4.152737220692739352e-03,-3.370139812022438300e-03,-9.789129810912172047e+00
-1.651035527541460735e-03,-4.655271325503669046e-03,-9.817504297173273997e+00
8.954420055124699121e-04,-4.310958311060922830e-03,-9.796926217822850447e+00
-1.823242307897971533e-03,-3.689649484564885753e-03,-9.801612088349719087e+00
1.650141715581785818e-03,-1.804557410819386792e-03,-9.790868583245083911e+00
-4.889548382391527802e-04,-4.032971760384801777e-03,-9.785850075530916570e+00
-1.715967140290512814e-03,3.076787711047394673e-03,-9.795852914609101347e+00
1.585242423561077649e-03,7.099258121654040792e-03,-9.789982161407520422e+00
9.177871454039501081e-03,2.828072192876787076e-03,-9.791979972611381200e+00
5.575639468045737006e-03,-1.191766868395211822e-02,-9.800799770382905507e+00
2.195872117917787268e-03,7.290918175154651598e-03,-9.793001599746675723e+00
-9.484232434119931401e-03,5.720810328939519504e-03,-9.792466853274754968e+00
-3.643491137537408116e-03,1.169115729036119969e-03,-9.785038952349662367e+00
1.306474840708509279e-03,-3.854512497647186089e-03,-9.784935303548840224e+00
-6.428734163601347064e-03,-2.277431178202746730e-04,-9.796807509872301978e+00
-9.575457925920590092e-04,-7.170403933552380038e-03,-9.790273268817038854e+00
-1.261221443359575702e-03,-3.953109640746002053e-03,-9.791837585122024734e+00
-1.697528428486998068e-04,-1.875460540236782193e-03,-9.792495897806118066e+00
-1.008784577360203293e-02,-1.369119617609989865e-03,-9.787700625858732906e+00
-3.319139660867648396e-03,-2.320332540333913500e-03,-9.810370732489806400e+00
-3.281886680835317729e-03,1.081408446696955315e-02,-9.784648488622082141e+00
-3.755702916316026261e-05,3.087023222993118265e-03,-9.789150838765198870e+00
-2.324021126794688797e-03,-5.092040430092583878e-03,-9.796070440305170379e+00
-1.490080363213355623e-03,1.165476655998266050e-03,-9.805637940837378608e+00
-4.236828128558940178e-03,-3.167038086152481040e-03,-9.794618038200839649e+00
7.231450962893883928e-03,4.477556102241309218e-04,-9.787143525409396361e+00
-1.510985489418310195e-03,-3.138047456749288059e-04,-9.795132703622430270e+00
2.127318892635754813e-03,2.289796828387362804e-03,-9.789514511912187800e+00
-4.770342156765607772e-03,3.315884924432291412e-03,-9.792261334275512041e+00
-2.455562485630391912e-03,3.656445374412843098e-03,-9.799560622919946340e+00
1.289874654878872583e-03,2.652906559725966978e-03,-9.798790740111440911e+00
-6.873978382815487415e-04,-1.299749664392602132e-03,-9.807909018902458698e+00
-1.059084358257739687e-02,4.592367750758784110e-03,-9.803393131851775522e+00
-7.830173398453833897e-04,8.426795023382773961e-03,-9.788583985476776661e+00
-3.636635057761314436e-03,-2.854652585140322538e-03,-9.796882212498251974e+00
-1.181606755203358158e-02,-7.221072677997526432e-03,-9.799963619633262013e+00
5.473113667304834590e-03,9.214567880104308556e-04,-9.796053249217013814e+00
-5.444131937078206321e-03,-2.811743492805657621e-03,-9.789341128166126893e+00
-4.582319124402933763e-03,6.821883197700249341e-03,-9.793122067150319410e+00
7.846062871065651034e-03,-3.345491833356181721e-03,-9.792107852023494985e+00
5.429766802005397871e-05,7.835240072355174196e-03,-9.791574004633101680e+00
3.814344821847281963e-03,-6.383133583079991444e-03,-9.798853626223003488e+00
-2.778941754799804740e-03,5.466961111859017924e-03,-9.804528352184640028e+00
6.551773011046921509e-03,-5.603502180189861084e-03,-9.800478766474004289e+00
-9.743134417824192428e-03,8.109171116107591294e-04,-9.808850823285403919e+00
-4.063169521511010096e-04,9.167700457949352899e-03,-9.806620728888484351e+00
-1.908331466170995992e-03,5.671215522892723328e-04,-9.799184396616624326e+00
-1.383716150624825008e-03,6.646062416791394256e-03,-9.779027323746788625e+00
3.310339612275623898e-04,-3.487457289050990405e-03,-9.795470113377898969e+00
5.158817884098792876e-03,-4.928867771862636277e-03,-9.791647978009981657e+00
-6.057501865747881228e-04,-5.322764710682869119e-03,-9.799680962926069938e+00
-2.120865684784637947e-04,-2.498741663058905811e-04,-9.797766134717040387e+00
4.780778382315639501e-03,2.630999980929484526e-03,-9.796721406008245481e+00
3.333259701418910242e-03,1.280636320126158799e-03,-9.790976825042712051e+00
-6.256360145994354282e-04,-1.414612058434957815e-03,-9.797529305680752643e+00
-1.177131233428954822e-02,-2.346795631419909892e-03,-9.803350189007007387e+00
1.109722925948097849e-02,6.817616164219711047e-03,-9.786722679963192562e+00
-1.285130724906305942e-02,3.446273810235100064e-03,-9.796035655334589975e+00
-6.146268824975246840e-03,-1.574132279933037910e-03,-9.796603323677077313e+00
-5.804497898667681545e-04,-1.794653831529824731e-02,-9.790772173854954019e+00
2.245006991231375103e-03,-1.193350041001989921e-03,-9.801287448008464409e+00
1.515360149903005908e-03,-2.473177770307598104e-03,-9.796455188718523388e+00
-3.398716965008463740e-03,-7.666937599780894626e-03,-9.803260399962747229e+00
-6.090280521284780098e-03,-4.814900163556634811e-03,-9.778211320455213240e+00
1.738275644292877576e-03,-4.959683151409887553e-03,-9.799016066953196713e+00
-2.282699004639474148e-03,2.234597226160736031e-03,-9.790275681097256211e+00
2.310820210027598933e-03,2.977485792046182748e-03,-9.804222753384289391e+00
-3.047981619438048986e-03,-9.243020327715782691e-03,-9.801267144363364991e+00
1.059939782012497660e-02,4.659324227817061501e-03,-9.798288661567939428e+00
6.705154789105182301e-04,1.263443451580965275e-03,-9.796013121314000927e+00
1.434371612023054021e-03,3.969574684831706987e-03,-9.786116551136133879e+00
9.416902633073313822e-03,-5.350500205156380820e-03,-9.799102615055687693e+00
6.168951951392339685e-03,5.661061139820258888e-03,-9.779629959061454159e+00
4.078245765872233128e-03,8.160007548146597928e-03,-9.781039873645479332e+00
4.511931670263283518e-03,-4.040247225511514259e-03,-9.787881101783856508e+00
4.448148545150984109e-03,1.906857427427736951e-03,-9.789916385109762587e+00
-1.687830818054339953e-03,9.797618025449185419e-04,-9.792904364913113113e+00
1.090636850720735213e-02,4.180542714974766656e-03,-9.794571245000543769e+00
-1.869395999943357432e-04,3.676369438968827077e-03,-9.791327925152936373e+00
-1.829480161430727808e-03,-6.366842519853787349e-04,-9.791314492335706277e+00
6.834353524612687102e-03,-3.208889837275723939e-03,-9.785433387772522806e+00
-7.693831961772379770e-04,2.151984955817618644e-03,-9.795749540583404524e+00
-3.876202653316351138e-03,1.162529223502319596e-02,-9.787182416760533243e+00
-1.942164196305700124e-03,4.294868124901571153e-03,-9.790059140026434292e+00
-6.308767164877306100e-03,2.189309731548827118e-03,-9.795456698718547628e+00
5.007368735933497191e-03,5.946825127852866516e-03,-9.799013506739093771e+00
7.473526020873253947e-03,-6.190543185858310253e-03,-9.798554626801475820e+00
-3.071352620868055385e-04,-5.046976133372372067e-03,-9.794089694570576654e+00
-2.411952705124313298e-03,-6.720587036577673271e-03,-9.797995744614649283e+00
3.781843756597175980e-03,-4.895725088817721483e-03,-9.800958402898718447e+00
1.331949505473984307e-03,6.309399948136506196e-03,-9.796912755407445772e+00
-5.216023550627914979e-03,-1.727936306878769803e-03,-9.788822375904294049e+00
1.756052893457373323e-03,5.267037004583080030e-03,-9.795291601509200419e+00
7.378600152462264083e-03,5.641293578419564331e-03,-9.803617491575394638e+00
-3.587300703087372040e-03,-2.087396800819680143e-03,-9.795740174501057496e+00
2.128743892142265226e-03,-1.514449360770720116e-03,-9.791230810568881893e+00
-5.718433755244201576e-03,-3.381941996326821680e-03,-9.785221464256691704e+00
2.064277970272881350e-03,-5.988752353718432330e-04,-9.797962337366257657e+00
-3.574939022536381683e-03,1.095878302745274813e-02,-9.786933010301286373e+00
3.610460591752308844e-03,6.821113129875416153e-03,-9.789464313911812710e+00
5.120269422198115220e-03,-1.447052464907328667e-03,-9.794898226176867340e+00
-1.955077692559340115e-03,-4.708098927380664420e-03,-9.813343380494462309e+00
-1.029889484456013261e-03,8.004880541713498303e-04,-9.798166650121304500e+00
-8.578710767059734982e-03,-4.514748715381045920e-03,-9.788286897212550741e+00
-6.910214158912009229e-04,2.014403020951195753e-03,-9.808974413267369741e+00
-9.966372383181243064e-03,2.089873396201580129e-03,-9.808377431983982930e+00
-6.284844512194219697e-03,4.136242825506411536e-03,-9.796789472032781276e+00
-1.522981788384861809e-03,4.056242557139812417e-03,-9.797080992953116407e+00
7.210879605972424916e-03,-1.060835085524301259e-02,-9.786892340871533591e+00
5.709663016233446249e-03,2.248230156108420828e-03,-9.794991628917594895e+00
-3.513409518524555648e-03,-2.908536444947433693e-03,-9.808764049633929005e+00
4.496066448561137838e-03,-3.608689324038065471e-03,-9.801038518261020016e+00
-4.437863506410250763e-03,1.858088282276128397e-03,-9.795708387565145614e+00
-6.769141864892710622e-03,-7.060311858316010818e-03,-9.795388516740450413e+00
-7.675730262020252249e-03,-5.728189452105019071e-03,-9.798920258740299261e+00
5.732509455044314077e-03,9.278511955977054165e-03,-9.787557938943596270e+00
2.138630817105953517e-03,-6.106940145312198844e-03,-9.808621757254996965e+00
3.438735958847664951e-03,-1.792099617922522301e-03,-9.799145277227051309e+00
-6.704996123245080117e-04,-1.421432877091598386e-03,-9.793937897545497151e+00
