pos_x (m),pos_y (m),pos_z (m)
-2.707459276231147349e+06,4.688701052007361315e+06,3.360102297215144616e+06
-2.707459205520469230e+06,4.688700981296683662e+06,3.360102297215144616e+06
-2.707459134809678886e+06,4.688700910585718229e+06,3.360102297216249164e+06
-2.707459064099732321e+06,4.688700839874560945e+06,3.360102297216166742e+06
-2.707458993389678188e+06,4.688700769163159654e+06,3.360102297215880360e+06
-2.707458922679045238e+06,4.688700698451397009e+06,3.360102297215760686e+06
-2.707458851967949886e+06,4.688700627738973126e+06,3.360102297215451021e+06
-2.707458781257963274e+06,4.688700557025984861e+06,3.360102297216036357e+06
-2.707458710548104253e+06,4.688700486312954687e+06,3.360102297215439845e+06
-2.707458639837963972e+06,4.688700415600064211e+06,3.360102297215031926e+06
-2.707458569127898198e+06,4.688700344886925071e+06,3.360102297214196529e+06
-2.707458498417928815e+06,4.688700274174010381e+06,3.360102297212419100e+06
-2.707458427707279567e+06,4.688700203460620716e+06,3.360102297210800461e+06
-2.707458356996864080e+06,4.688700132746616378e+06,3.360102297208506148e+06
-2.707458286286301911e+06,4.688700062032282352e+06,3.360102297207274009e+06
-2.707458215575476177e+06,4.688699991318182088e+06,3.360102297205756418e+06
-2.707458144864334259e+06,4.688699920604217798e+06,3.360102297205175273e+06
-2.707458074152818415e+06,4.688699849889943376e+06,3.360102297205002978e+06
-2.707458003442005720e+06,4.688699779175923206e+06,3.360102297204597387e+06
-2.707457932730433065e+06,4.688699708462278359e+06,3.360102297204334754e+06
-2.707457862018448301e+06,4.688699637748659588e+06,3.360102297204536851e+06
-2.707457791306500789e+06,4.688699567035029642e+06,3.360102297205820680e+06
-2.707457720594309736e+06,4.688699496321628802e+06,3.360102297206959687e+06
-2.707457649881808087e+06,4.688699425608430989e+06,3.360102297208466567e+06
-2.707457579168736469e+06,4.688699354894190095e+06,3.360102297208256554e+06
-2.707457508455010597e+06,4.688699284179572016e+06,3.360102297209282871e+06
-2.707457437742019072e+06,4.688699213465921581e+06,3.360102297210317105e+06
-2.707457367029384244e+06,4.688699142752073705e+06,3.360102297211271245e+06
-2.707457296316676773e+06,4.688699072037893347e+06,3.360102297211873345e+06
-2.707457225604118779e+06,4.688699001323172823e+06,3.360102297211598605e+06
-2.707457154890286736e+06,4.688698930608999915e+06,3.360102297210793011e+06
-2.707457084176338278e+06,4.688698859894901514e+06,3.360102297209424432e+06
-2.707457013462486211e+06,4.688698789180534892e+06,3.360102297207519412e+06
-2.707456942748516798e+06,4.688698718465921469e+06,3.360102297204837203e+06
-2.707456872034542728e+06,4.688698647750863805e+06,3.360102297202207148e+06
-2.707456801321307197e+06,4.688698577035678551e+06,3.360102297199462540e+06
-2.707456730608026497e+06,4.688698506320257671e+06,3.360102297197564039e+06
-2.707456659894461278e+06,4.688698435605200008e+06,3.360102297195806168e+06
-2.707456589180927258e+06,4.688698364890171215e+06,3.360102297193368897e+06
-2.707456518467491493e+06,4.688698294175064191e+06,3.360102297191200778e+06
-2.707456447754499037e+06,4.688698223459153436e+06,3.360102297187066637e+06
-2.707456377040547784e+06,4.688698152743409388e+06,3.360102297181241214e+06
-2.707456306327078957e+06,4.688698082027630880e+06,3.360102297175676096e+06
-2.707456235613375437e+06,4.688698011311979964e+06,3.360102297169861849e+06
-2.707456164899852127e+06,4.688697940596487373e+06,3.360102297164204996e+06
-2.707456094186399598e+06,4.688697869879652746e+06,3.360102297158711124e+06
-2.707456023472854402e+06,4.688697799162517302e+06,3.360102297153226100e+06
-2.707455952760670800e+06,4.688697728445813991e+06,3.360102297146744560e+06
-2.707455882048025727e+06,4.688697657728717662e+06,3.360102297140186653e+06
-2.707455811334725004e+06,4.688697587010951713e+06,3.360102297133639455e+06
-2.707455740621131379e+06,4.688697516292990185e+06,3.360102297126728110e+06
-2.707455669907161500e+06,4.688697445575251244e+06,3.360102297119894531e+06
-2.707455599193854723e+06,4.688697374857462943e+06,3.360102297112825792e+06
-2.707455528481293935e+06,4.688697304140309803e+06,3.360102297104479279e+06
-2.707455457768073771e+06,4.688697233423507772e+06,3.360102297095836140e+06
-2.707455387054916937e+06,4.688697162706650794e+06,3.360102297085767612e+06
-2.707455316341951955e+06,4.688697091989492998e+06,3.360102297075948678e+06
-2.707455245628916658e+06,4.688697021271846257e+06,3.360102297065463848e+06
-2.707455174916060176e+06,4.688696950554014184e+06,3.360102297054460272e+06
-2.707455104204320814e+06,4.688696879835898988e+06,3.360102297042763792e+06
-2.707455033492004499e+06,4.688696809117723256e+06,3.360102297031136695e+06
-2.707454962778762449e+06,4.688696738399630412e+06,3.360102297019447200e+06
-2.707454892065002583e+06,4.688696667681920342e+06,3.360102297008594964e+06
-2.707454821350943297e+06,4.688696596963805147e+06,3.360102296996999532e+06
-2.707454750637089368e+06,4.688696526245750487e+06,3.360102296986227389e+06
-2.707454679923284799e+06,4.688696455528570339e+06,3.360102296975998674e+06
-2.707454609209659044e+06,4.688696384812417440e+06,3.360102296966442838e+06
-2.707454538495839573e+06,4.688696314095919952e+06,3.360102296956405044e+06
-2.707454467781307176e+06,4.688696243379150517e+06,3.360102296946976800e+06
-2.707454397066327743e+06,4.688696172662680969e+06,3.360102296936782543e+06
-2.707454326350987423e+06,4.688696101946195588e+06,3.360102296925471630e+06
-2.707454255635765381e+06,4.688696031228416599e+06,3.360102296913468745e+06
-2.707454184919849969e+06,4.688695960510538891e+06,3.360102296901766211e+06
-2.707454114204154816e+06,4.688695889792803675e+06,3.360102296889946796e+06
-2.707454043489296455e+06,4.688695819075018167e+06,3.360102296880450565e+06
-2.707453972774957307e+06,4.688695748357220553e+06,3.360102296871731058e+06
-2.707453902061058208e+06,4.688695677640005015e+06,3.360102296863300726e+06
-2.707453831346617080e+06,4.688695606922741979e+06,3.360102296854761429e+06
-2.707453760631176643e+06,4.688695536206025630e+06,3.360102296846960206e+06
-2.707453689916487318e+06,4.688695465489822440e+06,3.360102296840585303e+06
-2.707453619202991482e+06,4.688695394773383625e+06,3.360102296834676526e+06
-2.707453548490978777e+06,4.688695324057400227e+06,3.360102296827672981e+06
-2.707453477778828703e+06,4.688695253341249190e+06,3.360102296821118798e+06
-2.707453407066701911e+06,4.688695182625055313e+06,3.360102296815189067e+06
-2.707453336354345083e+06,4.688695111908829771e+06,3.360102296810241882e+06
-2.707453265642617829e+06,4.688695041192321107e+06,3.360102296807101928e+06
-2.707453194930148777e+06,4.688694970475018956e+06,3.360102296805101912e+06
-2.707453124217161909e+06,4.688694899756654166e+06,3.360102296803570352e+06
-2.707453053503884934e+06,4.688694829038007185e+06,3.360102296802605037e+06
-2.707452982790768612e+06,4.688694758319152519e+06,3.360102296802140307e+06
-2.707452912077536341e+06,4.688694687600223348e+06,3.360102296803856269e+06
-2.707452841364174150e+06,4.688694616881633177e+06,3.360102296806192957e+06
-2.707452770650780294e+06,4.688694546162416227e+06,3.360102296806886327e+06
-2.707452699938095640e+06,4.688694475442808121e+06,3.360102296806725208e+06
-2.707452629225821234e+06,4.688694404724312015e+06,3.360102296805971768e+06
-2.707452558512798510e+06,4.688694334005084820e+06,3.360102296805616468e+06
-2.707452487798971590e+06,4.688694263285157271e+06,3.360102296806151513e+06
-2.707452417085347231e+06,4.688694192565900274e+06,3.360102296807748731e+06
-2.707452346372057218e+06,4.688694121847129427e+06,3.360102296809428837e+06
-2.707452275659747887e+06,4.688694051127791405e+06,3.360102296812212095e+06
-2.707452204948755447e+06,4.688693980408560485e+06,3.360102296813973691e+06
-2.707452134238316678e+06,4.688693909689336084e+06,3.360102296815848909e+06
-2.707452063509339001e+06,4.688693838988836855e+06,3.360102296818155795e+06
-2.707451992745297961e+06,4.688693768323175609e+06,3.360102296819007490e+06
-2.707451921930791344e+06,4.688693697707357816e+06,3.360102296818808187e+06
-2.707451851052678656e+06,4.688693627155244350e+06,3.360102296818510164e+06
-2.707451780099284369e+06,4.688693556678999215e+06,3.360102296817729715e+06
-2.707451709060276859e+06,4.688693486290568486e+06,3.360102296816602349e+06
-2.707451637925948948e+06,4.688693415999520570e+06,3.360102296814883593e+06
-2.707451566687593702e+06,4.688693345815720037e+06,3.360102296813061461e+06
-2.707451495335767046e+06,4.688693275745596737e+06,3.360102296811372973e+06
-2.707451423863937147e+06,4.688693205796830356e+06,3.360102296809667721e+06
-2.707451352265119553e+06,4.688693135976312682e+06,3.360102296807480045e+06
-2.707451280534933787e+06,4.688693066290166229e+06,3.360102296804068610e+06
-2.707451208669052925e+06,4.688692996743703261e+06,3.360102296802124009e+06
-2.707451136663128156e+06,4.688692927342062816e+06,3.360102296799755655e+06
-2.707451064513586927e+06,4.688692858090749942e+06,3.360102296797033865e+06
-2.707450992216228507e+06,4.688692788993413560e+06,3.360102296794650611e+06
-2.707450919768350199e+06,4.688692720054244623e+06,3.360102296793190762e+06
-2.707450847167181317e+06,4.688692651276187971e+06,3.360102296791089699e+06
-2.707450774411286693e+06,4.688692582662149332e+06,3.360102296789459419e+06
-2.707450701497426257e+06,4.688692514215338975e+06,3.360102296787412371e+06
-2.707450628424298950e+06,4.688692445938451216e+06,3.360102296784545295e+06
-2.707450555190752260e+06,4.688692377834469080e+06,3.360102296782734338e+06
-2.707450481794715393e+06,4.688692309904683381e+06,3.360102296780202538e+06
-2.707450408234830014e+06,4.688692242153098807e+06,3.360102296777925454e+06
-2.707450334510633256e+06,4.688692174580280669e+06,3.360102296775265597e+06
-2.707450260620689020e+06,4.688692107188005000e+06,3.360102296773317736e+06
-2.707450186566049699e+06,4.688692039977862500e+06,3.360102296771435998e+06
-2.707450112345324364e+06,4.688691972952054814e+06,3.360102296769611072e+06
-2.707450037956922315e+06,4.688691906110303476e+06,3.360102296769197099e+06
-2.707449963401553687e+06,4.688691839456262067e+06,3.360102296768818982e+06
-2.707449888678346761e+06,4.688691772989869118e+06,3.360102296769056935e+06
-2.707449813787710387e+06,4.688691706713133492e+06,3.360102296770979650e+06
-2.707449738729320932e+06,4.688691640626790002e+06,3.360102296773181763e+06
-2.707449663503585849e+06,4.688691574731934816e+06,3.360102296775478404e+06
-2.707449588110277429e+06,4.688691509028747678e+06,3.360102296778560150e+06
-2.707449512548547704e+06,4.688691443519214168e+06,3.360102296781740617e+06
-2.707449436819117051e+06,4.688691378203578293e+06,3.360102296785392333e+06
-2.707449360922225285e+06,4.688691313082466833e+06,3.360102296787909232e+06
-2.707449284857289866e+06,4.688691248157659546e+06,3.360102296789236367e+06
-2.707449208625308238e+06,4.688691183429601602e+06,3.360102296790198423e+06
-2.707449132226579823e+06,4.688691118899123743e+06,3.360102296790728811e+06
-2.707449055661439896e+06,4.688691054566553794e+06,3.360102296791368164e+06
-2.707448978929770179e+06,4.688690990432158113e+06,3.360102296794415452e+06
-2.707448902032371145e+06,4.688690926495974883e+06,3.360102296797486022e+06
-2.707448824969395995e+06,4.688690862758676521e+06,3.360102296801613644e+06
-2.707448747740906663e+06,4.688690799221284688e+06,3.360102296805969905e+06
-2.707448670348192565e+06,4.688690735885016620e+06,3.360102296809529420e+06
-2.707448592790188268e+06,4.688690672750247642e+06,3.360102296812836081e+06
-2.707448515068185981e+06,4.688690609817460179e+06,3.360102296815562528e+06
-2.707448437183123082e+06,4.688690547087687999e+06,3.360102296817431692e+06
-2.707448359135767911e+06,4.688690484560586512e+06,3.360102296818461269e+06
-2.707448280925639439e+06,4.688690422237716615e+06,3.360102296819693409e+06
-2.707448202553956304e+06,4.688690360118914396e+06,3.360102296821651049e+06
-2.707448124020601623e+06,4.688690298203699291e+06,3.360102296822284348e+06
-2.707448045325967949e+06,4.688690236493686214e+06,3.360102296823035460e+06
-2.707447966469988227e+06,4.688690174989964813e+06,3.360102296823687386e+06
-2.707447887453702744e+06,4.688690113692307845e+06,3.360102296823654789e+06
-2.707447808278554119e+06,4.688690052601408213e+06,3.360102296821226832e+06
-2.707447728942897171e+06,4.688689991717186756e+06,3.360102296818181872e+06
-2.707447649449103512e+06,4.688689931038942188e+06,3.360102296814824454e+06
-2.707447569797024596e+06,4.688689870569074526e+06,3.360102296811098233e+06
-2.707447489987494424e+06,4.688689810306377709e+06,3.360102296806573868e+06
-2.707447410021226853e+06,4.688689750253078528e+06,3.360102296801506076e+06
-2.707447329898294061e+06,4.688689690409170464e+06,3.360102296795337927e+06
-2.707447249619115144e+06,4.688689630774088204e+06,3.360102296787618659e+06
-2.707447169183770195e+06,4.688689571349259466e+06,3.360102296779614873e+06
-2.707447088593203574e+06,4.688689512134711258e+06,3.360102296771284193e+06
-2.707447007847868372e+06,4.688689453130519949e+06,3.360102296763497870e+06
-2.707446926948552951e+06,4.688689394337697886e+06,3.360102296754716896e+06
-2.707446845896099228e+06,4.688689335757364519e+06,3.360102296745294239e+06
-2.707446764690639917e+06,4.688689277390760370e+06,3.360102296735780779e+06
-2.707446683332535904e+06,4.688689219237066805e+06,3.360102296726203058e+06
-2.707446601822783705e+06,4.688689161296324804e+06,3.360102296716265846e+06
-2.707446520162094384e+06,4.688689103569468483e+06,3.360102296705394983e+06
-2.707446438351593912e+06,4.688689046056981198e+06,3.360102296694172081e+06
-2.707446356391252950e+06,4.688688988758273423e+06,3.360102296683340799e+06
-2.707446274281048682e+06,4.688688931674274616e+06,3.360102296672940254e+06
-2.707446192021491006e+06,4.688688874805908650e+06,3.360102296662288252e+06
-2.707446109613180626e+06,4.688688818153037690e+06,3.360102296650962904e+06
-2.707446027056769934e+06,4.688688761716305278e+06,3.360102296638936270e+06
-2.707445944352799561e+06,4.688688705495085567e+06,3.360102296627663076e+06
-2.707445861502503045e+06,4.688688649489770643e+06,3.360102296617844608e+06
-2.707445778505357448e+06,4.688688593701112084e+06,3.360102296607994474e+06
-2.707445695362598635e+06,4.688688538129676133e+06,3.360102296597583685e+06
-2.707445612075108569e+06,4.688688482776031829e+06,3.360102296588718891e+06
-2.707445528642667457e+06,4.688688427641054615e+06,3.360102296580124181e+06
-2.707445445066316519e+06,4.688688372724469751e+06,3.360102296571069863e+06
-2.707445361347078346e+06,4.688688318027583882e+06,3.360102296561876312e+06
-2.707445277485519182e+06,4.688688263550646603e+06,3.360102296552328859e+06
-2.707445193481891882e+06,4.688688209292726591e+06,3.360102296543060336e+06
-2.707445109337108675e+06,4.688688155253990553e+06,3.360102296533408575e+06
-2.707445025051426608e+06,4.688688101435799152e+06,3.360102296523732133e+06
-2.707444940625472460e+06,4.688688047838169150e+06,3.360102296512378845e+06
-2.707444856060404330e+06,4.688687994461844675e+06,3.360102296501912642e+06
-2.707444771356283221e+06,4.688687941307375208e+06,3.360102296491797548e+06
-2.707444686513580382e+06,4.688687888374498114e+06,3.360102296480513643e+06
-2.707444601531344466e+06,4.688687835663382895e+06,3.360102296468459070e+06
-2.707444516411263961e+06,4.688687783174896613e+06,3.360102296455158852e+06
-2.707444431154686492e+06,4.688687730910077691e+06,3.360102296441916842e+06
-2.707444345762079116e+06,4.688687678869348019e+06,3.360102296428080183e+06
-2.707444260232619941e+06,4.688687627052273601e+06,3.360102296412823722e+06
-2.707444174568153918e+06,4.688687575459937565e+06,3.360102296399246901e+06
-2.707444088769008406e+06,4.688687524092842825e+06,3.360102296385490801e+06
-2.707444002835737076e+06,4.688687472950689495e+06,3.360102296371885110e+06
-2.707443916768452153e+06,4.688687422033578157e+06,3.360102296357464977e+06
-2.707443830568324309e+06,4.688687371342041530e+06,3.360102296343801543e+06
-2.707443744236648083e+06,4.688687320875716396e+06,3.360102296331488993e+06
-2.707443657773290295e+06,4.688687270635044202e+06,3.360102296318934765e+06
-2.707443571178866085e+06,4.688687220620660111e+06,3.360102296305864118e+06
-2.707443484453105833e+06,4.688687170833371580e+06,3.360102296293029096e+06
-2.707443397597959265e+06,4.688687121272893623e+06,3.360102296280081384e+06
-2.707443310614419635e+06,4.688687071939558722e+06,3.360102296268367674e+06
-2.707443223501718603e+06,4.688687022834307514e+06,3.360102296256226953e+06
-2.707443136260641739e+06,4.688686973956733011e+06,3.360102296243228018e+06
-2.707443048890869599e+06,4.688686925307160243e+06,3.360102296231587883e+06
-2.707442961393952370e+06,4.688686876887461171e+06,3.360102296218990814e+06
-2.707442873769258149e+06,4.688686828697687015e+06,3.360102296206968836e+06
-2.707442786018843297e+06,4.688686780737807974e+06,3.360102296195240226e+06
-2.707442698142526206e+06,4.688686733007428236e+06,3.360102296182326507e+06
-2.707442610141798854e+06,4.688686685507833958e+06,3.360102296169260517e+06
-2.707442522017592564e+06,4.688686638238946907e+06,3.360102296155833174e+06
-2.707442433770379983e+06,4.688686591199950315e+06,3.360102296143425629e+06
-2.707442345400843769e+06,4.688686544392320327e+06,3.360102296131005976e+06
-2.707442256909204647e+06,4.688686497816381045e+06,3.360102296116984915e+06
-2.707442168295986019e+06,4.688686451471967623e+06,3.360102296103539877e+06
-2.707442079561690334e+06,4.688686405358925462e+06,3.360102296090357471e+06
-2.707441990706278943e+06,4.688686359479504637e+06,3.360102296077079140e+06
-2.707441901730651967e+06,4.688686313832974061e+06,3.360102296063503250e+06
-2.707441812635937240e+06,4.688686268419386819e+06,3.360102296048869845e+06
-2.707441723423368298e+06,4.688686223238882609e+06,3.360102296035189182e+06
-2.707441634092430584e+06,4.688686178291806951e+06,3.360102296022002120e+06
-2.707441544643713627e+06,4.688686133578476496e+06,3.360102296008684207e+06
-2.707441455078773666e+06,4.688686089099893346e+06,3.360102295995513909e+06
-2.707441365398501977e+06,4.688686044856637716e+06,3.360102295981539413e+06
-2.707441275602676440e+06,4.688686000849314034e+06,3.360102295967902523e+06
-2.707441185691677500e+06,4.688685957076551393e+06,3.360102295954115689e+06
-2.707441095666769892e+06,4.688685913539430127e+06,3.360102295939830132e+06
-2.707441005528107751e+06,4.688685870238135569e+06,3.360102295924859121e+06
-2.707440915276916232e+06,4.688685827174002305e+06,3.360102295911449008e+06
-2.707440824913327117e+06,4.688685784345296212e+06,3.360102295898854267e+06
-2.707440734436755534e+06,4.688685741753405891e+06,3.360102295885180589e+06
-2.707440643848922104e+06,4.688685699397934601e+06,3.360102295871074311e+06
-2.707440553150269203e+06,4.688685657279895619e+06,3.360102295857139397e+06
-2.707440462341642007e+06,4.688685615399027243e+06,3.360102295843521599e+06
-2.707440371423606295e+06,4.688685573756155558e+06,3.360102295830870047e+06
-2.707440280395953450e+06,4.688685532351996750e+06,3.360102295818627346e+06
-2.707440189261098392e+06,4.688685491186997853e+06,3.360102295807552524e+06
-2.707440098018447869e+06,4.688685450260960497e+06,3.360102295796129387e+06
-2.707440006668643560e+06,4.688685409574165009e+06,3.360102295785264578e+06
-2.707439915212552063e+06,4.688685369126737118e+06,3.360102295772600919e+06
-2.707439823649977334e+06,4.688685328918845393e+06,3.360102295759800822e+06
-2.707439731982685626e+06,4.688685288951099850e+06,3.360102295746679418e+06
-2.707439640212125611e+06,4.688685249224236235e+06,3.360102295733185019e+06
-2.707439548338843510e+06,4.688685209737604484e+06,3.360102295719369780e+06
-2.707439456361901946e+06,4.688685170491349883e+06,3.360102295704472344e+06
-2.707439364282737952e+06,4.688685131486156955e+06,3.360102295689130202e+06
-2.707439272102968767e+06,4.688685092722392641e+06,3.360102295673288405e+06
-2.707439179822111502e+06,4.688685054199582897e+06,3.360102295656879432e+06
-2.707439087441156618e+06,4.688685015918700024e+06,3.360102295641344506e+06
-2.707438994960267097e+06,4.688684977878542617e+06,3.360102295626509469e+06
-2.707438902379780542e+06,4.688684940080830827e+06,3.360102295612086542e+06
-2.707438809700450394e+06,4.688684902526252903e+06,3.360102295596830547e+06
-2.707438716922954191e+06,4.688684865214133635e+06,3.360102295581242535e+06
-2.707438624048342463e+06,4.688684828144758008e+06,3.360102295566317625e+06
-2.707438531076997053e+06,4.688684791318675503e+06,3.360102295552096330e+06
-2.707438438009759877e+06,4.688684754735920578e+06,3.360102295538291335e+06
-2.707438344847745262e+06,4.688684718396650627e+06,3.360102295523249079e+06
-2.707438251591017470e+06,4.688684682303194888e+06,3.360102295508358628e+06
-2.707438158240005374e+06,4.688684646454252303e+06,3.360102295493412297e+06
-2.707438064795056824e+06,4.688684610849723220e+06,3.360102295478538144e+06
-2.707437971257186960e+06,4.688684575489355251e+06,3.360102295465015341e+06
-2.707437877627450041e+06,4.688684540373924188e+06,3.360102295451138634e+06
-2.707437783906258177e+06,4.688684505503011867e+06,3.360102295437534340e+06
-2.707437690093970858e+06,4.688684470876716077e+06,3.360102295424453449e+06
-2.707437596189458854e+06,4.688684436495501548e+06,3.360102295410553459e+06
-2.707437502196111251e+06,4.688684402360627428e+06,3.360102295395968482e+06
-2.707437408113187645e+06,4.688684368472224101e+06,3.360102295380807016e+06
-2.707437313942781650e+06,4.688684334829741158e+06,3.360102295367914252e+06
-2.707437219684891403e+06,4.688684301433251239e+06,3.360102295354211703e+06
-2.707437125338880345e+06,4.688684268284128979e+06,3.360102295341394376e+06
-2.707437030906851869e+06,4.688684235382379964e+06,3.360102295328590088e+06
-2.707436936389835551e+06,4.688684202727631666e+06,3.360102295316695236e+06
-2.707436841787840240e+06,4.688684170320385136e+06,3.360102295304971747e+06
-2.707436747101822402e+06,4.688684138160193339e+06,3.360102295292296447e+06
-2.707436652331492398e+06,4.688684106248526834e+06,3.360102295278944075e+06
-2.707436557478374336e+06,4.688684074585494585e+06,3.360102295266383328e+06
-2.707436462542200927e+06,4.688684043170846067e+06,3.360102295255637262e+06
-2.707436367524445523e+06,4.688684012005248107e+06,3.360102295245624147e+06
-2.707436272424582858e+06,4.688683981088777073e+06,3.360102295236515813e+06
-2.707436177244913764e+06,4.688683950421643443e+06,3.360102295227012597e+06
-2.707436081985427532e+06,4.688683920003548265e+06,3.360102295218339190e+06
-2.707435986647335812e+06,4.688683889835909009e+06,3.360102295208547264e+06
-2.707435891230398789e+06,4.688683859917854890e+06,3.360102295200305525e+06
-2.707435795736668166e+06,4.688683830249772407e+06,3.360102295192886144e+06
-2.707435700166210067e+06,4.688683800831962377e+06,3.360102295184369665e+06
-2.707435604519481305e+06,4.688683771663783118e+06,3.360102295175151434e+06
-2.707435508796929382e+06,4.688683742746726610e+06,3.360102295166458469e+06
-2.707435412998825777e+06,4.688683714080216363e+06,3.360102295157205779e+06
-2.707435317126153968e+06,4.688683685665240511e+06,3.360102295148535166e+06
-2.707435221179869026e+06,4.688683657500768080e+06,3.360102295139679685e+06
-2.707435125160681084e+06,4.688683629588199779e+06,3.360102295130718965e+06
-2.707435029069295153e+06,4.688683601928315125e+06,3.360102295121073257e+06
-2.707434932905483060e+06,4.688683574519588612e+06,3.360102295111859683e+06
-2.707434836670379620e+06,4.688683547362512909e+06,3.360102295103384182e+06
-2.707434740364774130e+06,4.688683520457017235e+06,3.360102295093838125e+06
-2.707434643988503609e+06,4.688683493802176788e+06,3.360102295084152371e+06
-2.707434547543936409e+06,4.688683467398276553e+06,3.360102295074655674e+06
-2.707434451029920019e+06,4.688683441247050650e+06,3.360102295065686572e+06
-2.707434354447773192e+06,4.688683415349440649e+06,3.360102295056172181e+06
-2.707434257798526902e+06,4.688683389704528265e+06,3.360102295044959523e+06
-2.707434161082586274e+06,4.688683364313200116e+06,3.360102295033186674e+06
-2.707434064300061669e+06,4.688683339174848981e+06,3.360102295021960977e+06
-2.707433967452278361e+06,4.688683314290461130e+06,3.360102295010233764e+06
-2.707433870538488030e+06,4.688683289659178816e+06,3.360102294999594800e+06
-2.707433773560657166e+06,4.688683265282189474e+06,3.360102294988452923e+06
-2.707433676519608125e+06,4.688683241159402765e+06,3.360102294978369959e+06
-2.707433579415718559e+06,4.688683217291112058e+06,3.360102294968515169e+06
-2.707433482249860186e+06,4.688683193677103147e+06,3.360102294959618244e+06
-2.707433385021938011e+06,4.688683170317638665e+06,3.360102294950033072e+06
-2.707433287733301055e+06,4.688683147213459946e+06,3.360102294939312618e+06
-2.707433190384931862e+06,4.688683124364008196e+06,3.360102294928951189e+06
-2.707433092976968270e+06,4.688683101769229397e+06,3.360102294920498505e+06
-2.707432995510101318e+06,4.688683079430462793e+06,3.360102294911383651e+06
-2.707432897984580602e+06,4.688683057347189635e+06,3.360102294901616406e+06
-2.707432800402595196e+06,4.688683035519372672e+06,3.360102294891608879e+06
-2.707432702763467561e+06,4.688683013947029598e+06,3.360102294881506357e+06
-2.707432605068191886e+06,4.688682992630253546e+06,3.360102294871747494e+06
-2.707432507317906246e+06,4.688682971569229849e+06,3.360102294862175360e+06
-2.707432409512883052e+06,4.688682950764412992e+06,3.360102294851461891e+06
-2.707432311654244084e+06,4.688682930216159672e+06,3.360102294841122814e+06
-2.707432213742228225e+06,4.688682909925177693e+06,3.360102294831979554e+06
-2.707432115777879953e+06,4.688682889891222119e+06,3.360102294822561089e+06
-2.707432017761652358e+06,4.688682870113696903e+06,3.360102294813902117e+06
-2.707431919694312382e+06,4.688682850592513569e+06,3.360102294806038495e+06
-2.707431821576684713e+06,4.688682831327822991e+06,3.360102294798664283e+06
-2.707431723409350961e+06,4.688682812320536003e+06,3.360102294792181347e+06
-2.707431625192558859e+06,4.688682793571229093e+06,3.360102294784734957e+06
-2.707431526926848106e+06,4.688682775079020299e+06,3.360102294777444564e+06
-2.707431428613604512e+06,4.688682756844026968e+06,3.360102294770012610e+06
-2.707431330252622720e+06,4.688682738866569474e+06,3.360102294763294514e+06
-2.707431231845332775e+06,4.688682721146889031e+06,3.360102294757315423e+06
-2.707431133392523043e+06,4.688682703685101122e+06,3.360102294750661589e+06
-2.707431034893706907e+06,4.688682686480766162e+06,3.360102294744274579e+06
-2.707430936350225937e+06,4.688682669533991255e+06,3.360102294738061260e+06
-2.707430837763006799e+06,4.688682652844658121e+06,3.360102294732609298e+06
-2.707430739132392220e+06,4.688682636414079927e+06,3.360102294727629516e+06
-2.707430640459001530e+06,4.688682620241968893e+06,3.360102294723509345e+06
-2.707430541743059177e+06,4.688682604327780195e+06,3.360102294718959369e+06
-2.707430442986059468e+06,4.688682588671627454e+06,3.360102294713757001e+06
-2.707430344188510440e+06,4.688682573273858055e+06,3.360102294707563706e+06
-2.707430245350921061e+06,4.688682558134621009e+06,3.360102294700843282e+06
-2.707430146474819630e+06,4.688682543253680691e+06,3.360102294694280252e+06
-2.707430047560420353e+06,4.688682528632132336e+06,3.360102294687962625e+06
-2.707429948608334176e+06,4.688682514269109815e+06,3.360102294681743253e+06
-2.707429849618220236e+06,4.688682500165680423e+06,3.360102294676746707e+06
-2.707429750591459218e+06,4.688682486321786419e+06,3.360102294672199059e+06
-2.707429651528945658e+06,4.688682472737097181e+06,3.360102294668662827e+06
-2.707429552429561969e+06,4.688682459411671385e+06,3.360102294664777815e+06
-2.707429453296054620e+06,4.688682446346662939e+06,3.360102294660136569e+06
-2.707429354129061569e+06,4.688682433541005477e+06,3.360102294653281104e+06
-2.707429254929331131e+06,4.688682420995329507e+06,3.360102294645328075e+06
-2.707429155697020702e+06,4.688682408709348179e+06,3.360102294638210442e+06
-2.707429056433487218e+06,4.688682396683540195e+06,3.360102294629883952e+06
-2.707428957138568629e+06,4.688682384916806594e+06,3.360102294621647801e+06
-2.707428857814042829e+06,4.688682373411136679e+06,3.360102294614335056e+06
-2.707428758460262790e+06,4.688682362165816128e+06,3.360102294607914984e+06
-2.707428659077112563e+06,4.688682351180317812e+06,3.360102294601260219e+06
-2.707428559666408692e+06,4.688682340455334634e+06,3.360102294594671112e+06
-2.707428460228275973e+06,4.688682329990702681e+06,3.360102294588559307e+06
-2.707428360763367265e+06,4.688682319786504842e+06,3.360102294581978582e+06
-2.707428261271432973e+06,4.688682309842437506e+06,3.360102294575459324e+06
-2.707428161752668675e+06,4.688682300159144215e+06,3.360102294568304438e+06
-2.707428062208985910e+06,4.688682290736338124e+06,3.360102294561705552e+06
-2.707427962640848942e+06,4.688682281574520282e+06,3.360102294555493630e+06
-2.707427863048599102e+06,4.688682272673624568e+06,3.360102294550461695e+06
-2.707427763432892971e+06,4.688682264033826999e+06,3.360102294544909149e+06
-2.707427663795159664e+06,4.688682255654495209e+06,3.360102294538015500e+06
-2.707427564135693479e+06,4.688682247535347007e+06,3.360102294531474821e+06
-2.707427464455381967e+06,4.688682239677246660e+06,3.360102294523858931e+06
-2.707427364755040035e+06,4.688682232080410235e+06,3.360102294515477028e+06
-2.707427265035639517e+06,4.688682224744877778e+06,3.360102294507508632e+06
-2.707427165297752712e+06,4.688682217670653947e+06,3.360102294500272721e+06
-2.707427065541355405e+06,4.688682210857825354e+06,3.360102294492463116e+06
-2.707426965766939800e+06,4.688682204306039028e+06,3.360102294483338483e+06
-2.707426865976879839e+06,4.688682198015090078e+06,3.360102294475154951e+06
-2.707426766171232797e+06,4.688682191985042766e+06,3.360102294466721825e+06
-2.707426666350462474e+06,4.688682186216132715e+06,3.360102294458377641e+06
-2.707426566515285522e+06,4.688682180708525702e+06,3.360102294449673500e+06
-2.707426466666728724e+06,4.688682175462386571e+06,3.360102294439358171e+06
-2.707426366804211866e+06,4.688682170477170497e+06,3.360102294430146459e+06
-2.707426266928996891e+06,4.688682165753688663e+06,3.360102294420902617e+06
-2.707426167041549459e+06,4.688682161291352473e+06,3.360102294412446208e+06
-2.707426067143393215e+06,4.688682157090601511e+06,3.360102294405105989e+06
-2.707425967234334443e+06,4.688682153151248582e+06,3.360102294399531558e+06
-2.707425867314772680e+06,4.688682149473531172e+06,3.360102294393597636e+06
-2.707425767385822721e+06,4.688682146057861857e+06,3.360102294387574308e+06
-2.707425667449156288e+06,4.688682142903518863e+06,3.360102294382132124e+06
-2.707425567505334970e+06,4.688682140010916628e+06,3.360102294377526268e+06
-2.707425467554317787e+06,4.688682137379337102e+06,3.360102294372203294e+06
-2.707425367596753873e+06,4.688682135009553283e+06,3.360102294366996735e+06
-2.707425267632964067e+06,4.688682132901639678e+06,3.360102294361716136e+06
-2.707425167663133238e+06,4.688682131055480801e+06,3.360102294356861152e+06
-2.707425067689563148e+06,4.688682129471282475e+06,3.360102294352845754e+06
-2.707424967711690813e+06,4.688682128148491494e+06,3.360102294349545147e+06
-2.707424867730953731e+06,4.688682127087811008e+06,3.360102294346328825e+06
-2.707424767748835962e+06,4.688682126288366504e+06,3.360102294343417045e+06
-2.707424667764965910e+06,4.688682125750595704e+06,3.360102294339581393e+06
-2.707424567780132871e+06,4.688682125474239700e+06,3.360102294337487314e+06
-2.707424467794915661e+06,4.688682125459528528e+06,3.360102294336543418e+06
-2.707424367810386699e+06,4.688682125706405379e+06,3.360102294337552972e+06
-2.707424267826797441e+06,4.688682126215381548e+06,3.360102294339175802e+06
-2.707424167845613789e+06,4.688682126985252835e+06,3.360102294340902939e+06
-2.707424067866317462e+06,4.688682128016865812e+06,3.360102294343356974e+06
-2.707423967890163418e+06,4.688682129309427924e+06,3.360102294346769340e+06
-2.707423867917621508e+06,4.688682130863582715e+06,3.360102294351406395e+06
-2.707423767949562054e+06,4.688682132679242641e+06,3.360102294356592465e+06
-2.707423667986102402e+06,4.688682134755250998e+06,3.360102294361372478e+06
-2.707423568028419744e+06,4.688682137093219906e+06,3.360102294366454706e+06
-2.707423468078040518e+06,4.688682139692718163e+06,3.360102294371910859e+06
-2.707423368134927470e+06,4.688682142553631216e+06,3.360102294378345367e+06
-2.707423268200122286e+06,4.688682145676185377e+06,3.360102294383874163e+06
-2.707423168272523209e+06,4.688682149060505442e+06,3.360102294389523100e+06
-2.707423068353506271e+06,4.688682152705963701e+06,3.360102294394494966e+06
-2.707422968445186503e+06,4.688682156612894498e+06,3.360102294399414212e+06
-2.707422868547257967e+06,4.688682160781511106e+06,3.360102294404382352e+06
-2.707422768661176320e+06,4.688682165212008171e+06,3.360102294408090878e+06
-2.707422668786283117e+06,4.688682169903473929e+06,3.360102294411513023e+06
-2.707422568924140185e+06,4.688682174856847152e+06,3.360102294415710494e+06
-2.707422469074983615e+06,4.688682180072501302e+06,3.360102294420158025e+06
-2.707422369239252061e+06,4.688682185550481081e+06,3.360102294424524996e+06
-2.707422269417448901e+06,4.688682191290850751e+06,3.360102294429772999e+06
-2.707422169611506630e+06,4.688682197292185389e+06,3.360102294434211683e+06
-2.707422069821406621e+06,4.688682203554848209e+06,3.360102294437715318e+06
-2.707421970048168674e+06,4.688682210078272037e+06,3.360102294441860169e+06
-2.707421870291721076e+06,4.688682216862940229e+06,3.360102294445549138e+06
-2.707421770553187467e+06,4.688682223909261636e+06,3.360102294449470937e+06
-2.707421670833960641e+06,4.688682231216932647e+06,3.360102294453347102e+06
-2.707421571134609170e+06,4.688682238786641508e+06,3.360102294456354808e+06
-2.707421471454860177e+06,4.688682246617353521e+06,3.360102294459906407e+06
-2.707421371796243358e+06,4.688682254708481021e+06,3.360102294462935533e+06
-2.707421272158976179e+06,4.688682263059339486e+06,3.360102294465171173e+06
-2.707421172544635832e+06,4.688682271670660935e+06,3.360102294467258267e+06
-2.707421072952615563e+06,4.688682280542641878e+06,3.360102294468730222e+06
-2.707420973384056706e+06,4.688682289675892331e+06,3.360102294471768662e+06
-2.707420873839223757e+06,4.688682299069728702e+06,3.360102294475683942e+06
-2.707420774320290890e+06,4.688682308724594302e+06,3.360102294479434378e+06
-2.707420674827761948e+06,4.688682318639983423e+06,3.360102294482375961e+06
-2.707420575361103751e+06,4.688682328815852292e+06,3.360102294483691454e+06
-2.707420475921176840e+06,4.688682339252149686e+06,3.360102294484974351e+06
-2.707420376509956550e+06,4.688682349948353134e+06,3.360102294486990664e+06
-2.707420277127735317e+06,4.688682360905524343e+06,3.360102294489486143e+06
-2.707420177775206044e+06,4.688682372123731300e+06,3.360102294491692912e+06
-2.707420078452740796e+06,4.688682383602318354e+06,3.360102294492003974e+06
-2.707419979161562864e+06,4.688682395341804251e+06,3.360102294492820743e+06
-2.707419879901924636e+06,4.688682407341171056e+06,3.360102294493776280e+06
-2.707419780673736241e+06,4.688682419600464404e+06,3.360102294494509231e+06
-2.707419681477864273e+06,4.688682432120372541e+06,3.360102294494737871e+06
-2.707419582315190695e+06,4.688682444900127128e+06,3.360102294494315982e+06
-2.707419483186755795e+06,4.688682457939879969e+06,3.360102294493979309e+06
-2.707419384092452005e+06,4.688682471238560975e+06,3.360102294492359273e+06
-2.707419285032827873e+06,4.688682484796577133e+06,3.360102294492170680e+06
-2.707419186009417288e+06,4.688682498613474891e+06,3.360102294491758104e+06
-2.707419087022085208e+06,4.688682512689304538e+06,3.360102294491083827e+06
-2.707418988072619773e+06,4.688682527023677714e+06,3.360102294491000473e+06
-2.707418889161088970e+06,4.688682541616536677e+06,3.360102294491322711e+06
-2.707418790288039949e+06,4.688682556468468159e+06,3.360102294491827022e+06
-2.707418691453649197e+06,4.688682571579742245e+06,3.360102294492684770e+06
-2.707418592659555841e+06,4.688682586950072087e+06,3.360102294494420756e+06
-2.707418493906531483e+06,4.688682602578545921e+06,3.360102294495999347e+06
-2.707418395194196142e+06,4.688682618464595638e+06,3.360102294497374445e+06
-2.707418296523234341e+06,4.688682634608491324e+06,3.360102294499422889e+06
-2.707418197895213030e+06,4.688682651010571048e+06,3.360102294500418007e+06
-2.707418099310138728e+06,4.688682667671279050e+06,3.360102294500885997e+06
-2.707418000768990722e+06,4.688682684590030462e+06,3.360102294500853866e+06
-2.707417902271758299e+06,4.688682701766829006e+06,3.360102294499898329e+06
-2.707417803820258938e+06,4.688682719201086089e+06,3.360102294499563519e+06
-2.707417705414582044e+06,4.688682736893934198e+06,3.360102294499590993e+06
-2.707417607055425644e+06,4.688682754844545387e+06,3.360102294498754200e+06
-2.707417508743526414e+06,4.688682773052417673e+06,3.360102294498324860e+06
-2.707417410479206126e+06,4.688682791517361067e+06,3.360102294497276656e+06
-2.707417312263747677e+06,4.688682810240101069e+06,3.360102294497034047e+06
-2.707417214097526856e+06,4.688682829219899140e+06,3.360102294495293871e+06
-2.707417115981744137e+06,4.688682848457511514e+06,3.360102294492400251e+06
-2.707417017916525714e+06,4.688682867952400818e+06,3.360102294489176013e+06
-2.707416919903166592e+06,4.688682887704979628e+06,3.360102294484895188e+06
-2.707416821941955481e+06,4.688682907714677043e+06,3.360102294479546603e+06
-2.707416724033406004e+06,4.688682927981488407e+06,3.360102294472873677e+06
-2.707416626178691629e+06,4.688682948504785076e+06,3.360102294465940911e+06
-2.707416528377847746e+06,4.688682969283774495e+06,3.360102294457687065e+06
-2.707416430630397983e+06,4.688682990319557488e+06,3.360102294449231122e+06
-2.707416332937872503e+06,4.688683011611343361e+06,3.360102294440843631e+06
-2.707416235301893204e+06,4.688683033159172162e+06,3.360102294431976508e+06
-2.707416137721858919e+06,4.688683054962190799e+06,3.360102294423024636e+06
-2.707416040199222043e+06,4.688683077020246536e+06,3.360102294416119345e+06
-2.707415942734646611e+06,4.688683099334037863e+06,3.360102294409264810e+06
-2.707415845329572447e+06,4.688683121902810410e+06,3.360102294400677551e+06
-2.707415747984534595e+06,4.688683144726145081e+06,3.360102294392890297e+06
-2.707415650699666236e+06,4.688683167803320102e+06,3.360102294384396169e+06
-2.707415553476103116e+06,4.688683191136145964e+06,3.360102294375937898e+06
-2.707415456314990763e+06,4.688683214723413810e+06,3.360102294367654715e+06
-2.707415359215955716e+06,4.688683238565118052e+06,3.360102294360070489e+06
-2.707415262180691585e+06,4.688683262660831213e+06,3.360102294353445992e+06
-2.707415165208229795e+06,4.688683287010027096e+06,3.360102294347016141e+06
-2.707415068299973384e+06,4.688683311611920595e+06,3.360102294341433793e+06
-2.707414971456747968e+06,4.688683336466300301e+06,3.360102294334757142e+06
-2.707414874679275788e+06,4.688683361573919654e+06,3.360102294328330085e+06
-2.707414777967813425e+06,4.688683386935241520e+06,3.360102294322466478e+06
-2.707414681324195582e+06,4.688683412548896857e+06,3.360102294316169340e+06
-2.707414584747939371e+06,4.688683438415595330e+06,3.360102294310373254e+06
-2.707414488240225706e+06,4.688683464534998871e+06,3.360102294305387419e+06
-2.707414391802260652e+06,4.688683490906762891e+06,3.360102294300943613e+06
-2.707414295432927087e+06,4.688683517530612648e+06,3.360102294297321234e+06
-2.707414199133163318e+06,4.688683544406317174e+06,3.360102294293851126e+06
-2.707414102904556785e+06,4.688683571533602662e+06,3.360102294289567508e+06
-2.707414006747343112e+06,4.688683598913512193e+06,3.360102294284105301e+06
-2.707413910662335809e+06,4.688683626546014100e+06,3.360102294279338326e+06
-2.707413814649973530e+06,4.688683654430172406e+06,3.360102294274396263e+06
-2.707413718710135203e+06,4.688683682565861382e+06,3.360102294270417653e+06
-2.707413622843741439e+06,4.688683710953011177e+06,3.360102294265682343e+06
-2.707413527052157559e+06,4.688683739590396173e+06,3.360102294262547046e+06
-2.707413431336067151e+06,4.688683768479515798e+06,3.360102294258817099e+06
-2.707413335696249269e+06,4.688683797618639655e+06,3.360102294255428948e+06
-2.707413240132606123e+06,4.688683827007978223e+06,3.360102294252626598e+06
-2.707413144645357504e+06,4.688683856647667475e+06,3.360102294251007959e+06
-2.707413049235711806e+06,4.688683886537095532e+06,3.360102294249297120e+06
-2.707412953905160539e+06,4.688683916676386259e+06,3.360102294248222373e+06
-2.707412858653919306e+06,4.688683947064287961e+06,3.360102294246532489e+06
-2.707412763482667506e+06,4.688683977701186202e+06,3.360102294244513381e+06
-2.707412668393831700e+06,4.688684008586902171e+06,3.360102294241678435e+06
-2.707412573386402335e+06,4.688684039721122012e+06,3.360102294239465147e+06
-2.707412478460134473e+06,4.688684071104489267e+06,3.360102294238536619e+06
-2.707412383615895640e+06,4.688684102736387402e+06,3.360102294236561749e+06
-2.707412288853846490e+06,4.688684134617098607e+06,3.360102294235692825e+06
-2.707412194176677614e+06,4.688684166746724397e+06,3.360102294234647416e+06
-2.707412099584474694e+06,4.688684199124069884e+06,3.360102294233212247e+06
-2.707412005076631904e+06,4.688684231748810969e+06,3.360102294232455548e+06
-2.707411910655371845e+06,4.688684264620830305e+06,3.360102294232985470e+06
-2.707411816320918500e+06,4.688684297739508562e+06,3.360102294233862311e+06
-2.707411722073146608e+06,4.688684331105618738e+06,3.360102294233961497e+06
-2.707411627913535107e+06,4.688684364718136378e+06,3.360102294235039968e+06
-2.707411533843474928e+06,4.688684398576767184e+06,3.360102294235132635e+06
-2.707411439862382598e+06,4.688684432681039907e+06,3.360102294236183632e+06
-2.707411345971198287e+06,4.688684467031168751e+06,3.360102294237151276e+06
-2.707411252170180436e+06,4.688684501627336256e+06,3.360102294237695169e+06
-2.707411158460123930e+06,4.688684536469026469e+06,3.360102294237326365e+06
-2.707411064841349144e+06,4.688684571555530652e+06,3.360102294236932881e+06
-2.707410971315187868e+06,4.688684606887019239e+06,3.360102294236478861e+06
-2.707410877881623339e+06,4.688684642463968135e+06,3.360102294236832298e+06
-2.707410784541162197e+06,4.688684678285825998e+06,3.360102294236431830e+06
-2.707410691294027492e+06,4.688684714352631941e+06,3.360102294235310517e+06
-2.707410598141775467e+06,4.688684750662916340e+06,3.360102294234974310e+06
-2.707410505084177479e+06,4.688684787216908298e+06,3.360102294236013666e+06
-2.707410412122842856e+06,4.688684824014798738e+06,3.360102294236435555e+06
-2.707410319258534815e+06,4.688684861055736430e+06,3.360102294237625785e+06
-2.707410226491024252e+06,4.688684898339620791e+06,3.360102294239540119e+06
-2.707410133821370080e+06,4.688684935865379870e+06,3.360102294241132680e+06
-2.707410041250478476e+06,4.688684973633482121e+06,3.360102294242877979e+06
-2.707409948778611142e+06,4.688685011644124985e+06,3.360102294243880082e+06
-2.707409856406887062e+06,4.688685049895942211e+06,3.360102294245154131e+06
-2.707409764135436621e+06,4.688685088390006684e+06,3.360102294244626071e+06
-2.707409671964354813e+06,4.688685127125916071e+06,3.360102294243711978e+06
-2.707409579895093571e+06,4.688685166103745811e+06,3.360102294243306387e+06
-2.707409487928344402e+06,4.688685205322771333e+06,3.360102294241764583e+06
-2.707409396065180190e+06,4.688685244783030823e+06,3.360102294240770862e+06
-2.707409304305317346e+06,4.688685284483380616e+06,3.360102294239649549e+06
-2.707409212649670430e+06,4.688685324424381368e+06,3.360102294238232076e+06
-2.707409121098324656e+06,4.688685364605148323e+06,3.360102294237180147e+06
-2.707409029652568512e+06,4.688685405025738291e+06,3.360102294235768728e+06
-2.707408938313292339e+06,4.688685445685290731e+06,3.360102294233940076e+06
-2.707408847081525717e+06,4.688685486583068036e+06,3.360102294232822023e+06
-2.707408755957596935e+06,4.688685527720202692e+06,3.360102294229702558e+06
-2.707408664941393770e+06,4.688685569096332416e+06,3.360102294225885067e+06
-2.707408574033366516e+06,4.688685610710967332e+06,3.360102294222274795e+06
-2.707408483234895859e+06,4.688685652563382871e+06,3.360102294217274059e+06
-2.707408392546379473e+06,4.688685694653701968e+06,3.360102294211065397e+06
-2.707408301967986859e+06,4.688685736981237307e+06,3.360102294204785954e+06
-2.707408211500604171e+06,4.688685779545594938e+06,3.360102294198503252e+06
-2.707408121144601144e+06,4.688685822346941568e+06,3.360102294192135334e+06
-2.707408030901316553e+06,4.688685865384183824e+06,3.360102294187003281e+06
-2.707407940770728979e+06,4.688685908657842316e+06,3.360102294182052836e+06
-2.707407850753916427e+06,4.688685952168215066e+06,3.360102294175961986e+06
-2.707407760851739440e+06,4.688685995914422907e+06,3.360102294170470443e+06
-2.707407671063557267e+06,4.688686039896236733e+06,3.360102294164522085e+06
-2.707407581391065847e+06,4.688686084113547578e+06,3.360102294158565812e+06
-2.707407491834771354e+06,4.688686128565219231e+06,3.360102294152202550e+06
-2.707407402395553887e+06,4.688686173251027241e+06,3.360102294145613443e+06
-2.707407313073244411e+06,4.688686218171490356e+06,3.360102294138356112e+06
-2.707407223868762609e+06,4.688686263325270265e+06,3.360102294130007271e+06
-2.707407134782242123e+06,4.688686308712202124e+06,3.360102294120700564e+06
-2.707407045814997982e+06,4.688686354332959279e+06,3.360102294112470001e+06
-2.707406956967256498e+06,4.688686400186496787e+06,3.360102294103387743e+06
-2.707406868240665644e+06,4.688686446271955967e+06,3.360102294094759971e+06
-2.707406779633724131e+06,4.688686492589492351e+06,3.360102294084868859e+06
-2.707406691148754675e+06,4.688686539138891734e+06,3.360102294075342361e+06
-2.707406602786630392e+06,4.688686585920023732e+06,3.360102294065987226e+06
-2.707406514547340106e+06,4.688686632932376117e+06,3.360102294056883547e+06
-2.707406426430748776e+06,4.688686680175853893e+06,3.360102294048962183e+06
-2.707406338437670842e+06,4.688686727650553919e+06,3.360102294040796347e+06
-2.707406250568954274e+06,4.688686775355731137e+06,3.360102294032786507e+06
-2.707406162825555541e+06,4.688686823290470056e+06,3.360102294025239535e+06
-2.707406075208489317e+06,4.688686871453423984e+06,3.360102294018238317e+06
-2.707405987717896234e+06,4.688686919846062548e+06,3.360102294010481797e+06
-2.707405900355157908e+06,4.688686968467567116e+06,3.360102294002541807e+06
-2.707405813119744882e+06,4.688687017316501588e+06,3.360102293993693311e+06
-2.707405726012679283e+06,4.688687066393648274e+06,3.360102293984440621e+06
-2.707405639034057036e+06,4.688687115699089132e+06,3.360102293975682929e+06
-2.707405552184887230e+06,4.688687165232254192e+06,3.360102293967556674e+06
-2.707405465465980116e+06,4.688687214992435649e+06,3.360102293959487695e+06
-2.707405378877331968e+06,4.688687264978692867e+06,3.360102293951404747e+06
-2.707405292419651989e+06,4.688687315192271955e+06,3.360102293943148106e+06
-2.707405206094064284e+06,4.688687365632817149e+06,3.360102293933631852e+06
-2.707405119900736958e+06,4.688687416299903765e+06,3.360102293924789410e+06
-2.707405033840325195e+06,4.688687467192338780e+06,3.360102293916111812e+06
-2.707404947913641576e+06,4.688687518308959901e+06,3.360102293907282874e+06
-2.707404862120293546e+06,4.688687569650350139e+06,3.360102293897761032e+06
-2.707404776461480651e+06,4.688687621216182597e+06,3.360102293887709733e+06
-2.707404690939227119e+06,4.688687673006077297e+06,3.360102293878044002e+06
-2.707404605553015135e+06,4.688687725019419566e+06,3.360102293869406451e+06
-2.707404520302796271e+06,4.688687777255658060e+06,3.360102293861070648e+06
-2.707404435189434327e+06,4.688687829714335501e+06,3.360102293851625640e+06
-2.707404350213480648e+06,4.688687882395561785e+06,3.360102293842584360e+06
-2.707404265376216266e+06,4.688687935298944823e+06,3.360102293834177777e+06
-2.707404180678380653e+06,4.688687988424201496e+06,3.360102293825166766e+06
-2.707404096120031085e+06,4.688688041771510616e+06,3.360102293815133162e+06
-2.707404011701017153e+06,4.688688095340732485e+06,3.360102293804624118e+06
-2.707403927422434092e+06,4.688688149130989797e+06,3.360102293794097845e+06
-2.707403843285220210e+06,4.688688203141883947e+06,3.360102293784548994e+06
-2.707403759289492387e+06,4.688688257373232394e+06,3.360102293775214814e+06
-2.707403675436377991e+06,4.688688311823667027e+06,3.360102293766995892e+06
-2.707403591727031861e+06,4.688688366493886337e+06,3.360102293759463821e+06
-2.707403508160481229e+06,4.688688421383175068e+06,3.360102293750635814e+06
-2.707403424736913294e+06,4.688688476491741836e+06,3.360102293742304668e+06
-2.707403341457624454e+06,4.688688531819227152e+06,3.360102293733795639e+06
-2.707403258323565125e+06,4.688688587365002371e+06,3.360102293725084979e+06
-2.707403175334710162e+06,4.688688643128408119e+06,3.360102293716181070e+06
-2.707403092492229771e+06,4.688688699109447189e+06,3.360102293708104175e+06
-2.707403009796346538e+06,4.688688755306664854e+06,3.360102293699498754e+06
-2.707402927247869316e+06,4.688688811720002443e+06,3.360102293691062834e+06
-2.707402844847957138e+06,4.688688868349131197e+06,3.360102293680978008e+06
-2.707402762596704997e+06,4.688688925193483941e+06,3.360102293670260347e+06
-2.707402680494062603e+06,4.688688982253596187e+06,3.360102293659500778e+06
-2.707402598540867213e+06,4.688689039528211579e+06,3.360102293649846222e+06
-2.707402516737334430e+06,4.688689097017174587e+06,3.360102293641145807e+06
-2.707402435084123630e+06,4.688689154720730148e+06,3.360102293631787878e+06
-2.707402353581440169e+06,4.688689212638082914e+06,3.360102293622154742e+06
-2.707402272231462877e+06,4.688689270769722760e+06,3.360102293612985872e+06
-2.707402191033753101e+06,4.688689329113758169e+06,3.360102293604100589e+06
-2.707402109988422599e+06,4.688689387669487856e+06,3.360102293595781084e+06
-2.707402029096760321e+06,4.688689446437860839e+06,3.360102293587465305e+06
-2.707401948358478025e+06,4.688689505417057313e+06,3.360102293578446843e+06
-2.707401867774774786e+06,4.688689564607597888e+06,3.360102293569202069e+06
-2.707401787345848978e+06,4.688689624009137042e+06,3.360102293559511658e+06
-2.707401707071988378e+06,4.688689683620710857e+06,3.360102293549004011e+06
-2.707401626954235602e+06,4.688689743441756815e+06,3.360102293538605794e+06
-2.707401546992926393e+06,4.688689803472267464e+06,3.360102293527496979e+06
-2.707401467188450973e+06,4.688689863712438382e+06,3.360102293516418897e+06
-2.707401387541203294e+06,4.688689924161587842e+06,3.360102293504741509e+06
-2.707401308052432723e+06,4.688689984819962643e+06,3.360102293491758872e+06
-2.707401228723063134e+06,4.688690045686027966e+06,3.360102293478484731e+06
-2.707401149552845396e+06,4.688690106759630144e+06,3.360102293466536328e+06
-2.707401070542615838e+06,4.688690168040644377e+06,3.360102293453555554e+06
-2.707400991692915559e+06,4.688690229529001750e+06,3.360102293440854643e+06
-2.707400913004398812e+06,4.688690291223309934e+06,3.360102293428591918e+06
-2.707400834478194360e+06,4.688690353122564964e+06,3.360102293416675180e+06
-2.707400756114558317e+06,4.688690415228240192e+06,3.360102293405835517e+06
-2.707400677913744003e+06,4.688690477538860403e+06,3.360102293396708556e+06
-2.707400599876252934e+06,4.688690540053971112e+06,3.360102293386606034e+06
-2.707400522002470680e+06,4.688690602772807702e+06,3.360102293375096284e+06
-2.707400444292916916e+06,4.688690665695928037e+06,3.360102293363724370e+06
-2.707400366748202592e+06,4.688690728822509758e+06,3.360102293353159912e+06
-2.707400289369342849e+06,4.688690792152289301e+06,3.360102293343347032e+06
-2.707400212157306727e+06,4.688690855683675036e+06,3.360102293332448229e+06
-2.707400135111226235e+06,4.688690919416787103e+06,3.360102293320389930e+06
-2.707400058232174721e+06,4.688690983350615948e+06,3.360102293307797983e+06
-2.707399981519526802e+06,4.688691047485517338e+06,3.360102293293874711e+06
-2.707399904973915778e+06,4.688691111820898019e+06,3.360102293278680649e+06
-2.707399828597185202e+06,4.688691176355635747e+06,3.360102293263800908e+06
-2.707399752390266396e+06,4.688691241089025512e+06,3.360102293249411974e+06
-2.707399676353381947e+06,4.688691306020537391e+06,3.360102293233861215e+06
-2.707399600487062242e+06,4.688691371150904335e+06,3.360102293218147941e+06
-2.707399524791286793e+06,4.688691436479295604e+06,3.360102293201574590e+06
-2.707399449266299140e+06,4.688691502006071620e+06,3.360102293184969574e+06
-2.707399373912604526e+06,4.688691567729432136e+06,3.360102293168332893e+06
-2.707399298731356859e+06,4.688691633650022559e+06,3.360102293151544873e+06
-2.707399223722629715e+06,4.688691699766765349e+06,3.360102293135120533e+06
-2.707399148886114825e+06,4.688691766079562716e+06,3.360102293118886650e+06
-2.707399074223848525e+06,4.688691832587929443e+06,3.360102293103204109e+06
-2.707398999735536519e+06,4.688691899291234091e+06,3.360102293086860329e+06
-2.707398925421929918e+06,4.688691966189575382e+06,3.360102293070126791e+06
-2.707398851284064818e+06,4.688692033282599412e+06,3.360102293054080568e+06
-2.707398777322154492e+06,4.688692100569711998e+06,3.360102293036945164e+06
-2.707398703537509311e+06,4.688692168049582280e+06,3.360102293020463083e+06
-2.707398629929730203e+06,4.688692235722506419e+06,3.360102293003446888e+06
-2.707398556499137077e+06,4.688692303587672301e+06,3.360102292985962704e+06
-2.707398483245665208e+06,4.688692371644590981e+06,3.360102292969621718e+06
-2.707398410170080606e+06,4.688692439892296679e+06,3.360102292952816468e+06
-2.707398337272682227e+06,4.688692508331624791e+06,3.360102292935731821e+06
-2.707398264553793240e+06,4.688692576961941086e+06,3.360102292919394094e+06
-2.707398192015310284e+06,4.688692645782186650e+06,3.360102292902079877e+06
-2.707398119657023810e+06,4.688692714790744707e+06,3.360102292884633411e+06
-2.707398047461726237e+06,4.688692783969548531e+06,3.360102292866485659e+06
-2.707397975414001849e+06,4.688692853301160038e+06,3.360102292848219629e+06
-2.707397903497824911e+06,4.688692922769866884e+06,3.360102292831364553e+06
-2.707397831701520365e+06,4.688692992361975834e+06,3.360102292814881541e+06
-2.707397760013309773e+06,4.688693062064779922e+06,3.360102292798675131e+06
-2.707397688421803061e+06,4.688693131867926568e+06,3.360102292782647070e+06
-2.707397616917545907e+06,4.688693201760810800e+06,3.360102292766434141e+06
-2.707397545491835568e+06,4.688693271735101007e+06,3.360102292749637272e+06
-2.707397474136955570e+06,4.688693341781456955e+06,3.360102292733162642e+06
-2.707397402846247889e+06,4.688693411892225035e+06,3.360102292715260759e+06
-2.707397331613667775e+06,4.688693482060755603e+06,3.360102292697266210e+06
-2.707397260432393290e+06,4.688693552281163633e+06,3.360102292678790633e+06
-2.707397189297919162e+06,4.688693622548537329e+06,3.360102292658338323e+06
-2.707397118206324987e+06,4.688693692859540693e+06,3.360102292639839463e+06
-2.707397047152189538e+06,4.688693763208742253e+06,3.360102292620738968e+06
-2.707396976132364012e+06,4.688693833592288196e+06,3.360102292602167465e+06
-2.707396905142589472e+06,4.688693904006703757e+06,3.360102292583335191e+06
-2.707396834180288017e+06,4.688693974449060857e+06,3.360102292564876378e+06
-2.707396763243368361e+06,4.688694044916291721e+06,3.360102292545826640e+06
-2.707396692329155747e+06,4.688694115406973287e+06,3.360102292527479120e+06
-2.707396621434517205e+06,4.688694185918210074e+06,3.360102292509403545e+06
-2.707396550558140036e+06,4.688694256448660046e+06,3.360102292490863707e+06
-2.707396479697951581e+06,4.688694326994893141e+06,3.360102292472102214e+06
-2.707396408851662185e+06,4.688694397554675117e+06,3.360102292454000097e+06
-2.707396338017694186e+06,4.688694468127908185e+06,3.360102292436246760e+06
-2.707396267194766086e+06,4.688694538712213747e+06,3.360102292418653611e+06
-2.707396196381155401e+06,4.688694609306807630e+06,3.360102292401199229e+06
-2.707396125576507766e+06,4.688694679910781793e+06,3.360102292383993510e+06
-2.707396054781333078e+06,4.688694750523877330e+06,3.360102292365808971e+06
-2.707395983994577546e+06,4.688694821145172231e+06,3.360102292346829083e+06
-2.707395913215044886e+06,4.688694891773378477e+06,3.360102292327817529e+06
-2.707395842441734858e+06,4.688694962406842969e+06,3.360102292307733092e+06
-2.707395771673597861e+06,4.688695033045579679e+06,3.360102292286261450e+06
-2.707395700910043903e+06,4.688695103689908981e+06,3.360102292265123222e+06
-2.707395630150537472e+06,4.688695174338584766e+06,3.360102292244995013e+06
-2.707395559394344687e+06,4.688695244991539977e+06,3.360102292224468198e+06
-2.707395488642465789e+06,4.688695315648550168e+06,3.360102292204750702e+06
-2.707395417893080506e+06,4.688695386308936402e+06,3.360102292185952421e+06
-2.707395347146114800e+06,4.688695456972667947e+06,3.360102292167056352e+06
-2.707395276401865296e+06,4.688695527639643289e+06,3.360102292147029657e+06
-2.707395205659018829e+06,4.688695598309127614e+06,3.360102292128098663e+06
-2.707395134917323478e+06,4.688695668980904855e+06,3.360102292109024711e+06
-2.707395064177808817e+06,4.688695739654389210e+06,3.360102292089795228e+06
-2.707394993440254591e+06,4.688695810329075903e+06,3.360102292071355041e+06
-2.707394922704142984e+06,4.688695881004735827e+06,3.360102292052426375e+06
-2.707394851969572250e+06,4.688695951681767590e+06,3.360102292033352423e+06
-2.707394781236550305e+06,4.688696022361177951e+06,3.360102292014321778e+06
-2.707394710505164694e+06,4.688696093042030931e+06,3.360102291995941661e+06
-2.707394639774946030e+06,4.688696163724481128e+06,3.360102291979508009e+06
-2.707394569044721313e+06,4.688696234407551587e+06,3.360102291963187046e+06
-2.707394498314676341e+06,4.688696305092044175e+06,3.360102291948479135e+06
-2.707394427584949415e+06,4.688696375777316280e+06,3.360102291934755631e+06
-2.707394356855767313e+06,4.688696446463280357e+06,3.360102291921284050e+06
-2.707394286126949824e+06,4.688696517149969004e+06,3.360102291907775681e+06
-2.707394215398250148e+06,4.688696587836775929e+06,3.360102291893254034e+06
-2.707394144670380745e+06,4.688696658524596132e+06,3.360102291878609452e+06
-2.707394073943612166e+06,4.688696729213071056e+06,3.360102291864662897e+06
-2.707394003217178863e+06,4.688696799902247265e+06,3.360102291850235313e+06
-2.707393932491099462e+06,4.688696870590823703e+06,3.360102291836250108e+06
-2.707393861765027978e+06,4.688696941279206425e+06,3.360102291822755244e+06
-2.707393791040221695e+06,4.688697011966825463e+06,3.360102291809739545e+06
-2.707393720315263607e+06,4.688697082655241713e+06,3.360102291795299388e+06
-2.707393649590492714e+06,4.688697153343457729e+06,3.360102291780873202e+06
-2.707393578866003081e+06,4.688697224031470716e+06,3.360102291767273564e+06
-2.707393508141276427e+06,4.688697294720431790e+06,3.360102291752940044e+06
-2.707393437416915782e+06,4.688697365409967490e+06,3.360102291738686152e+06
-2.707393366692409851e+06,4.688697436099709012e+06,3.360102291724729817e+06
-2.707393295967750251e+06,4.688697506789849140e+06,3.360102291709752753e+06
-2.707393225242955610e+06,4.688697577480506152e+06,3.360102291695968714e+06
-2.707393154517313931e+06,4.688697648171058856e+06,3.360102291682575364e+06
-2.707393083792160731e+06,4.688697718861632980e+06,3.360102291668633465e+06
-2.707393013067141641e+06,4.688697789551578462e+06,3.360102291654702742e+06
-2.707392942341783084e+06,4.688697860242206603e+06,3.360102291640320327e+06
-2.707392871616392396e+06,4.688697930932632647e+06,3.360102291625569575e+06
-2.707392800890865270e+06,4.688698001622792333e+06,3.360102291609686334e+06
-2.707392730164782144e+06,4.688698072312887758e+06,3.360102291594228242e+06
-2.707392659438051283e+06,4.688698143003670499e+06,3.360102291579033714e+06
-2.707392588711738121e+06,4.688698213694395497e+06,3.360102291565431282e+06
-2.707392517985554412e+06,4.688698284385000356e+06,3.360102291551325470e+06
-2.707392447259399109e+06,4.688698355075391009e+06,3.360102291538454592e+06
-2.707392376534043346e+06,4.688698425766182132e+06,3.360102291524601635e+06
-2.707392305808336940e+06,4.688698496456480585e+06,3.360102291512165219e+06
-2.707392235082061496e+06,4.688698567147198133e+06,3.360102291500819381e+06
-2.707392164355346002e+06,4.688698637837621383e+06,3.360102291488740128e+06
-2.707392093628449365e+06,4.688698708528163843e+06,3.360102291476350743e+06
-2.707392022901271004e+06,4.688698779218262993e+06,3.360102291463742033e+06
-2.707391952173849568e+06,4.688698849907786585e+06,3.360102291452724487e+06
-2.707391881446527783e+06,4.688698920597544871e+06,3.360102291441278532e+06
-2.707391810719824862e+06,4.688698991286493838e+06,3.360102291430046782e+06
-2.707391739992788061e+06,4.688699061975420453e+06,3.360102291419253219e+06
-2.707391669265771750e+06,4.688699132663656957e+06,3.360102291407487821e+06
-2.707391598538756371e+06,4.688699203351842239e+06,3.360102291395416949e+06
-2.707391527812461834e+06,4.688699274040635675e+06,3.360102291383110452e+06
-2.707391457085469272e+06,4.688699344728983939e+06,3.360102291371949948e+06
-2.707391386358098593e+06,4.688699415418046527e+06,3.360102291361702606e+06
-2.707391315630468540e+06,4.688699486107216217e+06,3.360102291353118140e+06
-2.707391244901790284e+06,4.688699556796649471e+06,3.360102291345729027e+06
-2.707391174173175823e+06,4.688699627485712990e+06,3.360102291339600924e+06
-2.707391103444795590e+06,4.688699698174659163e+06,3.360102291333827656e+06
-2.707391032716749236e+06,4.688699768864682876e+06,3.360102291328180116e+06
-2.707390961988490075e+06,4.688699839554856531e+06,3.360102291324834339e+06
-2.707390891259955708e+06,4.688699910244477913e+06,3.360102291321678553e+06
-2.707390820530860685e+06,4.688699980934462510e+06,3.360102291318953969e+06
-2.707390749801076949e+06,4.688700051624963060e+06,3.360102291315219365e+06
-2.707390679070809390e+06,4.688700122315812856e+06,3.360102291311382782e+06
-2.707390608340598643e+06,4.688700193007394671e+06,3.360102291307928972e+06
-2.707390537609850522e+06,4.688700263698833995e+06,3.360102291304341052e+06
-2.707390466878719628e+06,4.688700334390378557e+06,3.360102291298681404e+06
-2.707390396146744024e+06,4.688700405082469806e+06,3.360102291293343063e+06
-2.707390325414150953e+06,4.688700475773931481e+06,3.360102291288580280e+06
-2.707390254681107122e+06,4.688700546464996412e+06,3.360102291285313200e+06
-2.707390183947290760e+06,4.688700617155154236e+06,3.360102291283287574e+06
-2.707390113213406876e+06,4.688700687845719047e+06,3.360102291281142272e+06
-2.707390042480052449e+06,4.688700758535985835e+06,3.360102291277684737e+06
-2.707389971747567412e+06,4.688700829227004200e+06,3.360102291274101008e+06
-2.707389901014001109e+06,4.688700899919242598e+06,3.360102291269660462e+06
-2.707389830280180089e+06,4.688700970611274242e+06,3.360102291264868807e+06
-2.707389759546021931e+06,4.688701041302980855e+06,3.360102291259865277e+06
-2.707389688811301254e+06,4.688701111994761042e+06,3.360102291253475938e+06
-2.707389618076199666e+06,4.688701182686080225e+06,3.360102291247033048e+06
-2.707389547341186553e+06,4.688701253377704881e+06,3.360102291240847670e+06
-2.707389476606382523e+06,4.688701324070192873e+06,3.360102291234942619e+06
-2.707389405871635769e+06,4.688701394763222896e+06,3.360102291229256894e+06
-2.707389335137070157e+06,4.688701465455888771e+06,3.360102291223138105e+06
-2.707389264402440749e+06,4.688701536148559302e+06,3.360102291216538288e+06
-2.707389193667856045e+06,4.688701606840720400e+06,3.360102291210376658e+06
-2.707389122932814062e+06,4.688701677533281036e+06,3.360102291203639936e+06
-2.707389052197325975e+06,4.688701748226568103e+06,3.360102291196122766e+06
-2.707388981461903546e+06,4.688701818919919431e+06,3.360102291187256575e+06
-2.707388910726587288e+06,4.688701889613267034e+06,3.360102291178578511e+06
-2.707388839990857523e+06,4.688701960306261666e+06,3.360102291170371696e+06
-2.707388769254184794e+06,4.688702030999811366e+06,3.360102291162727401e+06
-2.707388698517008219e+06,4.688702101693405770e+06,3.360102291154866107e+06
-2.707388627780226991e+06,4.688702172387036495e+06,3.360102291147212032e+06
-2.707388557042798959e+06,4.688702243080259301e+06,3.360102291138955858e+06
-2.707388486304990482e+06,4.688702313773780130e+06,3.360102291132539511e+06
-2.707388415566028561e+06,4.688702384466743097e+06,3.360102291126434226e+06
-2.707388344827854540e+06,4.688702455159673467e+06,3.360102291119428352e+06
-2.707388274089233018e+06,4.688702525852324441e+06,3.360102291112602688e+06
-2.707388203350906260e+06,4.688702596545117907e+06,3.360102291106431745e+06
-2.707388132611930370e+06,4.688702667238757014e+06,3.360102291100061964e+06
-2.707388061872598715e+06,4.688702737932926044e+06,3.360102291093521751e+06
-2.707387991132779047e+06,4.688702808627256192e+06,3.360102291087457910e+06
-2.707387920392501168e+06,4.688702879321688786e+06,3.360102291082012467e+06
-2.707387849652260076e+06,4.688702950016667135e+06,3.360102291076962370e+06
-2.707387778912469745e+06,4.688703020711642690e+06,3.360102291072031017e+06
-2.707387708172465675e+06,4.688703091406730004e+06,3.360102291068211664e+06
-2.707387637432866264e+06,4.688703162101735361e+06,3.360102291065762285e+06
-2.707387566692743916e+06,4.688703232797156088e+06,3.360102291061376687e+06
-2.707387495952403173e+06,4.688703303492791019e+06,3.360102291057550814e+06
-2.707387425211687572e+06,4.688703374188361689e+06,3.360102291054852773e+06
-2.707387354471747763e+06,4.688703444882993586e+06,3.360102291052301880e+06
-2.707387283731566276e+06,4.688703515576953068e+06,3.360102291048330255e+06
-2.707387212991001084e+06,4.688703586272167973e+06,3.360102291044068057e+06
-2.707387142250793055e+06,4.688703656967489980e+06,3.360102291041240562e+06
-2.707387071509832982e+06,4.688703727663484402e+06,3.360102291038373020e+06
-2.707387000768471044e+06,4.688703798358580098e+06,3.360102291036014445e+06
-2.707386930025662296e+06,4.688703869054042734e+06,3.360102291032829322e+06
-2.707386859282949939e+06,4.688703939749646932e+06,3.360102291029257700e+06
-2.707386788539934903e+06,4.688704010445434600e+06,3.360102291026154533e+06
-2.707386717796608806e+06,4.688704081141783856e+06,3.360102291022870224e+06
-2.707386647053619847e+06,4.688704151838504709e+06,3.360102291019951459e+06
-2.707386576310540549e+06,4.688704222534740344e+06,3.360102291016897187e+06
-2.707386505566926673e+06,4.688704293230699375e+06,3.360102291015646886e+06
-2.707386434822622687e+06,4.688704363926600665e+06,3.360102291014897637e+06
-2.707386364078775514e+06,4.688704434622995555e+06,3.360102291014868766e+06
-2.707386293335427064e+06,4.688704505319063552e+06,3.360102291015109513e+06
-2.707386222591866739e+06,4.688704576014941558e+06,3.360102291015204974e+06
-2.707386151848544832e+06,4.688704646710197441e+06,3.360102291015624069e+06
-2.707386081105373334e+06,4.688704717405588366e+06,3.360102291015874129e+06
-2.707386010361962486e+06,4.688704788100739941e+06,3.360102291015882976e+06
-2.707385939619344659e+06,4.688704858796273358e+06,3.360102291015735827e+06
-2.707385868876429740e+06,4.688704929491587915e+06,3.360102291014830582e+06
-2.707385798132898286e+06,4.688705000185447745e+06,3.360102291013843380e+06
-2.707385727387959138e+06,4.688705070878815837e+06,3.360102291013802402e+06
-2.707385656642325688e+06,4.688705141572655179e+06,3.360102291013633367e+06
-2.707385585898084566e+06,4.688705212266590446e+06,3.360102291013133246e+06
-2.707385515154189430e+06,4.688705282960974611e+06,3.360102291013123933e+06
-2.707385444409944117e+06,4.688705353655202314e+06,3.360102291015085299e+06
-2.707385373665640131e+06,4.688705424349445850e+06,3.360102291017635260e+06
-2.707385302920897957e+06,4.688705495042607188e+06,3.360102291020379402e+06
-2.707385232175348327e+06,4.688705565735937096e+06,3.360102291023694444e+06
-2.707385161429303233e+06,4.688705636428937316e+06,3.360102291024743114e+06
-2.707385090682625771e+06,4.688705707121794112e+06,3.360102291025583167e+06
-2.707385019935561810e+06,4.688705777814369649e+06,3.360102291025746148e+06
-2.707384949188002851e+06,4.688705848507047631e+06,3.360102291026306339e+06
-2.707384878439949825e+06,4.688705919199514203e+06,3.360102291027765255e+06
-2.707384807692002505e+06,4.688705989892191254e+06,3.360102291029122658e+06
-2.707384736944221426e+06,4.688706060585600324e+06,3.360102291030966211e+06
-2.707384666195768397e+06,4.688706131279967725e+06,3.360102291033095680e+06
-2.707384595445846207e+06,4.688706201973992400e+06,3.360102291034629568e+06
-2.707384524696054868e+06,4.688706272668789141e+06,3.360102291036346927e+06
-2.707384453947108239e+06,4.688706343363415450e+06,3.360102291038301308e+06
-2.707384383198276628e+06,4.688706414057951421e+06,3.360102291041235905e+06
-2.707384312448855024e+06,4.688706484752399847e+06,3.360102291045160964e+06
-2.707384241699638311e+06,4.688706555446461774e+06,3.360102291048889048e+06
-2.707384170949758962e+06,4.688706626140041277e+06,3.360102291053073481e+06
-2.707384100199489854e+06,4.688706696833341382e+06,3.360102291057558265e+06
-2.707384029448906425e+06,4.688706767526582815e+06,3.360102291062277276e+06
-2.707383958698739763e+06,4.688706838219095021e+06,3.360102291067710146e+06
-2.707383887948454358e+06,4.688706908911287785e+06,3.360102291071589570e+06
-2.707383817198971752e+06,4.688706979604094289e+06,3.360102291076488327e+06
-2.707383746449519880e+06,4.688707050297192298e+06,3.360102291081955656e+06
-2.707383675699682441e+06,4.688707120989843272e+06,3.360102291087300051e+06
-2.707383604949840344e+06,4.688707191682556644e+06,3.360102291091564577e+06
-2.707383534199873917e+06,4.688707262374833226e+06,3.360102291095850989e+06
-2.707383463449232280e+06,4.688707333067747764e+06,3.360102291100907139e+06
-2.707383392698487733e+06,4.688707403760643676e+06,3.360102291105933953e+06
-2.707383321947576012e+06,4.688707474453953095e+06,3.360102291111493483e+06
-2.707383251197054982e+06,4.688707545147246681e+06,3.360102291117310524e+06
-2.707383180446776096e+06,4.688707615840706043e+06,3.360102291122655384e+06
-2.707383109696403146e+06,4.688707686534525827e+06,3.360102291127604898e+06
-2.707383038945800625e+06,4.688707757228292525e+06,3.360102291131247766e+06
-2.707382968196078204e+06,4.688707827921710908e+06,3.360102291134034749e+06
-2.707382897446812131e+06,4.688707898615743965e+06,3.360102291137447115e+06
-2.707382826697396114e+06,4.688707969309393317e+06,3.360102291140655521e+06
-2.707382755948092323e+06,4.688708040001771413e+06,3.360102291143351234e+06
-2.707382685198254883e+06,4.688708110694689676e+06,3.360102291145925410e+06
-2.707382614448395092e+06,4.688708181387104094e+06,3.360102291149049532e+06
-2.707382543699129950e+06,4.688708252079757862e+06,3.360102291152345017e+06
-2.707382472948849201e+06,4.688708322772813030e+06,3.360102291155913845e+06
-2.707382402198895346e+06,4.688708393466506153e+06,3.360102291159809101e+06
-2.707382331447998993e+06,4.688708464160102420e+06,3.360102291163303424e+06
-2.707382260697457939e+06,4.688708534853957593e+06,3.360102291165828705e+06
-2.707382189945827238e+06,4.688708605547958985e+06,3.360102291167790070e+06
-2.707382119194710162e+06,4.688708676241410896e+06,3.360102291168350261e+06
-2.707382048444036394e+06,4.688708746935577132e+06,3.360102291167731863e+06
-2.707381977693303488e+06,4.688708817629748955e+06,3.360102291166679002e+06
-2.707381906942914240e+06,4.688708888324392028e+06,3.360102291167207528e+06
-2.707381836192041170e+06,4.688708959018917754e+06,3.360102291167672724e+06
-2.707381765440251213e+06,4.688709029713560827e+06,3.360102291168457363e+06
-2.707381694687943440e+06,4.688709100407877006e+06,3.360102291168757714e+06
-2.707381623935435433e+06,4.688709171102245338e+06,3.360102291168765631e+06
-2.707381553182585165e+06,4.688709241797218099e+06,3.360102291168585420e+06
-2.707381482429407537e+06,4.688709312492591329e+06,3.360102291168791242e+06
-2.707381411675995681e+06,4.688709383187892847e+06,3.360102291168728378e+06
-2.707381340923074167e+06,4.688709453882267699e+06,3.360102291167814285e+06
-2.707381270169676747e+06,4.688709524577978998e+06,3.360102291167711839e+06
-2.707381199417252094e+06,4.688709595273105428e+06,3.360102291167489253e+06
-2.707381128664969932e+06,4.688709665967750363e+06,3.360102291167090181e+06
-2.707381057911287062e+06,4.688709736661139876e+06,3.360102291167098098e+06
-2.707380987157186493e+06,4.688709807354660705e+06,3.360102291166461539e+06
-2.707380916402620263e+06,4.688709878048166633e+06,3.360102291165663395e+06
-2.707380845647568814e+06,4.688709948740930296e+06,3.360102291164022870e+06
-2.707380774892421439e+06,4.688710019432959147e+06,3.360102291164045222e+06
-2.707380704136610031e+06,4.688710090124810115e+06,3.360102291163649876e+06
-2.707380633380926214e+06,4.688710160816706717e+06,3.360102291163710877e+06
-2.707380562625096180e+06,4.688710231509035453e+06,3.360102291162833571e+06
-2.707380491868631914e+06,4.688710302200553939e+06,3.360102291161313653e+06
-2.707380421111561358e+06,4.688710372893225402e+06,3.360102291159448680e+06
-2.707380350354339462e+06,4.688710443586097099e+06,3.360102291157466359e+06
-2.707380279597091489e+06,4.688710514279408380e+06,3.360102291156356223e+06
-2.707380208838577382e+06,4.688710584973068908e+06,3.360102291154820472e+06
-2.707380138079795055e+06,4.688710655667617917e+06,3.360102291154805571e+06
-2.707380067321071867e+06,4.688710726363095455e+06,3.360102291156170424e+06
-2.707379996561510488e+06,4.688710797058667056e+06,3.360102291158231441e+06
-2.707379925801532809e+06,4.688710867754758336e+06,3.360102291160784662e+06
-2.707379855041509960e+06,4.688710938450865448e+06,3.360102291163531598e+06
-2.707379784280787688e+06,4.688711009148096666e+06,3.360102291166305542e+06
-2.707379713520104997e+06,4.688711079845635220e+06,3.360102291169430595e+06
-2.707379642759278417e+06,4.688711150543070398e+06,3.360102291172908153e+06
-2.707379571997521445e+06,4.688711221240829676e+06,3.360102291177326348e+06
-2.707379501235741191e+06,4.688711291938763112e+06,3.360102291181653272e+06
-2.707379430474832188e+06,4.688711362637322396e+06,3.360102291186745744e+06
-2.707379359714145772e+06,4.688711433336117305e+06,3.360102291192316450e+06
-2.707379288953839801e+06,4.688711504034693353e+06,3.360102291197825223e+06
-2.707379218193381093e+06,4.688711574734116904e+06,3.360102291202916298e+06
-2.707379147431744263e+06,4.688711645433706231e+06,3.360102291207636241e+06
-2.707379076669560280e+06,4.688711716132974252e+06,3.360102291212431155e+06
-2.707379005906859413e+06,4.688711786831650883e+06,3.360102291216910351e+06
-2.707378935143343173e+06,4.688711857530297711e+06,3.360102291220778134e+06
-2.707378864379984327e+06,4.688711928229542449e+06,3.360102291224438231e+06
-2.707378793616672046e+06,4.688711998928329907e+06,3.360102291228699964e+06
-2.707378722853415180e+06,4.688712069627640769e+06,3.360102291232916526e+06
-2.707378652089833748e+06,4.688712140327895060e+06,3.360102291236255318e+06
-2.707378581326150801e+06,4.688712211027766578e+06,3.360102291239504237e+06
-2.707378510562013835e+06,4.688712281727705151e+06,3.360102291243114043e+06
-2.707378439797850326e+06,4.688712352427016944e+06,3.360102291247685440e+06
-2.707378369033304974e+06,4.688712423126435839e+06,3.360102291251944378e+06
-2.707378298269581981e+06,4.688712493826385587e+06,3.360102291256994009e+06
-2.707378227505883202e+06,4.688712564527081326e+06,3.360102291262581013e+06
-2.707378156741506886e+06,4.688712635228045285e+06,3.360102291268161964e+06
-2.707378085976715200e+06,4.688712705928548239e+06,3.360102291271892842e+06
-2.707378015211839229e+06,4.688712776629042812e+06,3.360102291275290772e+06
-2.707377944447031245e+06,4.688712847328615375e+06,3.360102291279343888e+06
-2.707377873682198580e+06,4.688712918028279208e+06,3.360102291281983722e+06
-2.707377802918002009e+06,4.688712988727384247e+06,3.360102291283269413e+06
-2.707377732154331636e+06,4.688713059426337481e+06,3.360102291284359992e+06
-2.707377661390861962e+06,4.688713130125477910e+06,3.360102291285226122e+06
-2.707377590625944082e+06,4.688713200824383646e+06,3.360102291286887601e+06
-2.707377519860590342e+06,4.688713271523868665e+06,3.360102291288533714e+06
-2.707377449095088523e+06,4.688713342222911306e+06,3.360102291288787499e+06
-2.707377378328821156e+06,4.688713412922033109e+06,3.360102291288421489e+06
-2.707377307562807575e+06,4.688713483620986342e+06,3.360102291287968401e+06
-2.707377236796581652e+06,4.688713554318979383e+06,3.360102291287460364e+06
-2.707377166030295659e+06,4.688713625016048551e+06,3.360102291286543943e+06
-2.707377095264053438e+06,4.688713695714203641e+06,3.360102291286355816e+06
-2.707377024497014470e+06,4.688713766412097029e+06,3.360102291284789331e+06
