ref_pos_x (m),ref_pos_y (m),ref_pos_z (m)
-2.707459276231147349e+06,4.688701052007361315e+06,3.360102297215144616e+06
-2.707459205520469230e+06,4.688700981296683662e+06,3.360102297215144616e+06
-2.707459134809791110e+06,4.688700910586005077e+06,3.360102297215144616e+06
-2.707459064099112991e+06,4.688700839875327423e+06,3.360102297215144616e+06
-2.707458993388434872e+06,4.688700769164648838e+06,3.360102297215144616e+06
-2.707458922677756753e+06,4.688700698453971185e+06,3.360102297215144616e+06
-2.707458851967078634e+06,4.688700627743292600e+06,3.360102297215144616e+06
-2.707458781256400514e+06,4.688700557032614946e+06,3.360102297215144616e+06
-2.707458710545722395e+06,4.688700486321936361e+06,3.360102297215144616e+06
-2.707458639835044276e+06,4.688700415611258708e+06,3.360102297215144616e+06
-2.707458569124366157e+06,4.688700344900580123e+06,3.360102297215144616e+06
-2.707458498413688038e+06,4.688700274189902470e+06,3.360102297215144616e+06
-2.707458427703009918e+06,4.688700203479223885e+06,3.360102297215144616e+06
-2.707458356992331799e+06,4.688700132768546231e+06,3.360102297215144616e+06
-2.707458286281653680e+06,4.688700062057867646e+06,3.360102297215144616e+06
-2.707458215570975561e+06,4.688699991347189993e+06,3.360102297215144616e+06
-2.707458144860297441e+06,4.688699920636511408e+06,3.360102297215144616e+06
-2.707458074149619322e+06,4.688699849925833754e+06,3.360102297215144616e+06
-2.707458003438941203e+06,4.688699779215155169e+06,3.360102297215144616e+06
-2.707457932728263084e+06,4.688699708504477516e+06,3.360102297215144616e+06
-2.707457862017584965e+06,4.688699637793798931e+06,3.360102297215144616e+06
-2.707457791306906845e+06,4.688699567083121277e+06,3.360102297215144616e+06
-2.707457720596228726e+06,4.688699496372442693e+06,3.360102297215144616e+06
-2.707457649885550607e+06,4.688699425661765039e+06,3.360102297215144616e+06
-2.707457579174872488e+06,4.688699354951086454e+06,3.360102297215144616e+06
-2.707457508464194369e+06,4.688699284240408801e+06,3.360102297215144616e+06
-2.707457437753516249e+06,4.688699213529730216e+06,3.360102297215144616e+06
-2.707457367042838130e+06,4.688699142819052562e+06,3.360102297215144616e+06
-2.707457296332160011e+06,4.688699072108373977e+06,3.360102297215144616e+06
-2.707457225621481892e+06,4.688699001397696324e+06,3.360102297215144616e+06
-2.707457154910803773e+06,4.688698930687017739e+06,3.360102297215144616e+06
-2.707457084200125653e+06,4.688698859976340085e+06,3.360102297215144616e+06
-2.707457013489447534e+06,4.688698789265661500e+06,3.360102297215144616e+06
-2.707456942778769415e+06,4.688698718554983847e+06,3.360102297215144616e+06
-2.707456872068091296e+06,4.688698647844305262e+06,3.360102297215144616e+06
-2.707456801357413176e+06,4.688698577133627608e+06,3.360102297215144616e+06
-2.707456730646735057e+06,4.688698506422949024e+06,3.360102297215144616e+06
-2.707456659936056938e+06,4.688698435712271370e+06,3.360102297215144616e+06
-2.707456589225378819e+06,4.688698365001592785e+06,3.360102297215144616e+06
-2.707456518514700700e+06,4.688698294290915132e+06,3.360102297215144616e+06
-2.707456447804022580e+06,4.688698223580236547e+06,3.360102297215144616e+06
-2.707456377093344461e+06,4.688698152869558893e+06,3.360102297215144616e+06
-2.707456306382666342e+06,4.688698082158880308e+06,3.360102297215144616e+06
-2.707456235671988223e+06,4.688698011448202655e+06,3.360102297215144616e+06
-2.707456164961310104e+06,4.688697940737524070e+06,3.360102297215144616e+06
-2.707456094250631984e+06,4.688697870026846416e+06,3.360102297215144616e+06
-2.707456023539953865e+06,4.688697799316167831e+06,3.360102297215144616e+06
-2.707455952829275746e+06,4.688697728605490178e+06,3.360102297215144616e+06
-2.707455882118597627e+06,4.688697657894811593e+06,3.360102297215144616e+06
-2.707455811407919507e+06,4.688697587184133939e+06,3.360102297215144616e+06
-2.707455740697241388e+06,4.688697516473455355e+06,3.360102297215144616e+06
-2.707455669986563269e+06,4.688697445762777701e+06,3.360102297215144616e+06
-2.707455599275885150e+06,4.688697375052099116e+06,3.360102297215144616e+06
-2.707455528565207031e+06,4.688697304341421463e+06,3.360102297215144616e+06
-2.707455457854528911e+06,4.688697233630742878e+06,3.360102297215144616e+06
-2.707455387143850792e+06,4.688697162920065224e+06,3.360102297215144616e+06
-2.707455316433172673e+06,4.688697092209386639e+06,3.360102297215144616e+06
-2.707455245722494554e+06,4.688697021498708986e+06,3.360102297215144616e+06
-2.707455175011816435e+06,4.688696950788030401e+06,3.360102297215144616e+06
-2.707455104301138315e+06,4.688696880077352747e+06,3.360102297215144616e+06
-2.707455033590460196e+06,4.688696809366674162e+06,3.360102297215144616e+06
-2.707454962879782077e+06,4.688696738655996509e+06,3.360102297215144616e+06
-2.707454892169103958e+06,4.688696667945317924e+06,3.360102297215144616e+06
-2.707454821458425839e+06,4.688696597234640270e+06,3.360102297215144616e+06
-2.707454750747747719e+06,4.688696526523961686e+06,3.360102297215144616e+06
-2.707454680037069600e+06,4.688696455813284032e+06,3.360102297215144616e+06
-2.707454609326391481e+06,4.688696385102605447e+06,3.360102297215144616e+06
-2.707454538615713362e+06,4.688696314391927794e+06,3.360102297215144616e+06
-2.707454467905035242e+06,4.688696243681249209e+06,3.360102297215144616e+06
-2.707454397194357123e+06,4.688696172970571555e+06,3.360102297215144616e+06
-2.707454326483679004e+06,4.688696102259892970e+06,3.360102297215144616e+06
-2.707454255773000885e+06,4.688696031549215317e+06,3.360102297215144616e+06
-2.707454185062322766e+06,4.688695960838536732e+06,3.360102297215144616e+06
-2.707454114351644646e+06,4.688695890127859078e+06,3.360102297215144616e+06
-2.707454043640966527e+06,4.688695819417180493e+06,3.360102297215144616e+06
-2.707453972930288408e+06,4.688695748706502840e+06,3.360102297215144616e+06
-2.707453902219610289e+06,4.688695677995824255e+06,3.360102297215144616e+06
-2.707453831508932170e+06,4.688695607285146601e+06,3.360102297215144616e+06
-2.707453760798254050e+06,4.688695536574468017e+06,3.360102297215144616e+06
-2.707453690087575931e+06,4.688695465863790363e+06,3.360102297215144616e+06
-2.707453619376897812e+06,4.688695395153111778e+06,3.360102297215144616e+06
-2.707453548666219693e+06,4.688695324442434125e+06,3.360102297215144616e+06
-2.707453477955541573e+06,4.688695253731755540e+06,3.360102297215144616e+06
-2.707453407244863454e+06,4.688695183021077886e+06,3.360102297215144616e+06
-2.707453336534185335e+06,4.688695112310399301e+06,3.360102297215144616e+06
-2.707453265823507216e+06,4.688695041599721648e+06,3.360102297215144616e+06
-2.707453195112829097e+06,4.688694970889043063e+06,3.360102297215144616e+06
-2.707453124402150977e+06,4.688694900178365409e+06,3.360102297215144616e+06
-2.707453053691472858e+06,4.688694829467686825e+06,3.360102297215144616e+06
-2.707452982980794739e+06,4.688694758757009171e+06,3.360102297215144616e+06
-2.707452912270116620e+06,4.688694688046330586e+06,3.360102297215144616e+06
-2.707452841559438501e+06,4.688694617335652933e+06,3.360102297215144616e+06
-2.707452770848760381e+06,4.688694546624974348e+06,3.360102297215144616e+06
-2.707452700138082262e+06,4.688694475914296694e+06,3.360102297215144616e+06
-2.707452629427404143e+06,4.688694405203618109e+06,3.360102297215144616e+06
-2.707452558716726024e+06,4.688694334492940456e+06,3.360102297215144616e+06
-2.707452488006047904e+06,4.688694263782261871e+06,3.360102297215144616e+06
-2.707452417295369785e+06,4.688694193071584217e+06,3.360102297215144616e+06
-2.707452346584691666e+06,4.688694122360905632e+06,3.360102297215144616e+06
-2.707452275874013547e+06,4.688694051650227979e+06,3.360102297215144616e+06
-2.707452205163335428e+06,4.688693980939549394e+06,3.360102297215144616e+06
-2.707452134452657308e+06,4.688693910228871740e+06,3.360102297215144616e+06
-2.707452063723469619e+06,4.688693839536707848e+06,3.360102297215144616e+06
-2.707451992959127296e+06,4.688693768879734911e+06,3.360102297215144616e+06
-2.707451922144672833e+06,4.688693698272985406e+06,3.360102297215144616e+06
-2.707451851266677957e+06,4.688693627730020322e+06,3.360102297215144616e+06
-2.707451780313095544e+06,4.688693557263084687e+06,3.360102297215144616e+06
-2.707451709273125511e+06,4.688693486883238889e+06,3.360102297215144616e+06
-2.707451638137095608e+06,4.688693416600486264e+06,3.360102297215144616e+06
-2.707451566896351520e+06,4.688693346423878334e+06,3.360102297215144616e+06
-2.707451495543154422e+06,4.688693276361610740e+06,3.360102297215144616e+06
-2.707451424070593901e+06,4.688693206421114504e+06,3.360102297215144616e+06
-2.707451352472505067e+06,4.688693136609125882e+06,3.360102297215144616e+06
-2.707451280743394047e+06,4.688693066931764595e+06,3.360102297215144616e+06
-2.707451208878372796e+06,4.688692997394590639e+06,3.360102297215144616e+06
-2.707451136873096693e+06,4.688692928002658300e+06,3.360102297215144616e+06
-2.707451064723711926e+06,4.688692858760572970e+06,3.360102297215144616e+06
-2.707450992426807526e+06,4.688692789672531188e+06,3.360102297215144616e+06
-2.707450919979366940e+06,4.688692720742360689e+06,3.360102297215144616e+06
-2.707450847378733102e+06,4.688692651973560452e+06,3.360102297215144616e+06
-2.707450774622569792e+06,4.688692583369327709e+06,3.360102297215144616e+06
-2.707450701708829030e+06,4.688692514932595193e+06,3.360102297215144616e+06
-2.707450628635724075e+06,4.688692446666048840e+06,3.360102297215144616e+06
-2.707450555401701014e+06,4.688692378572158515e+06,3.360102297215144616e+06
-2.707450482005417347e+06,4.688692310653195716e+06,3.360102297215144616e+06
-2.707450408445719164e+06,4.688692242911253124e+06,3.360102297215144616e+06
-2.707450334721621592e+06,4.688692175348264165e+06,3.360102297215144616e+06
-2.707450260832294356e+06,4.688692107966016978e+06,3.360102297215144616e+06
-2.707450186777043156e+06,4.688692040766166523e+06,3.360102297215144616e+06
-2.707450112555298954e+06,4.688691973750253208e+06,3.360102297215144616e+06
-2.707450038166602142e+06,4.688691906919707544e+06,3.360102297215144616e+06
-2.707449963610594161e+06,4.688691840275865979e+06,3.360102297215144616e+06
-2.707449888887006324e+06,4.688691773819975555e+06,3.360102297215144616e+06
-2.707449813995650038e+06,4.688691707553206012e+06,3.360102297215144616e+06
-2.707449738936410286e+06,4.688691641476655379e+06,3.360102297215144616e+06
-2.707449663709237240e+06,4.688691575591357425e+06,3.360102297215144616e+06
-2.707449588314139284e+06,4.688691509898289107e+06,3.360102297215144616e+06
-2.707449512751179282e+06,4.688691444398372434e+06,3.360102297215144616e+06
-2.707449437020466663e+06,4.688691379092483781e+06,3.360102297215144616e+06
-2.707449361122153234e+06,4.688691313981454819e+06,3.360102297215144616e+06
-2.707449285056431312e+06,4.688691249066079967e+06,3.360102297215144616e+06
-2.707449208823526278e+06,4.688691184347116388e+06,3.360102297215144616e+06
-2.707449132423696108e+06,4.688691119825291447e+06,3.360102297215144616e+06
-2.707449055857226253e+06,4.688691055501301773e+06,3.360102297215144616e+06
-2.707448979124427773e+06,4.688690991375817917e+06,3.360102297215144616e+06
-2.707448902225635480e+06,4.688690927449487150e+06,3.360102297215144616e+06
-2.707448825161204673e+06,4.688690863722934388e+06,3.360102297215144616e+06
-2.707448747931508347e+06,4.688690800196766853e+06,3.360102297215144616e+06
-2.707448670536938123e+06,4.688690736871570349e+06,3.360102297215144616e+06
-2.707448592977899592e+06,4.688690673747917637e+06,3.360102297215144616e+06
-2.707448515254812781e+06,4.688690610826364718e+06,3.360102297215144616e+06
-2.707448437368110754e+06,4.688690548107454553e+06,3.360102297215144616e+06
-2.707448359318237286e+06,4.688690485591718927e+06,3.360102297215144616e+06
-2.707448281105646398e+06,4.688690423279676586e+06,3.360102297215144616e+06
-2.707448202730802353e+06,4.688690361171836033e+06,3.360102297215144616e+06
-2.707448124194177333e+06,4.688690299268698320e+06,3.360102297215144616e+06
-2.707448045496250968e+06,4.688690237570753321e+06,3.360102297215144616e+06
-2.707447966637510341e+06,4.688690176078485325e+06,3.360102297215144616e+06
-2.707447887618449517e+06,4.688690114792369306e+06,3.360102297215144616e+06
-2.707447808439567685e+06,4.688690053712874651e+06,3.360102297215144616e+06
-2.707447729101369623e+06,4.688689992840464227e+06,3.360102297215144616e+06
-2.707447649604365695e+06,4.688689932175595313e+06,3.360102297215144616e+06
-2.707447569949069992e+06,4.688689871718718670e+06,3.360102297215144616e+06
-2.707447490136001259e+06,4.688689811470283195e+06,3.360102297215144616e+06
-2.707447410165681969e+06,4.688689751430728473e+06,3.360102297215144616e+06
-2.707447330038638785e+06,4.688689691600494087e+06,3.360102297215144616e+06
-2.707447249755400699e+06,4.688689631980014034e+06,3.360102297215144616e+06
-2.707447169316499960e+06,4.688689572569717653e+06,3.360102297215144616e+06
-2.707447088722473010e+06,4.688689513370032422e+06,3.360102297215144616e+06
-2.707447007973857224e+06,4.688689454381380230e+06,3.360102297215144616e+06
-2.707446927071193699e+06,4.688689395604182035e+06,3.360102297215144616e+06
-2.707446846015025396e+06,4.688689337038855068e+06,3.360102297215144616e+06
-2.707446764805897139e+06,4.688689278685812838e+06,3.360102297215144616e+06
-2.707446683444357011e+06,4.688689220545466989e+06,3.360102297215144616e+06
-2.707446601930954028e+06,4.688689162618227303e+06,3.360102297215144616e+06
-2.707446520266239531e+06,4.688689104904499836e+06,3.360102297215144616e+06
-2.707446438450766262e+06,4.688689047404687852e+06,3.360102297215144616e+06
-2.707446356485089753e+06,4.688688990119192749e+06,3.360102297215144616e+06
-2.707446274369766004e+06,4.688688933048415929e+06,3.360102297215144616e+06
-2.707446192105352879e+06,4.688688876192754135e+06,3.360102297215144616e+06
-2.707446109692409635e+06,4.688688819552601315e+06,3.360102297215144616e+06
-2.707446027131498326e+06,4.688688763128352351e+06,3.360102297215144616e+06
-2.707445944423180539e+06,4.688688706920398399e+06,3.360102297215144616e+06
-2.707445861568020191e+06,4.688688650929126889e+06,3.360102297215144616e+06
-2.707445778566582128e+06,4.688688595154928043e+06,3.360102297215144616e+06
-2.707445695419433527e+06,4.688688539598185569e+06,3.360102297215144616e+06
-2.707445612127141096e+06,4.688688484259283170e+06,3.360102297215144616e+06
-2.707445528690274339e+06,4.688688429138604552e+06,3.360102297215144616e+06
-2.707445445109403227e+06,4.688688374236528762e+06,3.360102297215144616e+06
-2.707445361385098659e+06,4.688688319553433917e+06,3.360102297215144616e+06
-2.707445277517932933e+06,4.688688265089698136e+06,3.360102297215144616e+06
-2.707445193508480210e+06,4.688688210845694877e+06,3.360102297215144616e+06
-2.707445109357314650e+06,4.688688156821798533e+06,3.360102297215144616e+06
-2.707445025065012276e+06,4.688688103018381633e+06,3.360102297215144616e+06
-2.707444940632149577e+06,4.688688049435812049e+06,3.360102297215144616e+06
-2.707444856059304904e+06,4.688687996074460447e+06,3.360102297215144616e+06
-2.707444771347056143e+06,4.688687942934691906e+06,3.360102297215144616e+06
-2.707444686495984439e+06,4.688687890016872436e+06,3.360102297215144616e+06
-2.707444601506669540e+06,4.688687837321366183e+06,3.360102297215144616e+06
-2.707444516379694454e+06,4.688687784848534502e+06,3.360102297215144616e+06
-2.707444431115641724e+06,4.688687732598736882e+06,3.360102297215144616e+06
-2.707444345715095289e+06,4.688687680572333746e+06,3.360102297215144616e+06
-2.707444260178640019e+06,4.688687628769680858e+06,3.360102297215144616e+06
-2.707444174506862182e+06,4.688687577191133983e+06,3.360102297215144616e+06
-2.707444088700348046e+06,4.688687525837047957e+06,3.360102297215144616e+06
-2.707444002759686206e+06,4.688687474707774818e+06,3.360102297215144616e+06
-2.707443916685464326e+06,4.688687423803664744e+06,3.360102297215144616e+06
-2.707443830478273332e+06,4.688687373125067912e+06,3.360102297215144616e+06
-2.707443744138703216e+06,4.688687322672331706e+06,3.360102297215144616e+06
-2.707443657667345367e+06,4.688687272445801646e+06,3.360102297215144616e+06
-2.707443571064793039e+06,4.688687222445822321e+06,3.360102297215144616e+06
-2.707443484331639018e+06,4.688687172672737390e+06,3.360102297215144616e+06
-2.707443397468477953e+06,4.688687123126887716e+06,3.360102297215144616e+06
-2.707443310475904960e+06,4.688687073808613233e+06,3.360102297215144616e+06
-2.707443223354515620e+06,4.688687024718252011e+06,3.360102297215144616e+06
-2.707443136104908306e+06,4.688686975856140256e+06,3.360102297215144616e+06
-2.707443048727679532e+06,4.688686927222613245e+06,3.360102297215144616e+06
-2.707442961223429069e+06,4.688686878818004392e+06,3.360102297215144616e+06
-2.707442873592755757e+06,4.688686830642646179e+06,3.360102297215144616e+06
-2.707442785836261231e+06,4.688686782696868293e+06,3.360102297215144616e+06
-2.707442697954545729e+06,4.688686734981000423e+06,3.360102297215144616e+06
-2.707442609948212281e+06,4.688686687495367602e+06,3.360102297215144616e+06
-2.707442521817863919e+06,4.688686640240297653e+06,3.360102297215144616e+06
-2.707442433564104605e+06,4.688686593216112815e+06,3.360102297215144616e+06
-2.707442345187538769e+06,4.688686546423136257e+06,3.360102297215144616e+06
-2.707442256688772701e+06,4.688686499861688353e+06,3.360102297215144616e+06
-2.707442168068412691e+06,4.688686453532088548e+06,3.360102297215144616e+06
-2.707442079327065963e+06,4.688686407434655353e+06,3.360102297215144616e+06
-2.707441990465341136e+06,4.688686361569702625e+06,3.360102297215144616e+06
-2.707441901483846828e+06,4.688686315937547013e+06,3.360102297215144616e+06
-2.707441812383193057e+06,4.688686270538499579e+06,3.360102297215144616e+06
-2.707441723163990770e+06,4.688686225372872315e+06,3.360102297215144616e+06
-2.707441633826850913e+06,4.688686180440974422e+06,3.360102297215144616e+06
-2.707441544372385833e+06,4.688686135743114166e+06,3.360102297215144616e+06
-2.707441454801208805e+06,4.688686091279597953e+06,3.360102297215144616e+06
-2.707441365113934036e+06,4.688686047050730325e+06,3.360102297215144616e+06
-2.707441275311175734e+06,4.688686003056814894e+06,3.360102297215144616e+06
-2.707441185393549502e+06,4.688685959298152477e+06,3.360102297215144616e+06
-2.707441095361671876e+06,4.688685915775043890e+06,3.360102297215144616e+06
-2.707441005216159858e+06,4.688685872487787157e+06,3.360102297215144616e+06
-2.707440914957630914e+06,4.688685829436678439e+06,3.360102297215144616e+06
-2.707440824586703908e+06,4.688685786622012965e+06,3.360102297215144616e+06
-2.707440734103998169e+06,4.688685744044084102e+06,3.360102297215144616e+06
-2.707440643510133959e+06,4.688685701703184284e+06,3.360102297215144616e+06
-2.707440552805732470e+06,4.688685659599604085e+06,3.360102297215144616e+06
-2.707440461991414893e+06,4.688685617733630352e+06,3.360102297215144616e+06
-2.707440371067803819e+06,4.688685576105551794e+06,3.360102297215144616e+06
-2.707440280035522301e+06,4.688685534715653397e+06,3.360102297215144616e+06
-2.707440188895194326e+06,4.688685493564217351e+06,3.360102297215144616e+06
-2.707440097647444811e+06,4.688685452651527710e+06,3.360102297215144616e+06
-2.707440006292898674e+06,4.688685411977863871e+06,3.360102297215144616e+06
-2.707439914832182694e+06,4.688685371543504298e+06,3.360102297215144616e+06
-2.707439823265923187e+06,4.688685331348727457e+06,3.360102297215144616e+06
-2.707439731594748329e+06,4.688685291393807158e+06,3.360102297215144616e+06
-2.707439639819285367e+06,4.688685251679018140e+06,3.360102297215144616e+06
-2.707439547940164339e+06,4.688685212204632349e+06,3.360102297215144616e+06
-2.707439455958014354e+06,4.688685172970920801e+06,3.360102297215144616e+06
-2.707439363873466384e+06,4.688685133978152648e+06,3.360102297215144616e+06
-2.707439271687151399e+06,4.688685095226594247e+06,3.360102297215144616e+06
-2.707439179399700835e+06,4.688685056716511026e+06,3.360102297215144616e+06
-2.707439087011747528e+06,4.688685018448168412e+06,3.360102297215144616e+06
-2.707438994523924775e+06,4.688684980421827175e+06,3.360102297215144616e+06
-2.707438901936865877e+06,4.688684942637748085e+06,3.360102297215144616e+06
-2.707438809251206461e+06,4.688684905096190982e+06,3.360102297215144616e+06
-2.707438716467581224e+06,4.688684867797412910e+06,3.360102297215144616e+06
-2.707438623586625792e+06,4.688684830741669983e+06,3.360102297215144616e+06
-2.707438530608977191e+06,4.688684793929214589e+06,3.360102297215144616e+06
-2.707438437535272446e+06,4.688684757360300049e+06,3.360102297215144616e+06
-2.707438344366149511e+06,4.688684721035176888e+06,3.360102297215144616e+06
-2.707438251102247275e+06,4.688684684954094701e+06,3.360102297215144616e+06
-2.707438157744204625e+06,4.688684649117299356e+06,3.360102297215144616e+06
-2.707438064292661380e+06,4.688684613525037654e+06,3.360102297215144616e+06
-2.707437970748258289e+06,4.688684578177553602e+06,3.360102297215144616e+06
-2.707437877111636568e+06,4.688684543075088412e+06,3.360102297215144616e+06
-2.707437783383437432e+06,4.688684508217884228e+06,3.360102297215144616e+06
-2.707437689564303961e+06,4.688684473606178537e+06,3.360102297215144616e+06
-2.707437595654878765e+06,4.688684439240208827e+06,3.360102297215144616e+06
-2.707437501655805390e+06,4.688684405120210722e+06,3.360102297215144616e+06
-2.707437407567728776e+06,4.688684371246418916e+06,3.360102297215144616e+06
-2.707437313391292933e+06,4.688684337619065307e+06,3.360102297215144616e+06
-2.707437219127143733e+06,4.688684304238379002e+06,3.360102297215144616e+06
-2.707437124775927514e+06,4.688684271104590036e+06,3.360102297215144616e+06
-2.707437030338290147e+06,4.688684238217925653e+06,3.360102297215144616e+06
-2.707436935814879835e+06,4.688684205578610301e+06,3.360102297215144616e+06
-2.707436841206344310e+06,4.688684173186868429e+06,3.360102297215144616e+06
-2.707436746513331309e+06,4.688684141042921692e+06,3.360102297215144616e+06
-2.707436651736489963e+06,4.688684109146990813e+06,3.360102297215144616e+06
-2.707436556876470800e+06,4.688684077499294654e+06,3.360102297215144616e+06
-2.707436461933922954e+06,4.688684046100049280e+06,3.360102297215144616e+06
-2.707436366909497418e+06,4.688684014949469827e+06,3.360102297215144616e+06
-2.707436271803846117e+06,4.688683984047770500e+06,3.360102297215144616e+06
-2.707436176617620047e+06,4.688683953395162709e+06,3.360102297215144616e+06
-2.707436081351471599e+06,4.688683922991856001e+06,3.360102297215144616e+06
-2.707435986006054562e+06,4.688683892838059925e+06,3.360102297215144616e+06
-2.707435890582021791e+06,4.688683862933981232e+06,3.360102297215144616e+06
-2.707435795080027077e+06,4.688683833279823884e+06,3.360102297215144616e+06
-2.707435699500725605e+06,4.688683803875790909e+06,3.360102297215144616e+06
-2.707435603844772093e+06,4.688683774722085334e+06,3.360102297215144616e+06
-2.707435508112822659e+06,4.688683745818905532e+06,3.360102297215144616e+06
-2.707435412305532489e+06,4.688683717166449875e+06,3.360102297215144616e+06
-2.707435316423559096e+06,4.688683688764915802e+06,3.360102297215144616e+06
-2.707435220467559062e+06,4.688683660614497028e+06,3.360102297215144616e+06
-2.707435124438190833e+06,4.688683632715386339e+06,3.360102297215144616e+06
-2.707435028336111456e+06,4.688683605067774653e+06,3.360102297215144616e+06
-2.707434932161980774e+06,4.688683577671852894e+06,3.360102297215144616e+06
-2.707434835916456766e+06,4.688683550527808256e+06,3.360102297215144616e+06
-2.707434739600200206e+06,4.688683523635826074e+06,3.360102297215144616e+06
-2.707434643213870935e+06,4.688683496996091679e+06,3.360102297215144616e+06
-2.707434546758128796e+06,4.688683470608786680e+06,3.360102297215144616e+06
-2.707434450233635958e+06,4.688683444474091753e+06,3.360102297215144616e+06
-2.707434353641053196e+06,4.688683418592187576e+06,3.360102297215144616e+06
-2.707434256981043145e+06,4.688683392963250168e+06,3.360102297215144616e+06
-2.707434160254267510e+06,4.688683367587455548e+06,3.360102297215144616e+06
-2.707434063461390324e+06,4.688683342464977875e+06,3.360102297215144616e+06
-2.707433966603074223e+06,4.688683317595989443e+06,3.360102297215144616e+06
-2.707433869679983240e+06,4.688683292980659753e+06,3.360102297215144616e+06
-2.707433772692781873e+06,4.688683268619159237e+06,3.360102297215144616e+06
-2.707433675642134156e+06,4.688683244511652738e+06,3.360102297215144616e+06
-2.707433578528706450e+06,4.688683220658306964e+06,3.360102297215144616e+06
-2.707433481353163254e+06,4.688683197059284896e+06,3.360102297215144616e+06
-2.707433384116171394e+06,4.688683173714748584e+06,3.360102297215144616e+06
-2.707433286818396766e+06,4.688683150624858215e+06,3.360102297215144616e+06
-2.707433189460506663e+06,4.688683127789771184e+06,3.360102297215144616e+06
-2.707433092043167911e+06,4.688683105209643953e+06,3.360102297215144616e+06
-2.707432994567048270e+06,4.688683082884632982e+06,3.360102297215144616e+06
-2.707432897032816429e+06,4.688683060814889148e+06,3.360102297215144616e+06
-2.707432799441140145e+06,4.688683039000565186e+06,3.360102297215144616e+06
-2.707432701792688575e+06,4.688683017441810109e+06,3.360102297215144616e+06
-2.707432604088131338e+06,4.688682996138771065e+06,3.360102297215144616e+06
-2.707432506328137591e+06,4.688682975091595203e+06,3.360102297215144616e+06
-2.707432408513377421e+06,4.688682954300425947e+06,3.360102297215144616e+06
-2.707432310644521378e+06,4.688682933765406720e+06,3.360102297215144616e+06
-2.707432212722240482e+06,4.688682913486677222e+06,3.360102297215144616e+06
-2.707432114747205283e+06,4.688682893464376219e+06,3.360102297215144616e+06
-2.707432016720087733e+06,4.688682873698642477e+06,3.360102297215144616e+06
-2.707431918641559780e+06,4.688682854189610109e+06,3.360102297215144616e+06
-2.707431820512293372e+06,4.688682834937413223e+06,3.360102297215144616e+06
-2.707431722332961392e+06,4.688682815942184068e+06,3.360102297215144616e+06
-2.707431624104236253e+06,4.688682797204053029e+06,3.360102297215144616e+06
-2.707431525826791301e+06,4.688682778723147698e+06,3.360102297215144616e+06
-2.707431427501300815e+06,4.688682760499594733e+06,3.360102297215144616e+06
-2.707431329128437676e+06,4.688682742533519864e+06,3.360102297215144616e+06
-2.707431230708877090e+06,4.688682724825046025e+06,3.360102297215144616e+06
-2.707431132243292872e+06,4.688682707374294288e+06,3.360102297215144616e+06
-2.707431033732360229e+06,4.688682690181383863e+06,3.360102297215144616e+06
-2.707430935176754370e+06,4.688682673246433958e+06,3.360102297215144616e+06
-2.707430836577150505e+06,4.688682656569559127e+06,3.360102297215144616e+06
-2.707430737934224773e+06,4.688682640150874853e+06,3.360102297215144616e+06
-2.707430639248653315e+06,4.688682623990491964e+06,3.360102297215144616e+06
-2.707430540521112271e+06,4.688682608088523149e+06,3.360102297215144616e+06
-2.707430441752277780e+06,4.688682592445077375e+06,3.360102297215144616e+06
-2.707430342942827847e+06,4.688682577060259879e+06,3.360102297215144616e+06
-2.707430244093439542e+06,4.688682561934177764e+06,3.360102297215144616e+06
-2.707430145204789471e+06,4.688682547066934407e+06,3.360102297215144616e+06
-2.707430046277556103e+06,4.688682532458632253e+06,3.360102297215144616e+06
-2.707429947312417440e+06,4.688682518109370023e+06,3.360102297215144616e+06
-2.707429848310051486e+06,4.688682504019246437e+06,3.360102297215144616e+06
-2.707429749271137174e+06,4.688682490188359283e+06,3.360102297215144616e+06
-2.707429650196353439e+06,4.688682476616801694e+06,3.360102297215144616e+06
-2.707429551086378749e+06,4.688682463304667734e+06,3.360102297215144616e+06
-2.707429451941892505e+06,4.688682450252048671e+06,3.360102297215144616e+06
-2.707429352763574570e+06,4.688682437459032983e+06,3.360102297215144616e+06
-2.707429253552104346e+06,4.688682424925710075e+06,3.360102297215144616e+06
-2.707429154308162164e+06,4.688682412652164698e+06,3.360102297215144616e+06
-2.707429055032427888e+06,4.688682400638480671e+06,3.360102297215144616e+06
-2.707428955725582317e+06,4.688682388884740882e+06,3.360102297215144616e+06
-2.707428856388305780e+06,4.688682377391025424e+06,3.360102297215144616e+06
-2.707428757021279074e+06,4.688682366157414392e+06,3.360102297215144616e+06
-2.707428657625183463e+06,4.688682355183983222e+06,3.360102297215144616e+06
-2.707428558200700209e+06,4.688682344470807351e+06,3.360102297215144616e+06
-2.707428458748510573e+06,4.688682334017961286e+06,3.360102297215144616e+06
-2.707428359269296750e+06,4.688682323825515807e+06,3.360102297215144616e+06
-2.707428259763739537e+06,4.688682313893540762e+06,3.360102297215144616e+06
-2.707428160232521594e+06,4.688682304222104140e+06,3.360102297215144616e+06
-2.707428060676325113e+06,4.688682294811272994e+06,3.360102297215144616e+06
-2.707427961095832288e+06,4.688682285661111586e+06,3.360102297215144616e+06
-2.707427861491725780e+06,4.688682276771681383e+06,3.360102297215144616e+06
-2.707427761864688247e+06,4.688682268143044785e+06,3.360102297215144616e+06
-2.707427662215402350e+06,4.688682259775260463e+06,3.360102297215144616e+06
-2.707427562544551212e+06,4.688682251668386161e+06,3.360102297215144616e+06
-2.707427462852817960e+06,4.688682243822475895e+06,3.360102297215144616e+06
-2.707427363140885718e+06,4.688682236237585545e+06,3.360102297215144616e+06
-2.707427263409437612e+06,4.688682228913766332e+06,3.360102297215144616e+06
-2.707427163659158163e+06,4.688682221851067618e+06,3.360102297215144616e+06
-2.707427063890730496e+06,4.688682215049537830e+06,3.360102297215144616e+06
-2.707426964104837738e+06,4.688682208509225398e+06,3.360102297215144616e+06
-2.707426864302165341e+06,4.688682202230173163e+06,3.360102297215144616e+06
-2.707426764483395964e+06,4.688682196212425828e+06,3.360102297215144616e+06
-2.707426664649214130e+06,4.688682190456022508e+06,3.360102297215144616e+06
-2.707426564800304361e+06,4.688682184961005114e+06,3.360102297215144616e+06
-2.707426464937350713e+06,4.688682179727409035e+06,3.360102297215144616e+06
-2.707426365061038174e+06,4.688682174755271524e+06,3.360102297215144616e+06
-2.707426265172050800e+06,4.688682170044627041e+06,3.360102297215144616e+06
-2.707426165271073114e+06,4.688682165595506318e+06,3.360102297215144616e+06
-2.707426065358790103e+06,4.688682161407941021e+06,3.360102297215144616e+06
-2.707425965435886290e+06,4.688682157481959090e+06,3.360102297215144616e+06
-2.707425865503047127e+06,4.688682153817588463e+06,3.360102297215144616e+06
-2.707425765560956672e+06,4.688682150414853357e+06,3.360102297215144616e+06
-2.707425665610300843e+06,4.688682147273777053e+06,3.360102297215144616e+06
-2.707425565651764162e+06,4.688682144394381903e+06,3.360102297215144616e+06
-2.707425465686031617e+06,4.688682141776687466e+06,3.360102297215144616e+06
-2.707425365713788662e+06,4.688682139420710504e+06,3.360102297215144616e+06
-2.707425265735720284e+06,4.688682137326468714e+06,3.360102297215144616e+06
-2.707425165752511472e+06,4.688682135493976064e+06,3.360102297215144616e+06
-2.707425065764848609e+06,4.688682133923243731e+06,3.360102297215144616e+06
-2.707424965773415752e+06,4.688682132614284754e+06,3.360102297215144616e+06
-2.707424865778898820e+06,4.688682131567105651e+06,3.360102297215144616e+06
-2.707424765781982802e+06,4.688682130781715736e+06,3.360102297215144616e+06
-2.707424665783353616e+06,4.688682130258119665e+06,3.360102297215144616e+06
-2.707424565783696249e+06,4.688682129996320233e+06,3.360102297215144616e+06
-2.707424465783696622e+06,4.688682129996320233e+06,3.360102297215144616e+06
-2.707424365784039255e+06,4.688682130258119665e+06,3.360102297215144616e+06
-2.707424265785410069e+06,4.688682130781715736e+06,3.360102297215144616e+06
-2.707424165788494051e+06,4.688682131567105651e+06,3.360102297215144616e+06
-2.707424065793977119e+06,4.688682132614284754e+06,3.360102297215144616e+06
-2.707423965802544262e+06,4.688682133923243731e+06,3.360102297215144616e+06
-2.707423865814881399e+06,4.688682135493976064e+06,3.360102297215144616e+06
-2.707423765831672587e+06,4.688682137326468714e+06,3.360102297215144616e+06
-2.707423665853604209e+06,4.688682139420710504e+06,3.360102297215144616e+06
-2.707423565881361254e+06,4.688682141776687466e+06,3.360102297215144616e+06
-2.707423465915628709e+06,4.688682144394381903e+06,3.360102297215144616e+06
-2.707423365957092028e+06,4.688682147273777053e+06,3.360102297215144616e+06
-2.707423266006436199e+06,4.688682150414853357e+06,3.360102297215144616e+06
-2.707423166064345744e+06,4.688682153817588463e+06,3.360102297215144616e+06
-2.707423066131506581e+06,4.688682157481959090e+06,3.360102297215144616e+06
-2.707422966208602767e+06,4.688682161407941021e+06,3.360102297215144616e+06
-2.707422866296319757e+06,4.688682165595506318e+06,3.360102297215144616e+06
-2.707422766395342071e+06,4.688682170044627041e+06,3.360102297215144616e+06
-2.707422666506354697e+06,4.688682174755271524e+06,3.360102297215144616e+06
-2.707422566630042158e+06,4.688682179727409035e+06,3.360102297215144616e+06
-2.707422466767088510e+06,4.688682184961005114e+06,3.360102297215144616e+06
-2.707422366918178741e+06,4.688682190456022508e+06,3.360102297215144616e+06
-2.707422267083996907e+06,4.688682196212425828e+06,3.360102297215144616e+06
-2.707422167265227530e+06,4.688682202230173163e+06,3.360102297215144616e+06
-2.707422067462555133e+06,4.688682208509225398e+06,3.360102297215144616e+06
-2.707421967676662374e+06,4.688682215049537830e+06,3.360102297215144616e+06
-2.707421867908234708e+06,4.688682221851067618e+06,3.360102297215144616e+06
-2.707421768157955259e+06,4.688682228913766332e+06,3.360102297215144616e+06
-2.707421668426507153e+06,4.688682236237585545e+06,3.360102297215144616e+06
-2.707421568714574911e+06,4.688682243822475895e+06,3.360102297215144616e+06
-2.707421469022841658e+06,4.688682251668386161e+06,3.360102297215144616e+06
-2.707421369351990521e+06,4.688682259775260463e+06,3.360102297215144616e+06
-2.707421269702704623e+06,4.688682268143044785e+06,3.360102297215144616e+06
-2.707421170075667091e+06,4.688682276771681383e+06,3.360102297215144616e+06
-2.707421070471560583e+06,4.688682285661111586e+06,3.360102297215144616e+06
-2.707420970891067758e+06,4.688682294811272994e+06,3.360102297215144616e+06
-2.707420871334871277e+06,4.688682304222104140e+06,3.360102297215144616e+06
-2.707420771803653333e+06,4.688682313893540762e+06,3.360102297215144616e+06
-2.707420672298096586e+06,4.688682323825515807e+06,3.360102297215144616e+06
-2.707420572818882298e+06,4.688682334017961286e+06,3.360102297215144616e+06
-2.707420473366692662e+06,4.688682344470807351e+06,3.360102297215144616e+06
-2.707420373942209408e+06,4.688682355183983222e+06,3.360102297215144616e+06
-2.707420274546113797e+06,4.688682366157414392e+06,3.360102297215144616e+06
-2.707420175179087091e+06,4.688682377391025424e+06,3.360102297215144616e+06
-2.707420075841810554e+06,4.688682388884740882e+06,3.360102297215144616e+06
-2.707419976534964982e+06,4.688682400638480671e+06,3.360102297215144616e+06
-2.707419877259230707e+06,4.688682412652164698e+06,3.360102297215144616e+06
-2.707419778015288524e+06,4.688682424925710075e+06,3.360102297215144616e+06
-2.707419678803818300e+06,4.688682437459032983e+06,3.360102297215144616e+06
-2.707419579625500366e+06,4.688682450252048671e+06,3.360102297215144616e+06
-2.707419480481014121e+06,4.688682463304667734e+06,3.360102297215144616e+06
-2.707419381371039432e+06,4.688682476616801694e+06,3.360102297215144616e+06
-2.707419282296255697e+06,4.688682490188359283e+06,3.360102297215144616e+06
-2.707419183257341385e+06,4.688682504019246437e+06,3.360102297215144616e+06
-2.707419084254975431e+06,4.688682518109370023e+06,3.360102297215144616e+06
-2.707418985289836768e+06,4.688682532458632253e+06,3.360102297215144616e+06
-2.707418886362603400e+06,4.688682547066934407e+06,3.360102297215144616e+06
-2.707418787473953329e+06,4.688682561934177764e+06,3.360102297215144616e+06
-2.707418688624565024e+06,4.688682577060259879e+06,3.360102297215144616e+06
-2.707418589815115090e+06,4.688682592445077375e+06,3.360102297215144616e+06
-2.707418491046280600e+06,4.688682608088523149e+06,3.360102297215144616e+06
-2.707418392318739556e+06,4.688682623990491964e+06,3.360102297215144616e+06
-2.707418293633168098e+06,4.688682640150874853e+06,3.360102297215144616e+06
-2.707418194990242366e+06,4.688682656569559127e+06,3.360102297215144616e+06
-2.707418096390638500e+06,4.688682673246433958e+06,3.360102297215144616e+06
-2.707417997835032642e+06,4.688682690181383863e+06,3.360102297215144616e+06
-2.707417899324099999e+06,4.688682707374294288e+06,3.360102297215144616e+06
-2.707417800858515780e+06,4.688682724825046025e+06,3.360102297215144616e+06
-2.707417702438955195e+06,4.688682742533519864e+06,3.360102297215144616e+06
-2.707417604066092055e+06,4.688682760499594733e+06,3.360102297215144616e+06
-2.707417505740601569e+06,4.688682778723147698e+06,3.360102297215144616e+06
-2.707417407463156618e+06,4.688682797204053029e+06,3.360102297215144616e+06
-2.707417309234431479e+06,4.688682815942184068e+06,3.360102297215144616e+06
-2.707417211055099498e+06,4.688682834937413223e+06,3.360102297215144616e+06
-2.707417112925833091e+06,4.688682854189610109e+06,3.360102297215144616e+06
-2.707417014847305138e+06,4.688682873698642477e+06,3.360102297215144616e+06
-2.707416916820187587e+06,4.688682893464376219e+06,3.360102297215144616e+06
-2.707416818845152389e+06,4.688682913486677222e+06,3.360102297215144616e+06
-2.707416720922871493e+06,4.688682933765406720e+06,3.360102297215144616e+06
-2.707416623054015450e+06,4.688682954300425947e+06,3.360102297215144616e+06
-2.707416525239255279e+06,4.688682975091595203e+06,3.360102297215144616e+06
-2.707416427479261532e+06,4.688682996138771065e+06,3.360102297215144616e+06
-2.707416329774704296e+06,4.688683017441810109e+06,3.360102297215144616e+06
-2.707416232126252726e+06,4.688683039000565186e+06,3.360102297215144616e+06
-2.707416134534576442e+06,4.688683060814889148e+06,3.360102297215144616e+06
-2.707416037000344601e+06,4.688683082884632982e+06,3.360102297215144616e+06
-2.707415939524224959e+06,4.688683105209643953e+06,3.360102297215144616e+06
-2.707415842106886208e+06,4.688683127789771184e+06,3.360102297215144616e+06
-2.707415744748996105e+06,4.688683150624858215e+06,3.360102297215144616e+06
-2.707415647451221477e+06,4.688683173714748584e+06,3.360102297215144616e+06
-2.707415550214229617e+06,4.688683197059284896e+06,3.360102297215144616e+06
-2.707415453038686421e+06,4.688683220658306964e+06,3.360102297215144616e+06
-2.707415355925258715e+06,4.688683244511652738e+06,3.360102297215144616e+06
-2.707415258874610998e+06,4.688683268619159237e+06,3.360102297215144616e+06
-2.707415161887409631e+06,4.688683292980659753e+06,3.360102297215144616e+06
-2.707415064964318648e+06,4.688683317595989443e+06,3.360102297215144616e+06
-2.707414968106002547e+06,4.688683342464977875e+06,3.360102297215144616e+06
-2.707414871313125361e+06,4.688683367587455548e+06,3.360102297215144616e+06
-2.707414774586349726e+06,4.688683392963250168e+06,3.360102297215144616e+06
-2.707414677926339675e+06,4.688683418592187576e+06,3.360102297215144616e+06
-2.707414581333756912e+06,4.688683444474091753e+06,3.360102297215144616e+06
-2.707414484809264075e+06,4.688683470608786680e+06,3.360102297215144616e+06
-2.707414388353521936e+06,4.688683496996091679e+06,3.360102297215144616e+06
-2.707414291967192665e+06,4.688683523635826074e+06,3.360102297215144616e+06
-2.707414195650936104e+06,4.688683550527808256e+06,3.360102297215144616e+06
-2.707414099405412097e+06,4.688683577671852894e+06,3.360102297215144616e+06
-2.707414003231281415e+06,4.688683605067774653e+06,3.360102297215144616e+06
-2.707413907129202038e+06,4.688683632715386339e+06,3.360102297215144616e+06
-2.707413811099833809e+06,4.688683660614497028e+06,3.360102297215144616e+06
-2.707413715143833775e+06,4.688683688764915802e+06,3.360102297215144616e+06
-2.707413619261860382e+06,4.688683717166449875e+06,3.360102297215144616e+06
-2.707413523454570211e+06,4.688683745818905532e+06,3.360102297215144616e+06
-2.707413427722620778e+06,4.688683774722085334e+06,3.360102297215144616e+06
-2.707413332066667266e+06,4.688683803875790909e+06,3.360102297215144616e+06
-2.707413236487365793e+06,4.688683833279823884e+06,3.360102297215144616e+06
-2.707413140985371079e+06,4.688683862933981232e+06,3.360102297215144616e+06
-2.707413045561338309e+06,4.688683892838059925e+06,3.360102297215144616e+06
-2.707412950215921272e+06,4.688683922991856001e+06,3.360102297215144616e+06
-2.707412854949772824e+06,4.688683953395162709e+06,3.360102297215144616e+06
-2.707412759763546754e+06,4.688683984047770500e+06,3.360102297215144616e+06
-2.707412664657895453e+06,4.688684014949469827e+06,3.360102297215144616e+06
-2.707412569633469917e+06,4.688684046100049280e+06,3.360102297215144616e+06
-2.707412474690922070e+06,4.688684077499294654e+06,3.360102297215144616e+06
-2.707412379830902908e+06,4.688684109146991745e+06,3.360102297215144616e+06
-2.707412285054061562e+06,4.688684141042922623e+06,3.360102297215144616e+06
-2.707412190361049026e+06,4.688684173186868429e+06,3.360102297215144616e+06
-2.707412095752513036e+06,4.688684205578610301e+06,3.360102297215144616e+06
-2.707412001229102723e+06,4.688684238217925653e+06,3.360102297215144616e+06
-2.707411906791465357e+06,4.688684271104590036e+06,3.360102297215144616e+06
-2.707411812440249138e+06,4.688684304238379002e+06,3.360102297215144616e+06
-2.707411718176099937e+06,4.688684337619065307e+06,3.360102297215144616e+06
-2.707411623999664094e+06,4.688684371246418916e+06,3.360102297215144616e+06
-2.707411529911587480e+06,4.688684405120211653e+06,3.360102297215144616e+06
-2.707411435912514105e+06,4.688684439240208827e+06,3.360102297215144616e+06
-2.707411342003088910e+06,4.688684473606178537e+06,3.360102297215144616e+06
-2.707411248183955438e+06,4.688684508217884228e+06,3.360102297215144616e+06
-2.707411154455756303e+06,4.688684543075089343e+06,3.360102297215144616e+06
-2.707411060819134582e+06,4.688684578177553602e+06,3.360102297215144616e+06
-2.707410967274731491e+06,4.688684613525038585e+06,3.360102297215144616e+06
-2.707410873823188245e+06,4.688684649117299356e+06,3.360102297215144616e+06
-2.707410780465145595e+06,4.688684684954094701e+06,3.360102297215144616e+06
-2.707410687201243360e+06,4.688684721035177819e+06,3.360102297215144616e+06
-2.707410594032120425e+06,4.688684757360300049e+06,3.360102297215144616e+06
-2.707410500958416145e+06,4.688684793929214589e+06,3.360102297215144616e+06
-2.707410407980767544e+06,4.688684830741669983e+06,3.360102297215144616e+06
-2.707410315099812113e+06,4.688684867797413841e+06,3.360102297215144616e+06
-2.707410222316186875e+06,4.688684905096191913e+06,3.360102297215144616e+06
-2.707410129630526993e+06,4.688684942637749016e+06,3.360102297215144616e+06
-2.707410037043468561e+06,4.688684980421828106e+06,3.360102297215144616e+06
-2.707409944555645809e+06,4.688685018448169343e+06,3.360102297215144616e+06
-2.707409852167692501e+06,4.688685056716512889e+06,3.360102297215144616e+06
-2.707409759880241938e+06,4.688685095226595178e+06,3.360102297215144616e+06
-2.707409667693926953e+06,4.688685133978154510e+06,3.360102297215144616e+06
-2.707409575609378982e+06,4.688685172970922664e+06,3.360102297215144616e+06
-2.707409483627228998e+06,4.688685212204634212e+06,3.360102297215144616e+06
-2.707409391748108435e+06,4.688685251679020002e+06,3.360102297215144616e+06
-2.707409299972645473e+06,4.688685291393809021e+06,3.360102297215144616e+06
-2.707409208301470615e+06,4.688685331348729320e+06,3.360102297215144616e+06
-2.707409116735211108e+06,4.688685371543507092e+06,3.360102297215144616e+06
-2.707409025274495129e+06,4.688685411977866665e+06,3.360102297215144616e+06
-2.707408933919949457e+06,4.688685452651531436e+06,3.360102297215144616e+06
-2.707408842672199942e+06,4.688685493564221077e+06,3.360102297215144616e+06
-2.707408751531872433e+06,4.688685534715657122e+06,3.360102297215144616e+06
-2.707408660499590915e+06,4.688685576105556451e+06,3.360102297215144616e+06
-2.707408569575980306e+06,4.688685617733635940e+06,3.360102297215144616e+06
-2.707408478761662729e+06,4.688685659599609673e+06,3.360102297215144616e+06
-2.707408388057261240e+06,4.688685701703190804e+06,3.360102297215144616e+06
-2.707408297463397495e+06,4.688685744044091552e+06,3.360102297215144616e+06
-2.707408206980692223e+06,4.688685786622020416e+06,3.360102297215144616e+06
-2.707408116609765682e+06,4.688685829436686821e+06,3.360102297215144616e+06
-2.707408026351237204e+06,4.688685872487796471e+06,3.360102297215144616e+06
-2.707407936205725651e+06,4.688685915775054134e+06,3.360102297215144616e+06
-2.707407846173848491e+06,4.688685959298164584e+06,3.360102297215144616e+06
-2.707407756256223191e+06,4.688686003056827933e+06,3.360102297215144616e+06
-2.707407666453465354e+06,4.688686047050744295e+06,3.360102297215144616e+06
-2.707407576766191516e+06,4.688686091279613785e+06,3.360102297215144616e+06
-2.707407487195015419e+06,4.688686135743131861e+06,3.360102297215144616e+06
-2.707407397740551271e+06,4.688686180440993980e+06,3.360102297215144616e+06
-2.707407308403412346e+06,4.688686225372893736e+06,3.360102297215144616e+06
-2.707407219184210990e+06,4.688686270538522862e+06,3.360102297215144616e+06
-2.707407130083558615e+06,4.688686315937573090e+06,3.360102297215144616e+06
-2.707407041102065705e+06,4.688686361569732428e+06,3.360102297215144616e+06
-2.707406952240342740e+06,4.688686407434687950e+06,3.360102297215144616e+06
-2.707406863498997875e+06,4.688686453532124870e+06,3.360102297215144616e+06
-2.707406774878640193e+06,4.688686499861728400e+06,3.360102297215144616e+06
-2.707406686379876453e+06,4.688686546423180960e+06,3.360102297215144616e+06
-2.707406598003313411e+06,4.688686593216162175e+06,3.360102297215144616e+06
-2.707406509749556892e+06,4.688686640240352601e+06,3.360102297215144616e+06
-2.707406421619211324e+06,4.688686687495429069e+06,3.360102297215144616e+06
-2.707406333612881601e+06,4.688686734981067479e+06,3.360102297215144616e+06
-2.707406245731170289e+06,4.688686782696943730e+06,3.360102297215144616e+06
-2.707406157974679954e+06,4.688686830642729998e+06,3.360102297215144616e+06
-2.707406070344012231e+06,4.688686878818097524e+06,3.360102297215144616e+06
-2.707405982839766890e+06,4.688686927222715691e+06,3.360102297215144616e+06
-2.707405895462544635e+06,4.688686975856253877e+06,3.360102297215144616e+06
-2.707405808212943841e+06,4.688687024718377739e+06,3.360102297215144616e+06
-2.707405721091562882e+06,4.688687073808753863e+06,3.360102297215144616e+06
-2.707405634098998271e+06,4.688687123127043247e+06,3.360102297215144616e+06
-2.707405547235846985e+06,4.688687172672910616e+06,3.360102297215144616e+06
-2.707405460502704140e+06,4.688687222446014173e+06,3.360102297215144616e+06
-2.707405373900163453e+06,4.688687272446013987e+06,3.360102297215144616e+06
-2.707405287428819574e+06,4.688687322672567330e+06,3.360102297215144616e+06
-2.707405201089264359e+06,4.688687373125329614e+06,3.360102297215144616e+06
-2.707405114882090129e+06,4.688687423803955317e+06,3.360102297215144616e+06
-2.707405028807887342e+06,4.688687474708097056e+06,3.360102297215144616e+06
-2.707404942867246456e+06,4.688687525837405585e+06,3.360102297215144616e+06
-2.707404857060755603e+06,4.688687577191530727e+06,3.360102297215144616e+06
-2.707404771389003843e+06,4.688687628770121373e+06,3.360102297215144616e+06
-2.707404685852577910e+06,4.688687680572821759e+06,3.360102297215144616e+06
-2.707404600452064071e+06,4.688687732599278912e+06,3.360102297215144616e+06
-2.707404515188047662e+06,4.688687784849135205e+06,3.360102297215144616e+06
-2.707404430061113089e+06,4.688687837322033010e+06,3.360102297215144616e+06
-2.707404345071843360e+06,4.688687890017612837e+06,3.360102297215144616e+06
-2.707404260220821947e+06,4.688687942935512401e+06,3.360102297215144616e+06
-2.707404175508629996e+06,4.688687996075370349e+06,3.360102297215144616e+06
-2.707404090935847722e+06,4.688688049436822534e+06,3.360102297215144616e+06
-2.707404006503055338e+06,4.688688103019502014e+06,3.360102297215144616e+06
-2.707403922210831195e+06,4.688688156823041849e+06,3.360102297215144616e+06
-2.707403838059752714e+06,4.688688210847074166e+06,3.360102297215144616e+06
-2.707403754050397314e+06,4.688688265091227368e+06,3.360102297215144616e+06
-2.707403670183340553e+06,4.688688319555130787e+06,3.360102297215144616e+06
-2.707403586459157057e+06,4.688688374238410965e+06,3.360102297215144616e+06
-2.707403502878420986e+06,4.688688429140693508e+06,3.360102297215144616e+06
-2.707403419441705104e+06,4.688688484261600301e+06,3.360102297215144616e+06
-2.707403336149580777e+06,4.688688539600755088e+06,3.360102297215144616e+06
-2.707403253002619836e+06,4.688688595157778822e+06,3.360102297215144616e+06
-2.707403170001391321e+06,4.688688650932289660e+06,3.360102297215144616e+06
-2.707403087146464270e+06,4.688688706923905760e+06,3.360102297215144616e+06
-2.707403004438406788e+06,4.688688763132243417e+06,3.360102297215144616e+06
-2.707402921877785586e+06,4.688688819556917995e+06,3.360102297215144616e+06
-2.707402839465166908e+06,4.688688876197541133e+06,3.360102297215144616e+06
-2.707402757201115135e+06,4.688688933053726330e+06,3.360102297215144616e+06
-2.707402675086194184e+06,4.688688990125083365e+06,3.360102297215144616e+06
-2.707402593120967038e+06,4.688689047411220148e+06,3.360102297215144616e+06
-2.707402511305995286e+06,4.688689104911745526e+06,3.360102297215144616e+06
-2.707402429641839582e+06,4.688689162626264617e+06,3.360102297215144616e+06
-2.707402348129060119e+06,4.688689220554381609e+06,3.360102297215144616e+06
-2.707402266768215224e+06,4.688689278695700690e+06,3.360102297215144616e+06
-2.707402185559862759e+06,4.688689337049821392e+06,3.360102297215144616e+06
-2.707402104504558723e+06,4.688689395616345108e+06,3.360102297215144616e+06
-2.707402023602859117e+06,4.688689454394870438e+06,3.360102297215144616e+06
-2.707401942855318543e+06,4.688689513384994119e+06,3.360102297215144616e+06
-2.707401862262490671e+06,4.688689572586311959e+06,3.360102297215144616e+06
-2.707401781824926846e+06,4.688689631998418830e+06,3.360102297215144616e+06
-2.707401701543179341e+06,4.688689691620905884e+06,3.360102297215144616e+06
-2.707401621417798102e+06,4.688689751453366131e+06,3.360102297215144616e+06
-2.707401541449332144e+06,4.688689811495388858e+06,3.360102297215144616e+06
-2.707401461638330016e+06,4.688689871746562421e+06,3.360102297215144616e+06
-2.707401381985338405e+06,4.688689932206473313e+06,3.360102297215144616e+06
-2.707401302490903065e+06,4.688689992874708958e+06,3.360102297215144616e+06
-2.707401223155568819e+06,4.688690053750851192e+06,3.360102297215144616e+06
-2.707401143979880027e+06,4.688690114834484644e+06,3.360102297215144616e+06
-2.707401064964378718e+06,4.688690176125190221e+06,3.360102297215144616e+06
-2.707400986109606456e+06,4.688690237622547895e+06,3.360102297215144616e+06
-2.707400907416104339e+06,4.688690299326134846e+06,3.360102297215144616e+06
-2.707400828884411603e+06,4.688690361235530116e+06,3.360102297215144616e+06
-2.707400750515065622e+06,4.688690423350308090e+06,3.360102297215144616e+06
-2.707400672308604233e+06,4.688690485670043156e+06,3.360102297215144616e+06
-2.707400594265563879e+06,4.688690548194308765e+06,3.360102297215144616e+06
-2.707400516386478208e+06,4.688690610922676511e+06,3.360102297215144616e+06
-2.707400438671882264e+06,4.688690673854715191e+06,3.360102297215144616e+06
-2.707400361122307833e+06,4.688690736989994533e+06,3.360102297215144616e+06
-2.707400283738286700e+06,4.688690800328082405e+06,3.360102297215144616e+06
-2.707400206520349719e+06,4.688690863868542947e+06,3.360102297215144616e+06
-2.707400129469025414e+06,4.688690927610942163e+06,3.360102297215144616e+06
-2.707400052584842313e+06,4.688690991554842331e+06,3.360102297215144616e+06
-2.707399975868327077e+06,4.688691055699805729e+06,3.360102297215144616e+06
-2.707399899320005439e+06,4.688691120045391843e+06,3.360102297215144616e+06
-2.707399822940402664e+06,4.688691184591161087e+06,3.360102297215144616e+06
-2.707399746730042156e+06,4.688691249336669222e+06,3.360102297215144616e+06
-2.707399670689445455e+06,4.688691314281473868e+06,3.360102297215144616e+06
-2.707399594819134101e+06,4.688691379425129853e+06,3.360102297215144616e+06
-2.707399519119628705e+06,4.688691444767190143e+06,3.360102297215144616e+06
-2.707399443591447547e+06,4.688691510307207704e+06,3.360102297215144616e+06
-2.707399368235108443e+06,4.688691576044731773e+06,3.360102297215144616e+06
-2.707399293051127344e+06,4.688691641979313456e+06,3.360102297215144616e+06
-2.707399218040020671e+06,4.688691708110500127e+06,3.360102297215144616e+06
-2.707399143202301580e+06,4.688691774437838234e+06,3.360102297215144616e+06
-2.707399068538483232e+06,4.688691840960874222e+06,3.360102297215144616e+06
-2.707398994049077388e+06,4.688691907679150812e+06,3.360102297215144616e+06
-2.707398919734594878e+06,4.688691974592211656e+06,3.360102297215144616e+06
-2.707398845595545135e+06,4.688692041699597612e+06,3.360102297215144616e+06
-2.707398771632435266e+06,4.688692109000848606e+06,3.360102297215144616e+06
-2.707398697845773306e+06,4.688692176495503634e+06,3.360102297215144616e+06
-2.707398624236064963e+06,4.688692244183100760e+06,3.360102297215144616e+06
-2.707398550803814083e+06,4.688692312063175254e+06,3.360102297215144616e+06
-2.707398477549524046e+06,4.688692380135262385e+06,3.360102297215144616e+06
-2.707398404473697301e+06,4.688692448398895562e+06,3.360102297215144616e+06
-2.707398331576834433e+06,4.688692516853605397e+06,3.360102297215144616e+06
-2.707398258859435562e+06,4.688692585498925298e+06,3.360102297215144616e+06
-2.707398186321998481e+06,4.688692654334382154e+06,3.360102297215144616e+06
-2.707398113965020515e+06,4.688692723359506577e+06,3.360102297215144616e+06
-2.707398041770879645e+06,4.688692792554926127e+06,3.360102297215144616e+06
-2.707397969723635353e+06,4.688692861903282814e+06,3.360102297215144616e+06
-2.707397897808874957e+06,4.688692931389017031e+06,3.360102297215144616e+06
-2.707397826013573445e+06,4.688693000998173840e+06,3.360102297215144616e+06
-2.707397754325966816e+06,4.688693070718235336e+06,3.360102297215144616e+06
-2.707397682735431474e+06,4.688693140537968837e+06,3.360102297215144616e+06
-2.707397611232378986e+06,4.688693210447292775e+06,3.360102297215144616e+06
-2.707397539808156900e+06,4.688693280437152833e+06,3.360102297215144616e+06
-2.707397468454959802e+06,4.688693350499419495e+06,3.360102297215144616e+06
-2.707397397165747825e+06,4.688693420626791194e+06,3.360102297215144616e+06
-2.707397325934173539e+06,4.688693490812707692e+06,3.360102297215144616e+06
-2.707397254754513968e+06,4.688693561051272787e+06,3.360102297215144616e+06
-2.707397183621611446e+06,4.688693631337190047e+06,3.360102297215144616e+06
-2.707397112530816346e+06,4.688693701665696688e+06,3.360102297215144616e+06
-2.707397041477940045e+06,4.688693772032513283e+06,3.360102297215144616e+06
-2.707396970459208824e+06,4.688693842433789745e+06,3.360102297215144616e+06
-2.707396899471221957e+06,4.688693912866067141e+06,3.360102297215144616e+06
-2.707396828510916792e+06,4.688693983326233923e+06,3.360102297215144616e+06
-2.707396757575534284e+06,4.688694053811491467e+06,3.360102297215144616e+06
-2.707396686662590131e+06,4.688694124319323339e+06,3.360102297215144616e+06
-2.707396615769846365e+06,4.688694194847465493e+06,3.360102297215144616e+06
-2.707396544895287603e+06,4.688694265393882990e+06,3.360102297215144616e+06
-2.707396474037100095e+06,4.688694335956742987e+06,3.360102297215144616e+06
-2.707396403193649836e+06,4.688694406534398906e+06,3.360102297215144616e+06
-2.707396332363465335e+06,4.688694477125368081e+06,3.360102297215144616e+06
-2.707396261545222253e+06,4.688694547728317790e+06,3.360102297215144616e+06
-2.707396190737728029e+06,4.688694618342047557e+06,3.360102297215144616e+06
-2.707396119939909782e+06,4.688694688965477981e+06,3.360102297215144616e+06
-2.707396049150800798e+06,4.688694759597637691e+06,3.360102297215144616e+06
-2.707395978369530756e+06,4.688694830237653106e+06,3.360102297215144616e+06
-2.707395907595316879e+06,4.688694900884739123e+06,3.360102297215144616e+06
-2.707395836827454157e+06,4.688694971538186073e+06,3.360102297215144616e+06
-2.707395766065307427e+06,4.688695042197357863e+06,3.360102297215144616e+06
-2.707395695308306254e+06,4.688695112861682661e+06,3.360102297215144616e+06
-2.707395624555935618e+06,4.688695183530643582e+06,3.360102297215144616e+06
-2.707395553807733580e+06,4.688695254203777760e+06,3.360102297215144616e+06
-2.707395483063282445e+06,4.688695324880667031e+06,3.360102297215144616e+06
-2.707395412322208285e+06,4.688695395560936071e+06,3.360102297215144616e+06
-2.707395341584173031e+06,4.688695466244245879e+06,3.360102297215144616e+06
-2.707395270848873071e+06,4.688695536930293776e+06,3.360102297215144616e+06
-2.707395200116035063e+06,4.688695607618805021e+06,3.360102297215144616e+06
-2.707395129385412671e+06,4.688695678309532814e+06,3.360102297215144616e+06
-2.707395058656784240e+06,4.688695749002256431e+06,3.360102297215144616e+06
-2.707394987929950934e+06,4.688695819696775638e+06,3.360102297215144616e+06
-2.707394917204732541e+06,4.688695890392910689e+06,3.360102297215144616e+06
-2.707394846480968408e+06,4.688695961090500467e+06,3.360102297215144616e+06
-2.707394775758512784e+06,4.688696031789398752e+06,3.360102297215144616e+06
-2.707394705037234351e+06,4.688696102489475161e+06,3.360102297215144616e+06
-2.707394634317016229e+06,4.688696173190612346e+06,3.360102297215144616e+06
-2.707394563597752247e+06,4.688696243892703205e+06,3.360102297215144616e+06
-2.707394492879346479e+06,4.688696314595652744e+06,3.360102297215144616e+06
-2.707394422161713708e+06,4.688696385299375281e+06,3.360102297215144616e+06
-2.707394351444776170e+06,4.688696456003793515e+06,3.360102297215144616e+06
-2.707394280728464480e+06,4.688696526708837599e+06,3.360102297215144616e+06
-2.707394210012716241e+06,4.688696597414446063e+06,3.360102297215144616e+06
-2.707394139297475107e+06,4.688696668120560236e+06,3.360102297215144616e+06
-2.707394068582690321e+06,4.688696738827131689e+06,3.360102297215144616e+06
-2.707393997868315782e+06,4.688696809534112923e+06,3.360102297215144616e+06
-2.707393927154310979e+06,4.688696880241464823e+06,3.360102297215144616e+06
-2.707393856440639123e+06,4.688696950949148275e+06,3.360102297215144616e+06
-2.707393785727266688e+06,4.688697021657132544e+06,3.360102297215144616e+06
-2.707393715014163405e+06,4.688697092365385033e+06,3.360102297215144616e+06
-2.707393644301302731e+06,4.688697163073880598e+06,3.360102297215144616e+06
-2.707393573588660453e+06,4.688697233782594092e+06,3.360102297215144616e+06
-2.707393502876214217e+06,4.688697304491505027e+06,3.360102297215144616e+06
-2.707393432163944934e+06,4.688697375200591981e+06,3.360102297215144616e+06
-2.707393361451834906e+06,4.688697445909837261e+06,3.360102297215144616e+06
-2.707393290739867836e+06,4.688697516619226895e+06,3.360102297215144616e+06
-2.707393220028029755e+06,4.688697587328745052e+06,3.360102297215144616e+06
-2.707393149316308089e+06,4.688697658038379624e+06,3.360102297215144616e+06
-2.707393078604690265e+06,4.688697728748117574e+06,3.360102297215144616e+06
-2.707393007893166505e+06,4.688697799457950518e+06,3.360102297215144616e+06
-2.707392937181727495e+06,4.688697870167867281e+06,3.360102297215144616e+06
-2.707392866470364388e+06,4.688697940877860412e+06,3.360102297215144616e+06
-2.707392795759069733e+06,4.688698011587922461e+06,3.360102297215144616e+06
-2.707392725047837012e+06,4.688698082298045978e+06,3.360102297215144616e+06
-2.707392654336659703e+06,4.688698153008224443e+06,3.360102297215144616e+06
-2.707392583625532221e+06,4.688698223718453199e+06,3.360102297215144616e+06
-2.707392512914449442e+06,4.688698294428726658e+06,3.360102297215144616e+06
-2.707392442203407176e+06,4.688698365139041096e+06,3.360102297215144616e+06
-2.707392371492401697e+06,4.688698435849391855e+06,3.360102297215144616e+06
-2.707392300781428814e+06,4.688698506559775211e+06,3.360102297215144616e+06
-2.707392230070485268e+06,4.688698577270187438e+06,3.360102297215144616e+06
-2.707392159359568264e+06,4.688698647980626673e+06,3.360102297215144616e+06
-2.707392088648675010e+06,4.688698718691090122e+06,3.360102297215144616e+06
-2.707392017937803641e+06,4.688698789401574992e+06,3.360102297215144616e+06
-2.707391947226951364e+06,4.688698860112078488e+06,3.360102297215144616e+06
-2.707391876516116783e+06,4.688698930822600611e+06,3.360102297215144616e+06
-2.707391805805297568e+06,4.688699001533137634e+06,3.360102297215144616e+06
-2.707391735094492324e+06,4.688699072243688628e+06,3.360102297215144616e+06
-2.707391664383700117e+06,4.688699142954252660e+06,3.360102297215144616e+06
-2.707391593672919087e+06,4.688699213664827868e+06,3.360102297215144616e+06
-2.707391522962148767e+06,4.688699284375413321e+06,3.360102297215144616e+06
-2.707391452251387294e+06,4.688699355086008087e+06,3.360102297215144616e+06
-2.707391381540634204e+06,4.688699425796611235e+06,3.360102297215144616e+06
-2.707391310829888564e+06,4.688699496507221833e+06,3.360102297215144616e+06
-2.707391240119149908e+06,4.688699567217839882e+06,3.360102297215144616e+06
-2.707391169408416841e+06,4.688699637928462587e+06,3.360102297215144616e+06
-2.707391098697689828e+06,4.688699708639091812e+06,3.360102297215144616e+06
-2.707391027986967470e+06,4.688699779349725693e+06,3.360102297215144616e+06
-2.707390957276249304e+06,4.688699850060364231e+06,3.360102297215144616e+06
-2.707390886565535329e+06,4.688699920771006495e+06,3.360102297215144616e+06
-2.707390815854825079e+06,4.688699991481652483e+06,3.360102297215144616e+06
-2.707390745144118089e+06,4.688700062192301266e+06,3.360102297215144616e+06
-2.707390674433413427e+06,4.688700132902952842e+06,3.360102297215144616e+06
-2.707390603722712025e+06,4.688700203613608144e+06,3.360102297215144616e+06
-2.707390533012012485e+06,4.688700274324264377e+06,3.360102297215144616e+06
-2.707390462301315740e+06,4.688700345034924336e+06,3.360102297215144616e+06
-2.707390391590620391e+06,4.688700415745585226e+06,3.360102297215144616e+06
-2.707390320879926905e+06,4.688700486456247978e+06,3.360102297215144616e+06
-2.707390250169234816e+06,4.688700557166911662e+06,3.360102297215144616e+06
-2.707390179458544124e+06,4.688700627877577208e+06,3.360102297215144616e+06
-2.707390108747854829e+06,4.688700698588244617e+06,3.360102297215144616e+06
-2.707390038037166465e+06,4.688700769298912026e+06,3.360102297215144616e+06
-2.707389967326479033e+06,4.688700840009581298e+06,3.360102297215144616e+06
-2.707389896615792997e+06,4.688700910720251501e+06,3.360102297215144616e+06
-2.707389825905107427e+06,4.688700981430921704e+06,3.360102297215144616e+06
-2.707389755194422789e+06,4.688701052141593769e+06,3.360102297215144616e+06
-2.707389684483738616e+06,4.688701122852265835e+06,3.360102297215144616e+06
-2.707389613773054909e+06,4.688701193562937900e+06,3.360102297215144616e+06
-2.707389543062372133e+06,4.688701264273611829e+06,3.360102297215144616e+06
-2.707389472351689823e+06,4.688701334984285757e+06,3.360102297215144616e+06
-2.707389401641007513e+06,4.688701405694959685e+06,3.360102297215144616e+06
-2.707389330930326134e+06,4.688701476405634545e+06,3.360102297215144616e+06
-2.707389260219644755e+06,4.688701547116309404e+06,3.360102297215144616e+06
-2.707389189508963842e+06,4.688701617826984264e+06,3.360102297215144616e+06
-2.707389118798282929e+06,4.688701688537660055e+06,3.360102297215144616e+06
-2.707389048087602481e+06,4.688701759248335846e+06,3.360102297215144616e+06
-2.707388977376922499e+06,4.688701829959011637e+06,3.360102297215144616e+06
-2.707388906666242518e+06,4.688701900669688359e+06,3.360102297215144616e+06
-2.707388835955562536e+06,4.688701971380364150e+06,3.360102297215144616e+06
-2.707388765244883019e+06,4.688702042091040872e+06,3.360102297215144616e+06
-2.707388694534203503e+06,4.688702112801717594e+06,3.360102297215144616e+06
-2.707388623823523987e+06,4.688702183512394316e+06,3.360102297215144616e+06
-2.707388553112844937e+06,4.688702254223071970e+06,3.360102297215144616e+06
-2.707388482402165886e+06,4.688702324933748692e+06,3.360102297215144616e+06
-2.707388411691486835e+06,4.688702395644426346e+06,3.360102297215144616e+06
-2.707388340980807785e+06,4.688702466355103068e+06,3.360102297215144616e+06
-2.707388270270128734e+06,4.688702537065780722e+06,3.360102297215144616e+06
-2.707388199559450150e+06,4.688702607776458375e+06,3.360102297215144616e+06
-2.707388128848771565e+06,4.688702678487136029e+06,3.360102297215144616e+06
-2.707388058138092980e+06,4.688702749197813682e+06,3.360102297215144616e+06
-2.707387987427414395e+06,4.688702819908491336e+06,3.360102297215144616e+06
-2.707387916716735810e+06,4.688702890619168989e+06,3.360102297215144616e+06
-2.707387846006057225e+06,4.688702961329846643e+06,3.360102297215144616e+06
-2.707387775295378640e+06,4.688703032040524296e+06,3.360102297215144616e+06
-2.707387704584700055e+06,4.688703102751201950e+06,3.360102297215144616e+06
-2.707387633874021936e+06,4.688703173461879604e+06,3.360102297215144616e+06
-2.707387563163343351e+06,4.688703244172557257e+06,3.360102297215144616e+06
-2.707387492452665232e+06,4.688703314883235842e+06,3.360102297215144616e+06
-2.707387421741986647e+06,4.688703385593913496e+06,3.360102297215144616e+06
-2.707387351031308528e+06,4.688703456304591149e+06,3.360102297215144616e+06
-2.707387280320630409e+06,4.688703527015269734e+06,3.360102297215144616e+06
-2.707387209609951824e+06,4.688703597725947388e+06,3.360102297215144616e+06
-2.707387138899273705e+06,4.688703668436625041e+06,3.360102297215144616e+06
-2.707387068188595586e+06,4.688703739147303626e+06,3.360102297215144616e+06
-2.707386997477917466e+06,4.688703809857981279e+06,3.360102297215144616e+06
-2.707386926767238881e+06,4.688703880568658933e+06,3.360102297215144616e+06
-2.707386856056560762e+06,4.688703951279337518e+06,3.360102297215144616e+06
-2.707386785345882643e+06,4.688704021990015171e+06,3.360102297215144616e+06
-2.707386714635204524e+06,4.688704092700693756e+06,3.360102297215144616e+06
-2.707386643924526405e+06,4.688704163411371410e+06,3.360102297215144616e+06
-2.707386573213848285e+06,4.688704234122049063e+06,3.360102297215144616e+06
-2.707386502503169701e+06,4.688704304832727648e+06,3.360102297215144616e+06
-2.707386431792491581e+06,4.688704375543405302e+06,3.360102297215144616e+06
-2.707386361081813462e+06,4.688704446254083887e+06,3.360102297215144616e+06
-2.707386290371135343e+06,4.688704516964761540e+06,3.360102297215144616e+06
-2.707386219660457224e+06,4.688704587675440125e+06,3.360102297215144616e+06
-2.707386148949779104e+06,4.688704658386117779e+06,3.360102297215144616e+06
-2.707386078239100985e+06,4.688704729096796364e+06,3.360102297215144616e+06
-2.707386007528422866e+06,4.688704799807474017e+06,3.360102297215144616e+06
-2.707385936817744747e+06,4.688704870518152602e+06,3.360102297215144616e+06
-2.707385866107066628e+06,4.688704941228830256e+06,3.360102297215144616e+06
-2.707385795396388508e+06,4.688705011939508840e+06,3.360102297215144616e+06
-2.707385724685710389e+06,4.688705082650186494e+06,3.360102297215144616e+06
-2.707385653975032270e+06,4.688705153360865079e+06,3.360102297215144616e+06
-2.707385583264354151e+06,4.688705224071542732e+06,3.360102297215144616e+06
-2.707385512553676032e+06,4.688705294782221317e+06,3.360102297215144616e+06
-2.707385441842997912e+06,4.688705365492898971e+06,3.360102297215144616e+06
-2.707385371132319793e+06,4.688705436203576624e+06,3.360102297215144616e+06
-2.707385300421641674e+06,4.688705506914255209e+06,3.360102297215144616e+06
-2.707385229710963555e+06,4.688705577624932863e+06,3.360102297215144616e+06
-2.707385159000285435e+06,4.688705648335611448e+06,3.360102297215144616e+06
-2.707385088289607316e+06,4.688705719046289101e+06,3.360102297215144616e+06
-2.707385017578929197e+06,4.688705789756967686e+06,3.360102297215144616e+06
-2.707384946868251078e+06,4.688705860467645340e+06,3.360102297215144616e+06
-2.707384876157572959e+06,4.688705931178323925e+06,3.360102297215144616e+06
-2.707384805446894839e+06,4.688706001889001578e+06,3.360102297215144616e+06
-2.707384734736216720e+06,4.688706072599680163e+06,3.360102297215144616e+06
-2.707384664025538601e+06,4.688706143310357817e+06,3.360102297215144616e+06
-2.707384593314860482e+06,4.688706214021036401e+06,3.360102297215144616e+06
-2.707384522604182363e+06,4.688706284731714055e+06,3.360102297215144616e+06
-2.707384451893504243e+06,4.688706355442392640e+06,3.360102297215144616e+06
-2.707384381182826124e+06,4.688706426153070293e+06,3.360102297215144616e+06
-2.707384310472148005e+06,4.688706496863748878e+06,3.360102297215144616e+06
-2.707384239761469420e+06,4.688706567574426532e+06,3.360102297215144616e+06
-2.707384169050791301e+06,4.688706638285105117e+06,3.360102297215144616e+06
-2.707384098340113182e+06,4.688706708995782770e+06,3.360102297215144616e+06
-2.707384027629435062e+06,4.688706779706461355e+06,3.360102297215144616e+06
-2.707383956918756943e+06,4.688706850417139009e+06,3.360102297215144616e+06
-2.707383886208078824e+06,4.688706921127817594e+06,3.360102297215144616e+06
-2.707383815497400705e+06,4.688706991838495247e+06,3.360102297215144616e+06
-2.707383744786722586e+06,4.688707062549173832e+06,3.360102297215144616e+06
-2.707383674076044466e+06,4.688707133259851485e+06,3.360102297215144616e+06
-2.707383603365366347e+06,4.688707203970530070e+06,3.360102297215144616e+06
-2.707383532654688228e+06,4.688707274681207724e+06,3.360102297215144616e+06
-2.707383461944010109e+06,4.688707345391886309e+06,3.360102297215144616e+06
-2.707383391233331989e+06,4.688707416102563962e+06,3.360102297215144616e+06
-2.707383320522653870e+06,4.688707486813242547e+06,3.360102297215144616e+06
-2.707383249811975751e+06,4.688707557523920201e+06,3.360102297215144616e+06
-2.707383179101297632e+06,4.688707628234598786e+06,3.360102297215144616e+06
-2.707383108390619513e+06,4.688707698945276439e+06,3.360102297215144616e+06
-2.707383037679941393e+06,4.688707769655955024e+06,3.360102297215144616e+06
-2.707382966969263274e+06,4.688707840366632678e+06,3.360102297215144616e+06
-2.707382896258585155e+06,4.688707911077311262e+06,3.360102297215144616e+06
-2.707382825547907036e+06,4.688707981787988916e+06,3.360102297215144616e+06
-2.707382754837228917e+06,4.688708052498667501e+06,3.360102297215144616e+06
-2.707382684126550797e+06,4.688708123209345154e+06,3.360102297215144616e+06
-2.707382613415872678e+06,4.688708193920023739e+06,3.360102297215144616e+06
-2.707382542705194559e+06,4.688708264630701393e+06,3.360102297215144616e+06
-2.707382471994516440e+06,4.688708335341379978e+06,3.360102297215144616e+06
-2.707382401283838321e+06,4.688708406052057631e+06,3.360102297215144616e+06
-2.707382330573160201e+06,4.688708476762736216e+06,3.360102297215144616e+06
-2.707382259862482082e+06,4.688708547473413870e+06,3.360102297215144616e+06
-2.707382189151803963e+06,4.688708618184092455e+06,3.360102297215144616e+06
-2.707382118441126309e+06,4.688708688894770108e+06,3.360102297215144616e+06
-2.707382047730448190e+06,4.688708759605448693e+06,3.360102297215144616e+06
-2.707381977019770071e+06,4.688708830316126347e+06,3.360102297215144616e+06
-2.707381906309091952e+06,4.688708901026804931e+06,3.360102297215144616e+06
-2.707381835598413832e+06,4.688708971737482585e+06,3.360102297215144616e+06
-2.707381764887735713e+06,4.688709042448161170e+06,3.360102297215144616e+06
-2.707381694177057594e+06,4.688709113158838823e+06,3.360102297215144616e+06
-2.707381623466379475e+06,4.688709183869517408e+06,3.360102297215144616e+06
-2.707381552755701356e+06,4.688709254580195062e+06,3.360102297215144616e+06
-2.707381482045023236e+06,4.688709325290873647e+06,3.360102297215144616e+06
-2.707381411334345117e+06,4.688709396001551300e+06,3.360102297215144616e+06
-2.707381340623666998e+06,4.688709466712229885e+06,3.360102297215144616e+06
-2.707381269912988879e+06,4.688709537422907539e+06,3.360102297215144616e+06
-2.707381199202310760e+06,4.688709608133586124e+06,3.360102297215144616e+06
-2.707381128491632640e+06,4.688709678844263777e+06,3.360102297215144616e+06
-2.707381057780954521e+06,4.688709749554942362e+06,3.360102297215144616e+06
-2.707380987070276402e+06,4.688709820265620016e+06,3.360102297215144616e+06
-2.707380916359598283e+06,4.688709890976298600e+06,3.360102297215144616e+06
-2.707380845648920164e+06,4.688709961686976254e+06,3.360102297215144616e+06
-2.707380774938242044e+06,4.688710032397654839e+06,3.360102297215144616e+06
-2.707380704227563925e+06,4.688710103108332492e+06,3.360102297215144616e+06
-2.707380633516885806e+06,4.688710173819011077e+06,3.360102297215144616e+06
-2.707380562806207687e+06,4.688710244529688731e+06,3.360102297215144616e+06
-2.707380492095529567e+06,4.688710315240367316e+06,3.360102297215144616e+06
-2.707380421384851448e+06,4.688710385951044969e+06,3.360102297215144616e+06
-2.707380350674173329e+06,4.688710456661723554e+06,3.360102297215144616e+06
-2.707380279963495210e+06,4.688710527372401208e+06,3.360102297215144616e+06
-2.707380209252817091e+06,4.688710598083079793e+06,3.360102297215144616e+06
-2.707380138542138971e+06,4.688710668793757446e+06,3.360102297215144616e+06
-2.707380067831460852e+06,4.688710739504436031e+06,3.360102297215144616e+06
-2.707379997120782733e+06,4.688710810215113685e+06,3.360102297215144616e+06
-2.707379926410104614e+06,4.688710880925792269e+06,3.360102297215144616e+06
-2.707379855699426495e+06,4.688710951636469923e+06,3.360102297215144616e+06
-2.707379784988748375e+06,4.688711022347148508e+06,3.360102297215144616e+06
-2.707379714278070256e+06,4.688711093057826161e+06,3.360102297215144616e+06
-2.707379643567392137e+06,4.688711163768504746e+06,3.360102297215144616e+06
-2.707379572856714018e+06,4.688711234479182400e+06,3.360102297215144616e+06
-2.707379502146035898e+06,4.688711305189860985e+06,3.360102297215144616e+06
-2.707379431435357779e+06,4.688711375900538638e+06,3.360102297215144616e+06
-2.707379360724679660e+06,4.688711446611217223e+06,3.360102297215144616e+06
-2.707379290014001541e+06,4.688711517321894877e+06,3.360102297215144616e+06
-2.707379219303323422e+06,4.688711588032573462e+06,3.360102297215144616e+06
-2.707379148592645302e+06,4.688711658743251115e+06,3.360102297215144616e+06
-2.707379077881967183e+06,4.688711729453929700e+06,3.360102297215144616e+06
-2.707379007171289064e+06,4.688711800164607354e+06,3.360102297215144616e+06
-2.707378936460610945e+06,4.688711870875285938e+06,3.360102297215144616e+06
-2.707378865749932826e+06,4.688711941585963592e+06,3.360102297215144616e+06
-2.707378795039254706e+06,4.688712012296642177e+06,3.360102297215144616e+06
-2.707378724328576587e+06,4.688712083007319830e+06,3.360102297215144616e+06
-2.707378653617898468e+06,4.688712153717998415e+06,3.360102297215144616e+06
-2.707378582907220349e+06,4.688712224428676069e+06,3.360102297215144616e+06
-2.707378512196542230e+06,4.688712295139354654e+06,3.360102297215144616e+06
-2.707378441485864110e+06,4.688712365850032307e+06,3.360102297215144616e+06
-2.707378370775185991e+06,4.688712436560710892e+06,3.360102297215144616e+06
-2.707378300064507872e+06,4.688712507271388546e+06,3.360102297215144616e+06
-2.707378229353829753e+06,4.688712577982067131e+06,3.360102297215144616e+06
-2.707378158643151633e+06,4.688712648692744784e+06,3.360102297215144616e+06
-2.707378087932473514e+06,4.688712719403423369e+06,3.360102297215144616e+06
-2.707378017221795395e+06,4.688712790114101022e+06,3.360102297215144616e+06
-2.707377946511117276e+06,4.688712860824779607e+06,3.360102297215144616e+06
-2.707377875800439157e+06,4.688712931535457261e+06,3.360102297215144616e+06
-2.707377805089761037e+06,4.688713002246135846e+06,3.360102297215144616e+06
-2.707377734379082918e+06,4.688713072956813499e+06,3.360102297215144616e+06
-2.707377663668404799e+06,4.688713143667492084e+06,3.360102297215144616e+06
-2.707377592957726680e+06,4.688713214378169738e+06,3.360102297215144616e+06
-2.707377522247048561e+06,4.688713285088848323e+06,3.360102297215144616e+06
-2.707377451536370441e+06,4.688713355799525976e+06,3.360102297215144616e+06
-2.707377380825692322e+06,4.688713426510204561e+06,3.360102297215144616e+06
-2.707377310115014203e+06,4.688713497220882215e+06,3.360102297215144616e+06
-2.707377239404336084e+06,4.688713567931560799e+06,3.360102297215144616e+06
-2.707377168693657964e+06,4.688713638642238453e+06,3.360102297215144616e+06
-2.707377097982979845e+06,4.688713709352917038e+06,3.360102297215144616e+06
-2.707377027272301726e+06,4.688713780063594691e+06,3.360102297215144616e+06
