accel_only_with_bias_x (m/s^2),accel_only_with_bias_y (m/s^2),accel_only_with_bias_z (m/s^2)
0.000000000000000000e+00,0.000000000000000000e+00,-9.794839130570458963e+00
0.000000000000000000e+00,0.000000000000000000e+00,-9.794839130570458963e+00
0.000000000000000000e+00,0.000000000000000000e+00,-9.794839130570458963e+00
0.000000000000000000e+00,0.000000000000000000e+00,-9.794839130570458963e+00
0.000000000000000000e+00,0.000000000000000000e+00,-9.794839130570458963e+00
0.000000000000000000e+00,0.000000000000000000e+00,-9.794839130570458963e+00
0.000000000000000000e+00,0.000000000000000000e+00,-9.794839130570458963e+00
0.000000000000000000e+00,0.000000000000000000e+00,-9.794839130570458963e+00
0.000000000000000000e+00,0.000000000000000000e+00,-9.794839130570458963e+00
0.000000000000000000e+00,0.000000000000000000e+00,-9.794839130570458963e+00
0.000000000000000000e+00,0.000000000000000000e+00,-9.794839130570458963e+00
0.000000000000000000e+00,0.000000000000000000e+00,-9.794839130570458963e+00
0.000000000000000000e+00,0.000000000000000000e+00,-9.794839130570458963e+00
0.000000000000000000e+00,0.000000000000000000e+00,-9.794839130570458963e+00
0.000000000000000000e+00,0.000000000000000000e+00,-9.794839130570458963e+00
0.000000000000000000e+00,0.000000000000000000e+00,-9.794839130570458963e+00
0.000000000000000000e+00,0.000000000000000000e+00,-9.794839130570458963e+00
0.000000000000000000e+00,0.000000000000000000e+00,-9.794839130570458963e+00
0.000000000000000000e+00,0.000000000000000000e+00,-9.794839130570458963e+00
0.000000000000000000e+00,0.000000000000000000e+00,-9.794839130570458963e+00
0.000000000000000000e+00,0.000000000000000000e+00,-9.794839130570458963e+00
0.000000000000000000e+00,0.000000000000000000e+00,-9.794839130570458963e+00
0.000000000000000000e+00,0.000000000000000000e+00,-9.794839130570458963e+00
0.000000000000000000e+00,0.000000000000000000e+00,-9.794839130570458963e+00
0.000000000000000000e+00,0.000000000000000000e+00,-9.794839130570458963e+00
0.000000000000000000e+00,0.000000000000000000e+00,-9.794839130570458963e+00
0.000000000000000000e+00,0.000000000000000000e+00,-9.794839130570458963e+00
0.000000000000000000e+00,0.000000000000000000e+00,-9.794839130570458963e+00
0.000000000000000000e+00,0.000000000000000000e+00,-9.794839130570458963e+00
0.000000000000000000e+00,0.000000000000000000e+00,-9.794839130570458963e+00
0.000000000000000000e+00,0.000000000000000000e+00,-9.794839130570458963e+00
0.000000000000000000e+00,0.000000000000000000e+00,-9.794839130570458963e+00
0.000000000000000000e+00,0.000000000000000000e+00,-9.794839130570458963e+00
0.000000000000000000e+00,0.000000000000000000e+00,-9.794839130570458963e+00
0.000000000000000000e+00,0.000000000000000000e+00,-9.794839130570458963e+00
0.000000000000000000e+00,0.000000000000000000e+00,-9.794839130570458963e+00
0.000000000000000000e+00,0.000000000000000000e+00,-9.794839130570458963e+00
0.000000000000000000e+00,0.000000000000000000e+00,-9.794839130570458963e+00
0.000000000000000000e+00,0.000000000000000000e+00,-9.794839130570458963e+00
0.000000000000000000e+00,0.000000000000000000e+00,-9.794839130570458963e+00
0.000000000000000000e+00,0.000000000000000000e+00,-9.794839130570458963e+00
0.000000000000000000e+00,0.000000000000000000e+00,-9.794839130570458963e+00
0.000000000000000000e+00,0.000000000000000000e+00,-9.794839130570458963e+00
0.000000000000000000e+00,0.000000000000000000e+00,-9.794839130570458963e+00
0.000000000000000000e+00,0.000000000000000000e+00,-9.794839130570458963e+00
0.000000000000000000e+00,0.000000000000000000e+00,-9.794839130570458963e+00
0.000000000000000000e+00,0.000000000000000000e+00,-9.794839130570458963e+00
0.000000000000000000e+00,0.000000000000000000e+00,-9.794839130570458963e+00
0.000000000000000000e+00,0.000000000000000000e+00,-9.794839130570458963e+00
0.000000000000000000e+00,0.000000000000000000e+00,-9.794839130570458963e+00
0.000000000000000000e+00,0.000000000000000000e+00,-9.794839130570458963e+00
0.000000000000000000e+00,0.000000000000000000e+00,-9.794839130570458963e+00
0.000000000000000000e+00,0.000000000000000000e+00,-9.794839130570458963e+00
0.000000000000000000e+00,0.000000000000000000e+00,-9.794839130570458963e+00
0.000000000000000000e+00,0.000000000000000000e+00,-9.794839130570458963e+00
0.000000000000000000e+00,0.000000000000000000e+00,-9.794839130570458963e+00
0.000000000000000000e+00,0.000000000000000000e+00,-9.794839130570458963e+00
0.000000000000000000e+00,0.000000000000000000e+00,-9.794839130570458963e+00
0.000000000000000000e+00,0.000000000000000000e+00,-9.794839130570458963e+00
0.000000000000000000e+00,0.000000000000000000e+00,-9.794839130570458963e+00
0.000000000000000000e+00,0.000000000000000000e+00,-9.794839130570458963e+00
0.000000000000000000e+00,0.000000000000000000e+00,-9.794839130570458963e+00
0.000000000000000000e+00,0.000000000000000000e+00,-9.794839130570458963e+00
0.000000000000000000e+00,0.000000000000000000e+00,-9.794839130570458963e+00
0.000000000000000000e+00,0.000000000000000000e+00,-9.794839130570458963e+00
0.000000000000000000e+00,0.000000000000000000e+00,-9.794839130570458963e+00
0.000000000000000000e+00,0.000000000000000000e+00,-9.794839130570458963e+00
0.000000000000000000e+00,0.000000000000000000e+00,-9.794839130570458963e+00
0.000000000000000000e+00,0.000000000000000000e+00,-9.794839130570458963e+00
0.000000000000000000e+00,0.000000000000000000e+00,-9.794839130570458963e+00
0.000000000000000000e+00,0.000000000000000000e+00,-9.794839130570458963e+00
0.000000000000000000e+00,0.000000000000000000e+00,-9.794839130570458963e+00
0.000000000000000000e+00,0.000000000000000000e+00,-9.794839130570458963e+00
0.000000000000000000e+00,0.000000000000000000e+00,-9.794839130570458963e+00
0.000000000000000000e+00,0.000000000000000000e+00,-9.794839130570458963e+00
0.000000000000000000e+00,0.000000000000000000e+00,-9.794839130570458963e+00
0.000000000000000000e+00,0.000000000000000000e+00,-9.794839130570458963e+00
0.000000000000000000e+00,0.000000000000000000e+00,-9.794839130570458963e+00
0.000000000000000000e+00,0.000000000000000000e+00,-9.794839130570458963e+00
0.000000000000000000e+00,0.000000000000000000e+00,-9.794839130570458963e+00
0.000000000000000000e+00,0.000000000000000000e+00,-9.794839130570458963e+00
0.000000000000000000e+00,0.000000000000000000e+00,-9.794839130570458963e+00
0.000000000000000000e+00,0.000000000000000000e+00,-9.794839130570458963e+00
0.000000000000000000e+00,0.000000000000000000e+00,-9.794839130570458963e+00
0.000000000000000000e+00,0.000000000000000000e+00,-9.794839130570458963e+00
0.000000000000000000e+00,0.000000000000000000e+00,-9.794839130570458963e+00
0.000000000000000000e+00,0.000000000000000000e+00,-9.794839130570458963e+00
0.000000000000000000e+00,0.000000000000000000e+00,-9.794839130570458963e+00
0.000000000000000000e+00,0.000000000000000000e+00,-9.794839130570458963e+00
0.000000000000000000e+00,0.000000000000000000e+00,-9.794839130570458963e+00
0.000000000000000000e+00,0.000000000000000000e+00,-9.794839130570458963e+00
0.000000000000000000e+00,0.000000000000000000e+00,-9.794839130570458963e+00
0.000000000000000000e+00,0.000000000000000000e+00,-9.794839130570458963e+00
0.000000000000000000e+00,0.000000000000000000e+00,-9.794839130570458963e+00
0.000000000000000000e+00,0.000000000000000000e+00,-9.794839130570458963e+00
0.000000000000000000e+00,0.000000000000000000e+00,-9.794839130570458963e+00
0.000000000000000000e+00,0.000000000000000000e+00,-9.794839130570458963e+00
0.000000000000000000e+00,0.000000000000000000e+00,-9.794839130570458963e+00
0.000000000000000000e+00,0.000000000000000000e+00,-9.794839130570458963e+00
0.000000000000000000e+00,0.000000000000000000e+00,-9.794839130570458963e+00
0.000000000000000000e+00,2.617993877991493523e-01,-9.794839130570458963e+00
0.000000000000000000e+00,4.974188368183837805e-01,-9.794839130570458963e+00
0.000000000000000000e+00,7.094763409356947825e-01,-9.794839130570458963e+00
0.000000000000000000e+00,9.003280946412748342e-01,-9.794839130570458963e+00
0.000000000000000000e+00,1.072094672976296792e+00,-9.794839130570458963e+00
0.000000000000000000e+00,1.226684593477816332e+00,-9.794839130570458963e+00
0.000000000000000000e+00,1.365815521929184317e+00,-9.794839130570458963e+00
0.000000000000000000e+00,1.491033357535415105e+00,-9.794839130570458963e+00
0.000000000000000000e+00,1.603729409581022836e+00,-9.794839130570458963e+00
0.000000000000000000e+00,1.705155856422069682e+00,-9.794839130570458963e+00
0.000000000000000000e+00,1.796439658579012111e+00,-9.794839130570458963e+00
0.000000000000000000e+00,1.878595080520260252e+00,-9.794839130570458963e+00
0.000000000000000000e+00,1.952534960267383601e+00,-9.794839130570458963e+00
0.000000000000000000e+00,2.019080852039794483e+00,-9.794839130570458963e+00
0.000000000000000000e+00,2.078972154634964209e+00,-9.794839130570458963e+00
0.000000000000000000e+00,2.132874326970616963e+00,-9.794839130570458963e+00
0.000000000000000000e+00,2.181386282072704574e+00,-9.794839130570458963e+00
0.000000000000000000e+00,2.225047041664583780e+00,-9.794839130570458963e+00
0.000000000000000000e+00,2.264341725297274621e+00,-9.794839130570458963e+00
0.000000000000000000e+00,2.299706940566696556e+00,-9.794839130570458963e+00
0.000000000000000000e+00,2.331535634309175986e+00,-9.794839130570458963e+00
0.000000000000000000e+00,2.360181458677407917e+00,-9.794839130570458963e+00
0.000000000000000000e+00,2.385962700608816434e+00,-9.794839130570458963e+00
0.000000000000000000e+00,2.409165818347084098e+00,-9.794839130570458963e+00
0.000000000000000000e+00,2.430048624311524907e+00,-9.794839130570458963e+00
0.000000000000000000e+00,2.448843149679521769e+00,-9.794839130570458963e+00
0.000000000000000000e+00,2.465758222510718856e+00,-9.794839130570458963e+00
0.000000000000000000e+00,2.480981788058796322e+00,-9.794839130570458963e+00
0.000000000000000000e+00,2.494682997052065865e+00,-9.794839130570458963e+00
0.000000000000000000e+00,2.507014085146008764e+00,-9.794839130570458963e+00
0.000000000000000000e+00,2.518112064430557240e+00,-9.794839130570458963e+00
0.000000000000000000e+00,2.528100245786650824e+00,-9.794839130570458963e+00
0.000000000000000000e+00,2.537089609007135316e+00,-9.794839130570458963e+00
0.000000000000000000e+00,2.545180035905571625e+00,-9.794839130570458963e+00
0.000000000000000000e+00,2.552461420114163992e+00,-9.794839130570458963e+00
0.000000000000000000e+00,2.559014665901897079e+00,-9.794839130570458963e+00
0.000000000000000000e+00,2.564912587110856901e+00,-9.794839130570458963e+00
0.000000000000000000e+00,2.570220716198920563e+00,-9.794839130570458963e+00
0.000000000000000000e+00,2.574998032378177815e+00,-9.794839130570458963e+00
0.000000000000000000e+00,2.579297616939509208e+00,-9.794839130570458963e+00
0.000000000000000000e+00,2.583167243044707906e+00,-9.794839130570458963e+00
0.000000000000000000e+00,2.586649906539386645e+00,-9.794839130570458963e+00
0.000000000000000000e+00,2.589784303684597333e+00,-9.794839130570458963e+00
0.000000000000000000e+00,2.592605261115287441e+00,-9.794839130570458963e+00
0.000000000000000000e+00,2.595144122802908182e+00,-9.794839130570458963e+00
0.000000000000000000e+00,2.597429098321766716e+00,-9.794839130570458963e+00
0.000000000000000000e+00,2.599485576288739885e+00,-9.794839130570458963e+00
0.000000000000000000e+00,2.601336406459014761e+00,-9.794839130570458963e+00
0.000000000000000000e+00,2.603002153612262504e+00,-9.794839130570458963e+00
0.000000000000000000e+00,2.604501326050185916e+00,-9.794839130570458963e+00
0.000000000000000000e+00,2.605850581244316899e+00,-9.794839130570458963e+00
0.000000000000000000e+00,2.607064910919034695e+00,-9.794839130570458963e+00
0.000000000000000000e+00,2.608157807626280800e+00,-9.794839130570458963e+00
0.000000000000000000e+00,2.609141414662802028e+00,-9.794839130570458963e+00
0.000000000000000000e+00,2.610026660995671044e+00,-9.794839130570458963e+00
0.000000000000000000e+00,2.610823382695253603e+00,-9.794839130570458963e+00
0.000000000000000000e+00,2.611540432224877417e+00,-9.794839130570458963e+00
0.000000000000000000e+00,2.612185776801539294e+00,-9.794839130570458963e+00
0.000000000000000000e+00,2.612766586920534539e+00,-9.794839130570458963e+00
0.000000000000000000e+00,2.613289316027630704e+00,-9.794839130570458963e+00
0.000000000000000000e+00,2.613759772224017119e+00,-9.794839130570458963e+00
0.000000000000000000e+00,2.614183182800764449e+00,-9.794839130570458963e+00
0.000000000000000000e+00,2.614564252319837578e+00,-9.794839130570458963e+00
0.000000000000000000e+00,2.614907214887003395e+00,-9.794839130570458963e+00
0.000000000000000000e+00,2.615215881197452408e+00,-9.794839130570458963e+00
0.000000000000000000e+00,2.615493680876856519e+00,-9.794839130570458963e+00
0.000000000000000000e+00,2.615743700588319953e+00,-9.794839130570458963e+00
0.000000000000000000e+00,2.615968718328637088e+00,-9.794839130570458963e+00
0.000000000000000000e+00,2.616171234294922598e+00,-9.794839130570458963e+00
0.000000000000000000e+00,2.616353498664580002e+00,-9.794839130570458963e+00
0.000000000000000000e+00,2.616517536597271487e+00,-9.794839130570458963e+00
0.000000000000000000e+00,2.616665170736693913e+00,-9.794839130570458963e+00
0.000000000000000000e+00,2.616798041462173874e+00,-9.794839130570458963e+00
0.000000000000000000e+00,2.616917625115106283e+00,-9.794839130570458963e+00
0.000000000000000000e+00,2.617025250402744696e+00,-9.794839130570458963e+00
0.000000000000000000e+00,2.617122113161619801e+00,-9.794839130570458963e+00
0.000000000000000000e+00,2.617209289644606862e+00,-9.794839130570458963e+00
0.000000000000000000e+00,2.617287748479295573e+00,-9.794839130570458963e+00
0.000000000000000000e+00,2.617358361430515590e+00,-9.794839130570458963e+00
0.000000000000000000e+00,2.617421913086613205e+00,-9.794839130570458963e+00
0.000000000000000000e+00,2.617479109577101504e+00,-9.794839130570458963e+00
0.000000000000000000e+00,2.617530586418541194e+00,-9.794839130570458963e+00
0.000000000000000000e+00,2.617576915575836605e+00,-9.794839130570458963e+00
0.000000000000000000e+00,2.617618611817402297e+00,-9.794839130570458963e+00
0.000000000000000000e+00,2.617656138434811375e+00,-9.794839130570458963e+00
0.000000000000000000e+00,2.617689912390479545e+00,-9.794839130570458963e+00
0.000000000000000000e+00,2.617720308950581387e+00,-9.794839130570458963e+00
0.000000000000000000e+00,2.617747665854672778e+00,-9.794839130570458963e+00
0.000000000000000000e+00,2.617772287068355297e+00,-9.794839130570458963e+00
0.000000000000000000e+00,2.617794446160668809e+00,-9.794839130570458963e+00
0.000000000000000000e+00,2.617814389343751547e+00,-9.794839130570458963e+00
0.000000000000000000e+00,2.617832338208526011e+00,-9.794839130570458963e+00
0.000000000000000000e+00,2.617848492186822806e+00,-9.794839130570458963e+00
0.000000000000000000e+00,2.617863030767289878e+00,-9.794839130570458963e+00
0.000000000000000000e+00,2.617876115489710553e+00,-9.794839130570458963e+00
0.000000000000000000e+00,2.617887891739889117e+00,-9.794839130570458963e+00
0.000000000000000000e+00,2.617898490365049291e+00,-9.794839130570458963e+00
0.000000000000000000e+00,2.617908029127693936e+00,-9.794839130570458963e+00
0.000000000000000000e+00,2.617916614014074383e+00,-9.794839130570458963e+00
0.000000000000000000e+00,2.617924340411816431e+00,-9.794839130570458963e+00
0.000000000000000000e+00,2.617931294169784096e+00,-9.794839130570458963e+00
0.000000000000000000e+00,2.617937552551954816e+00,-9.794839130570458963e+00
0.000000000000000000e+00,2.617943185095908731e+00,-9.794839130570458963e+00
0.000000000000000000e+00,2.617948254385467521e+00,-9.794839130570458963e+00
0.000000000000000000e+00,2.617952816746070166e+00,-9.794839130570458963e+00
0.000000000000000000e+00,2.617956922870612768e+00,-9.794839130570458963e+00
0.000000000000000000e+00,2.617960618382700666e+00,-9.794839130570458963e+00
0.000000000000000000e+00,2.617963944343580263e+00,-9.794839130570458963e+00
0.000000000000000000e+00,2.617966937708371855e+00,-9.794839130570458963e+00
0.000000000000000000e+00,2.617969631736683844e+00,-9.794839130570458963e+00
0.000000000000000000e+00,2.617972056362165123e+00,-9.794839130570458963e+00
0.000000000000000000e+00,2.617974238525098141e+00,-9.794839130570458963e+00
0.000000000000000000e+00,2.617976202471737679e+00,-9.794839130570458963e+00
0.000000000000000000e+00,2.617977970023713574e+00,-9.794839130570458963e+00
0.000000000000000000e+00,2.617979560820491880e+00,-9.794839130570458963e+00
0.000000000000000000e+00,2.617980992537592311e+00,-9.794839130570458963e+00
0.000000000000000000e+00,2.617982281082982698e+00,-9.794839130570458963e+00
0.000000000000000000e+00,2.617983440773834047e+00,-9.794839130570458963e+00
0.000000000000000000e+00,2.617984484495599951e+00,-9.794839130570458963e+00
0.000000000000000000e+00,2.617985423845189175e+00,-9.794839130570458963e+00
0.000000000000000000e+00,2.617986269259819920e+00,-9.794839130570458963e+00
0.000000000000000000e+00,2.617987030132987059e+00,-9.794839130570458963e+00
0.000000000000000000e+00,2.617987714918838194e+00,-9.794839130570458963e+00
0.000000000000000000e+00,2.617988331226103860e+00,-9.794839130570458963e+00
0.000000000000000000e+00,2.617988885902642782e+00,-9.794839130570458963e+00
0.000000000000000000e+00,2.617989385111528122e+00,-9.794839130570458963e+00
0.000000000000000000e+00,2.617989834399525151e+00,-9.794839130570458963e+00
0.000000000000000000e+00,2.617990238758721944e+00,-9.794839130570458963e+00
0.000000000000000000e+00,2.617990602681998791e+00,-9.794839130570458963e+00
0.000000000000000000e+00,2.617990930212948264e+00,-9.794839130570458963e+00
0.000000000000000000e+00,2.617991224990802834e+00,-9.794839130570458963e+00
0.000000000000000000e+00,2.617991490290871859e+00,-9.794839130570458963e+00
0.000000000000000000e+00,2.617991729060933803e+00,-9.794839130570458963e+00
0.000000000000000000e+00,2.617991943953990042e+00,-9.794839130570458963e+00
0.000000000000000000e+00,2.617992137357740390e+00,-9.794839130570458963e+00
0.000000000000000000e+00,2.617992311421115659e+00,-9.794839130570458963e+00
0.000000000000000000e+00,2.617992468078153667e+00,-9.794839130570458963e+00
0.000000000000000000e+00,2.617992609069487830e+00,-9.794839130570458963e+00
0.000000000000000000e+00,2.617992735961688133e+00,-9.794839130570458963e+00
0.000000000000000000e+00,2.617992850164668539e+00,-9.794839130570458963e+00
0.000000000000000000e+00,2.617992952947351348e+00,-9.794839130570458963e+00
0.000000000000000000e+00,2.617993045451765255e+00,-9.794839130570458963e+00
0.000000000000000000e+00,2.617993128705738304e+00,-9.794839130570458963e+00
0.000000000000000000e+00,2.617993203634314092e+00,-9.794839130570458963e+00
0.000000000000000000e+00,2.617993271070031991e+00,-9.794839130570458963e+00
0.000000000000000000e+00,2.617993331762178411e+00,-9.794839130570458963e+00
0.000000000000000000e+00,2.617993386385109922e+00,-9.794839130570458963e+00
0.000000000000000000e+00,2.617993435545748593e+00,-9.794839130570458963e+00
0.000000000000000000e+00,2.617993479790323264e+00,-9.794839130570458963e+00
0.000000000000000000e+00,2.617993519610440245e+00,-9.794839130570458963e+00
0.000000000000000000e+00,2.617993555448545617e+00,-9.794839130570458963e+00
0.000000000000000000e+00,2.617993587702840408e+00,-9.794839130570458963e+00
0.000000000000000000e+00,2.617993616731705941e+00,-9.794839130570458963e+00
0.000000000000000000e+00,2.617993642857684655e+00,-9.794839130570458963e+00
0.000000000000000000e+00,2.617993666371065675e+00,-9.794839130570458963e+00
0.000000000000000000e+00,2.617993687533108460e+00,-9.794839130570458963e+00
0.000000000000000000e+00,2.617993706578947144e+00,-9.794839130570458963e+00
0.000000000000000000e+00,2.617993723720201782e+00,-9.794839130570458963e+00
0.000000000000000000e+00,2.617993739147330690e+00,-9.794839130570458963e+00
0.000000000000000000e+00,2.617993753031746973e+00,-9.794839130570458963e+00
0.000000000000000000e+00,2.617993765527721894e+00,-9.794839130570458963e+00
0.000000000000000000e+00,2.617993776774099057e+00,-9.794839130570458963e+00
0.000000000000000000e+00,2.617993786895838504e+00,-9.794839130570458963e+00
0.000000000000000000e+00,2.617993796005404050e+00,-9.794839130570458963e+00
0.000000000000000000e+00,2.617993804204012953e+00,-9.794839130570458963e+00
0.000000000000000000e+00,2.617993811582761232e+00,-9.794839130570458963e+00
0.000000000000000000e+00,2.617993818223634417e+00,-9.794839130570458963e+00
0.000000000000000000e+00,2.617993824200420150e+00,-9.794839130570458963e+00
0.000000000000000000e+00,2.617993829579527532e+00,-9.794839130570458963e+00
0.000000000000000000e+00,2.617993834420724308e+00,-9.794839130570458963e+00
0.000000000000000000e+00,2.617993838777801230e+00,-9.794839130570458963e+00
0.000000000000000000e+00,2.617993842699170681e+00,-9.794839130570458963e+00
0.000000000000000000e+00,2.617993846228403143e+00,-9.794839130570458963e+00
0.000000000000000000e+00,2.617993849404712137e+00,-9.794839130570458963e+00
0.000000000000000000e+00,2.617993852263390764e+00,-9.794839130570458963e+00
0.000000000000000000e+00,2.617993854836200729e+00,-9.794839130570458963e+00
0.000000000000000000e+00,2.617993857151730275e+00,-9.794839130570458963e+00
0.000000000000000000e+00,2.617993859235706822e+00,-9.794839130570458963e+00
0.000000000000000000e+00,2.617993861111285181e+00,-9.794839130570458963e+00
0.000000000000000000e+00,2.617993862799306015e+00,-9.794839130570458963e+00
0.000000000000000000e+00,2.617993864318524544e+00,-9.794839130570458963e+00
0.000000000000000000e+00,2.617993865685821486e+00,-9.794839130570458963e+00
0.000000000000000000e+00,2.617993866916388690e+00,-9.794839130570458963e+00
0.000000000000000000e+00,2.617993868023899662e+00,-9.794839130570458963e+00
0.000000000000000000e+00,2.617993869020658781e+00,-9.794839130570458963e+00
0.000000000000000000e+00,2.617993869917742522e+00,-9.794839130570458963e+00
0.000000000000000000e+00,2.617993870725117578e+00,-9.794839130570458963e+00
0.000000000000000000e+00,2.617993871451755439e+00,-9.794839130570458963e+00
0.000000000000000000e+00,2.617993872105729203e+00,-9.794839130570458963e+00
0.000000000000000000e+00,2.617993872694305946e+00,-9.794839130570458963e+00
0.000000000000000000e+00,2.617993873224024881e+00,-9.794839130570458963e+00
0.000000000000000000e+00,2.617993873700771967e+00,-9.794839130570458963e+00
0.000000000000000000e+00,2.617993874129844301e+00,-9.794839130570458963e+00
0.000000000000000000e+00,2.617993874516009178e+00,-9.794839130570458963e+00
0.000000000000000000e+00,2.617993874863557835e+00,-9.794839130570458963e+00
0.000000000000000000e+00,2.617993875176351626e+00,-9.794839130570458963e+00
0.000000000000000000e+00,2.617993875457865549e+00,-9.794839130570458963e+00
0.000000000000000000e+00,2.617993875711228657e+00,-9.794839130570458963e+00
0.000000000000000000e+00,2.617993875939255144e+00,-9.794839130570458963e+00
0.000000000000000000e+00,2.617993876144479426e+00,-9.794839130570458963e+00
0.000000000000000000e+00,2.617993876329181013e+00,-9.794839130570458963e+00
0.000000000000000000e+00,2.617993876495412486e+00,-9.794839130570458963e+00
0.000000000000000000e+00,2.617993876645020812e+00,-9.794839130570458963e+00
0.000000000000000000e+00,2.617993876779667772e+00,-9.794839130570458963e+00
0.000000000000000000e+00,2.617993876900850392e+00,-9.794839130570458963e+00
0.000000000000000000e+00,2.617993877009914705e+00,-9.794839130570458963e+00
0.000000000000000000e+00,2.617993877108073075e+00,-9.794839130570458963e+00
0.000000000000000000e+00,2.617993877196415298e+00,-9.794839130570458963e+00
0.000000000000000000e+00,2.617993877275923253e+00,-9.794839130570458963e+00
0.000000000000000000e+00,2.617993877347480236e+00,-9.794839130570458963e+00
0.000000000000000000e+00,2.617993877411881609e+00,-9.794839130570458963e+00
0.000000000000000000e+00,2.617993877469842801e+00,-9.794839130570458963e+00
0.000000000000000000e+00,2.617993877522008184e+00,-9.794839130570458963e+00
0.000000000000000000e+00,2.617993877568956407e+00,-9.794839130570458963e+00
0.000000000000000000e+00,2.617993877611210607e+00,-9.794839130570458963e+00
0.000000000000000000e+00,2.617993877649238854e+00,-9.794839130570458963e+00
0.000000000000000000e+00,2.617993877683464365e+00,-9.794839130570458963e+00
0.000000000000000000e+00,2.617993877714267725e+00,-9.794839130570458963e+00
0.000000000000000000e+00,2.617993877741990438e+00,-9.794839130570458963e+00
0.000000000000000000e+00,2.617993877766941146e+00,-9.794839130570458963e+00
0.000000000000000000e+00,2.617993877789396073e+00,-9.794839130570458963e+00
0.000000000000000000e+00,2.617993877809606129e+00,-9.794839130570458963e+00
0.000000000000000000e+00,2.617993877827795135e+00,-9.794839130570458963e+00
0.000000000000000000e+00,2.617993877844164707e+00,-9.794839130570458963e+00
0.000000000000000000e+00,2.617993877858897811e+00,-9.794839130570458963e+00
0.000000000000000000e+00,2.617993877872157427e+00,-9.794839130570458963e+00
0.000000000000000000e+00,2.617993877884090992e+00,-9.794839130570458963e+00
0.000000000000000000e+00,2.617993877894831289e+00,-9.794839130570458963e+00
0.000000000000000000e+00,2.617993877904497779e+00,-9.794839130570458963e+00
0.000000000000000000e+00,2.617993877913197487e+00,-9.794839130570458963e+00
0.000000000000000000e+00,2.617993877921027224e+00,-9.794839130570458963e+00
0.000000000000000000e+00,2.617993877928073587e+00,-9.794839130570458963e+00
0.000000000000000000e+00,2.617993877934416069e+00,-9.794839130570458963e+00
0.000000000000000000e+00,2.617993877940123504e+00,-9.794839130570458963e+00
0.000000000000000000e+00,2.617993877945260728e+00,-9.794839130570458963e+00
0.000000000000000000e+00,2.617993877949884141e+00,-9.794839130570458963e+00
0.000000000000000000e+00,2.617993877954045256e+00,-9.794839130570458963e+00
0.000000000000000000e+00,2.617993877957789817e+00,-9.794839130570458963e+00
0.000000000000000000e+00,2.617993877961160454e+00,-9.794839130570458963e+00
0.000000000000000000e+00,2.617993877964193583e+00,-9.794839130570458963e+00
0.000000000000000000e+00,2.617993877966923844e+00,-9.794839130570458963e+00
0.000000000000000000e+00,2.617993877969380545e+00,-9.794839130570458963e+00
0.000000000000000000e+00,2.617993877971592109e+00,-9.794839130570458963e+00
0.000000000000000000e+00,2.617993877973582073e+00,-9.794839130570458963e+00
0.000000000000000000e+00,2.617993877975373529e+00,-9.794839130570458963e+00
0.000000000000000000e+00,2.617993877976985573e+00,-9.794839130570458963e+00
0.000000000000000000e+00,2.617993877978436856e+00,-9.794839130570458963e+00
0.000000000000000000e+00,2.617993877979742479e+00,-9.794839130570458963e+00
0.000000000000000000e+00,2.617993877980917539e+00,-9.794839130570458963e+00
0.000000000000000000e+00,2.617993877981974915e+00,-9.794839130570458963e+00
0.000000000000000000e+00,2.617993877982927042e+00,-9.794839130570458963e+00
0.000000000000000000e+00,2.617993877983783690e+00,-9.794839130570458963e+00
0.000000000000000000e+00,2.617993877984554629e+00,-9.794839130570458963e+00
0.000000000000000000e+00,2.617993877985248297e+00,-9.794839130570458963e+00
0.000000000000000000e+00,2.617993877985873130e+00,-9.794839130570458963e+00
0.000000000000000000e+00,2.617993877986435347e+00,-9.794839130570458963e+00
0.000000000000000000e+00,2.617993877986941165e+00,-9.794839130570458963e+00
0.000000000000000000e+00,2.617993877987396356e+00,-9.794839130570458963e+00
0.000000000000000000e+00,2.617993877987805806e+00,-9.794839130570458963e+00
0.000000000000000000e+00,2.617993877988174400e+00,-9.794839130570458963e+00
0.000000000000000000e+00,2.617993877988506579e+00,-9.794839130570458963e+00
0.000000000000000000e+00,2.617993877988805007e+00,-9.794839130570458963e+00
0.000000000000000000e+00,2.617993877989073681e+00,-9.794839130570458963e+00
0.000000000000000000e+00,2.617993877989315710e+00,-9.794839130570458963e+00
0.000000000000000000e+00,2.617993877989533313e+00,-9.794839130570458963e+00
0.000000000000000000e+00,2.617993877989729157e+00,-9.794839130570458963e+00
0.000000000000000000e+00,2.617993877989905904e+00,-9.794839130570458963e+00
0.000000000000000000e+00,2.617993877990064888e+00,-9.794839130570458963e+00
0.000000000000000000e+00,2.617993877990207885e+00,-9.794839130570458963e+00
0.000000000000000000e+00,2.617993877990336671e+00,-9.794839130570458963e+00
0.000000000000000000e+00,2.617993877990452578e+00,-9.794839130570458963e+00
0.000000000000000000e+00,2.617993877990556939e+00,-9.794839130570458963e+00
0.000000000000000000e+00,2.617993877990651086e+00,-9.794839130570458963e+00
0.000000000000000000e+00,2.617993877990735463e+00,-9.794839130570458963e+00
0.000000000000000000e+00,2.617993877990811402e+00,-9.794839130570458963e+00
0.000000000000000000e+00,2.617993877990879348e+00,-9.794839130570458963e+00
0.000000000000000000e+00,2.617993877990941076e+00,-9.794839130570458963e+00
0.000000000000000000e+00,2.617993877990996587e+00,-9.794839130570458963e+00
0.000000000000000000e+00,2.617993877991046769e+00,-9.794839130570458963e+00
0.000000000000000000e+00,2.617993877991091622e+00,-9.794839130570458963e+00
0.000000000000000000e+00,2.617993877991132035e+00,-9.794839130570458963e+00
0.000000000000000000e+00,2.617993877991168006e+00,-9.794839130570458963e+00
0.000000000000000000e+00,2.617993877991200868e+00,-9.794839130570458963e+00
0.000000000000000000e+00,2.617993877991230178e+00,-9.794839130570458963e+00
0.000000000000000000e+00,2.617993877991256824e+00,-9.794839130570458963e+00
0.000000000000000000e+00,2.617993877991280804e+00,-9.794839130570458963e+00
0.000000000000000000e+00,2.617993877991302121e+00,-9.794839130570458963e+00
0.000000000000000000e+00,2.617993877991321661e+00,-9.794839130570458963e+00
0.000000000000000000e+00,2.617993877991338536e+00,-9.794839130570458963e+00
0.000000000000000000e+00,2.617993877991354079e+00,-9.794839130570458963e+00
0.000000000000000000e+00,2.617993877991367846e+00,-9.794839130570458963e+00
0.000000000000000000e+00,2.617993877991380725e+00,-9.794839130570458963e+00
0.000000000000000000e+00,2.617993877991391827e+00,-9.794839130570458963e+00
0.000000000000000000e+00,2.617993877991402041e+00,-9.794839130570458963e+00
0.000000000000000000e+00,2.617993877991411367e+00,-9.794839130570458963e+00
0.000000000000000000e+00,2.617993877991419804e+00,-9.794839130570458963e+00
0.000000000000000000e+00,2.617993877991426910e+00,-9.794839130570458963e+00
0.000000000000000000e+00,2.617993877991433571e+00,-9.794839130570458963e+00
0.000000000000000000e+00,2.617993877991439788e+00,-9.794839130570458963e+00
0.000000000000000000e+00,2.617993877991445117e+00,-9.794839130570458963e+00
0.000000000000000000e+00,2.617993877991450447e+00,-9.794839130570458963e+00
0.000000000000000000e+00,2.617993877991454887e+00,-9.794839130570458963e+00
0.000000000000000000e+00,2.617993877991458440e+00,-9.794839130570458963e+00
0.000000000000000000e+00,2.617993877991461993e+00,-9.794839130570458963e+00
0.000000000000000000e+00,2.617993877991465101e+00,-9.794839130570458963e+00
0.000000000000000000e+00,2.617993877991468210e+00,-9.794839130570458963e+00
0.000000000000000000e+00,2.617993877991470875e+00,-9.794839130570458963e+00
0.000000000000000000e+00,2.617993877991473095e+00,-9.794839130570458963e+00
0.000000000000000000e+00,2.617993877991475316e+00,-9.794839130570458963e+00
0.000000000000000000e+00,2.617993877991477092e+00,-9.794839130570458963e+00
0.000000000000000000e+00,2.617993877991478424e+00,-9.794839130570458963e+00
0.000000000000000000e+00,2.617993877991480201e+00,-9.794839130570458963e+00
0.000000000000000000e+00,2.617993877991481977e+00,-9.794839130570458963e+00
0.000000000000000000e+00,2.617993877991482865e+00,-9.794839130570458963e+00
0.000000000000000000e+00,2.617993877991484197e+00,-9.794839130570458963e+00
0.000000000000000000e+00,2.617993877991485085e+00,-9.794839130570458963e+00
0.000000000000000000e+00,2.617993877991486418e+00,-9.794839130570458963e+00
0.000000000000000000e+00,2.617993877991486862e+00,-9.794839130570458963e+00
0.000000000000000000e+00,2.617993877991487306e+00,-9.794839130570458963e+00
0.000000000000000000e+00,2.617993877991487750e+00,-9.794839130570458963e+00
0.000000000000000000e+00,2.617993877991488638e+00,-9.794839130570458963e+00
0.000000000000000000e+00,2.617993877991489082e+00,-9.794839130570458963e+00
0.000000000000000000e+00,2.617993877991489526e+00,-9.794839130570458963e+00
0.000000000000000000e+00,2.617993877991490415e+00,-9.794839130570458963e+00
0.000000000000000000e+00,2.617993877991490859e+00,-9.794839130570458963e+00
0.000000000000000000e+00,2.617993877991491303e+00,-9.794839130570458963e+00
0.000000000000000000e+00,2.617993877991491747e+00,-9.794839130570458963e+00
0.000000000000000000e+00,2.617993877991491747e+00,-9.794839130570458963e+00
0.000000000000000000e+00,2.617993877991491747e+00,-9.794839130570458963e+00
0.000000000000000000e+00,2.617993877991491747e+00,-9.794839130570458963e+00
0.000000000000000000e+00,2.617993877991491747e+00,-9.794839130570458963e+00
0.000000000000000000e+00,2.617993877991491747e+00,-9.794839130570458963e+00
0.000000000000000000e+00,2.617993877991491747e+00,-9.794839130570458963e+00
0.000000000000000000e+00,2.617993877991491747e+00,-9.794839130570458963e+00
0.000000000000000000e+00,2.617993877991491747e+00,-9.794839130570458963e+00
0.000000000000000000e+00,2.617993877991491747e+00,-9.794839130570458963e+00
0.000000000000000000e+00,2.617993877991491747e+00,-9.794839130570458963e+00
0.000000000000000000e+00,2.617993877991491747e+00,-9.794839130570458963e+00
0.000000000000000000e+00,2.617993877991491747e+00,-9.794839130570458963e+00
0.000000000000000000e+00,2.617993877991491747e+00,-9.794839130570458963e+00
0.000000000000000000e+00,2.617993877991491747e+00,-9.794839130570458963e+00
0.000000000000000000e+00,2.617993877991491747e+00,-9.794839130570458963e+00
0.000000000000000000e+00,2.617993877991491747e+00,-9.794839130570458963e+00
0.000000000000000000e+00,2.617993877991491747e+00,-9.794839130570458963e+00
0.000000000000000000e+00,2.617993877991491747e+00,-9.794839130570458963e+00
0.000000000000000000e+00,2.617993877991491747e+00,-9.794839130570458963e+00
0.000000000000000000e+00,2.617993877991491747e+00,-9.794839130570458963e+00
0.000000000000000000e+00,2.617993877991491747e+00,-9.794839130570458963e+00
0.000000000000000000e+00,2.617993877991491747e+00,-9.794839130570458963e+00
0.000000000000000000e+00,2.617993877991491747e+00,-9.794839130570458963e+00
0.000000000000000000e+00,2.617993877991491747e+00,-9.794839130570458963e+00
0.000000000000000000e+00,2.617993877991491747e+00,-9.794839130570458963e+00
0.000000000000000000e+00,2.617993877991491747e+00,-9.794839130570458963e+00
0.000000000000000000e+00,2.617993877991491747e+00,-9.794839130570458963e+00
0.000000000000000000e+00,2.617993877991491747e+00,-9.794839130570458963e+00
0.000000000000000000e+00,2.617993877991491747e+00,-9.794839130570458963e+00
0.000000000000000000e+00,2.617993877991491747e+00,-9.794839130570458963e+00
0.000000000000000000e+00,2.617993877991491747e+00,-9.794839130570458963e+00
0.000000000000000000e+00,2.617993877991491747e+00,-9.794839130570458963e+00
0.000000000000000000e+00,2.617993877991491747e+00,-9.794839130570458963e+00
0.000000000000000000e+00,2.617993877991491747e+00,-9.794839130570458963e+00
0.000000000000000000e+00,2.617993877991491747e+00,-9.794839130570458963e+00
0.000000000000000000e+00,2.617993877991491747e+00,-9.794839130570458963e+00
0.000000000000000000e+00,2.617993877991491747e+00,-9.794839130570458963e+00
0.000000000000000000e+00,2.617993877991491747e+00,-9.794839130570458963e+00
0.000000000000000000e+00,2.617993877991491747e+00,-9.794839130570458963e+00
0.000000000000000000e+00,2.617993877991491747e+00,-9.794839130570458963e+00
0.000000000000000000e+00,2.617993877991491747e+00,-9.794839130570458963e+00
0.000000000000000000e+00,2.617993877991491747e+00,-9.794839130570458963e+00
0.000000000000000000e+00,2.617993877991491747e+00,-9.794839130570458963e+00
0.000000000000000000e+00,2.617993877991491747e+00,-9.794839130570458963e+00
0.000000000000000000e+00,2.617993877991491747e+00,-9.794839130570458963e+00
0.000000000000000000e+00,2.617993877991491747e+00,-9.794839130570458963e+00
0.000000000000000000e+00,2.617993877991491747e+00,-9.794839130570458963e+00
0.000000000000000000e+00,2.617993877991491747e+00,-9.794839130570458963e+00
0.000000000000000000e+00,2.617993877991491747e+00,-9.794839130570458963e+00
0.000000000000000000e+00,2.617993877991491747e+00,-9.794839130570458963e+00
0.000000000000000000e+00,2.617993877991491747e+00,-9.794839130570458963e+00
0.000000000000000000e+00,2.617993877991491747e+00,-9.794839130570458963e+00
0.000000000000000000e+00,2.617993877991491747e+00,-9.794839130570458963e+00
0.000000000000000000e+00,2.617993877991491747e+00,-9.794839130570458963e+00
0.000000000000000000e+00,2.617993877991491747e+00,-9.794839130570458963e+00
0.000000000000000000e+00,2.617993877991491747e+00,-9.794839130570458963e+00
0.000000000000000000e+00,2.617993877991491747e+00,-9.794839130570458963e+00
0.000000000000000000e+00,2.617993877991491747e+00,-9.794839130570458963e+00
0.000000000000000000e+00,2.617993877991491747e+00,-9.794839130570458963e+00
0.000000000000000000e+00,2.617993877991491747e+00,-9.794839130570458963e+00
0.000000000000000000e+00,2.617993877991491747e+00,-9.794839130570458963e+00
0.000000000000000000e+00,2.617993877991491747e+00,-9.794839130570458963e+00
0.000000000000000000e+00,2.617993877991491747e+00,-9.794839130570458963e+00
0.000000000000000000e+00,2.617993877991491747e+00,-9.794839130570458963e+00
0.000000000000000000e+00,2.617993877991491747e+00,-9.794839130570458963e+00
0.000000000000000000e+00,2.617993877991491747e+00,-9.794839130570458963e+00
0.000000000000000000e+00,2.617993877991491747e+00,-9.794839130570458963e+00
0.000000000000000000e+00,2.617993877991491747e+00,-9.794839130570458963e+00
0.000000000000000000e+00,2.617993877991491747e+00,-9.794839130570458963e+00
0.000000000000000000e+00,2.617993877991491747e+00,-9.794839130570458963e+00
0.000000000000000000e+00,2.617993877991491747e+00,-9.794839130570458963e+00
0.000000000000000000e+00,2.617993877991491747e+00,-9.794839130570458963e+00
0.000000000000000000e+00,2.617993877991491747e+00,-9.794839130570458963e+00
0.000000000000000000e+00,2.617993877991491747e+00,-9.794839130570458963e+00
0.000000000000000000e+00,2.617993877991491747e+00,-9.794839130570458963e+00
0.000000000000000000e+00,2.617993877991491747e+00,-9.794839130570458963e+00
0.000000000000000000e+00,2.617993877991491747e+00,-9.794839130570458963e+00
0.000000000000000000e+00,2.617993877991491747e+00,-9.794839130570458963e+00
0.000000000000000000e+00,2.617993877991491747e+00,-9.794839130570458963e+00
0.000000000000000000e+00,2.617993877991491747e+00,-9.794839130570458963e+00
0.000000000000000000e+00,2.617993877991491747e+00,-9.794839130570458963e+00
0.000000000000000000e+00,2.617993877991491747e+00,-9.794839130570458963e+00
0.000000000000000000e+00,2.617993877991491747e+00,-9.794839130570458963e+00
0.000000000000000000e+00,2.617993877991491747e+00,-9.794839130570458963e+00
0.000000000000000000e+00,2.617993877991491747e+00,-9.794839130570458963e+00
0.000000000000000000e+00,2.617993877991491747e+00,-9.794839130570458963e+00
0.000000000000000000e+00,2.617993877991491747e+00,-9.794839130570458963e+00
0.000000000000000000e+00,2.617993877991491747e+00,-9.794839130570458963e+00
0.000000000000000000e+00,2.617993877991491747e+00,-9.794839130570458963e+00
0.000000000000000000e+00,2.617993877991491747e+00,-9.794839130570458963e+00
0.000000000000000000e+00,2.617993877991491747e+00,-9.794839130570458963e+00
0.000000000000000000e+00,2.617993877991491747e+00,-9.794839130570458963e+00
0.000000000000000000e+00,2.617993877991491747e+00,-9.794839130570458963e+00
0.000000000000000000e+00,2.617993877991491747e+00,-9.794839130570458963e+00
0.000000000000000000e+00,2.617993877991491747e+00,-9.794839130570458963e+00
0.000000000000000000e+00,2.617993877991491747e+00,-9.794839130570458963e+00
0.000000000000000000e+00,2.617993877991491747e+00,-9.794839130570458963e+00
0.000000000000000000e+00,2.617993877991491747e+00,-9.794839130570458963e+00
0.000000000000000000e+00,2.617993877991491747e+00,-9.794839130570458963e+00
0.000000000000000000e+00,2.617993877991491747e+00,-9.794839130570458963e+00
0.000000000000000000e+00,2.617993877991491747e+00,-9.794839130570458963e+00
0.000000000000000000e+00,2.617993877991491747e+00,-9.794839130570458963e+00
0.000000000000000000e+00,2.617993877991491747e+00,-9.794839130570458963e+00
0.000000000000000000e+00,2.617993877991491747e+00,-9.794839130570458963e+00
0.000000000000000000e+00,2.617993877991491747e+00,-9.794839130570458963e+00
0.000000000000000000e+00,2.617993877991491747e+00,-9.794839130570458963e+00
0.000000000000000000e+00,2.617993877991491747e+00,-9.794839130570458963e+00
0.000000000000000000e+00,2.617993877991491747e+00,-9.794839130570458963e+00
0.000000000000000000e+00,2.617993877991491747e+00,-9.794839130570458963e+00
0.000000000000000000e+00,2.617993877991491747e+00,-9.794839130570458963e+00
0.000000000000000000e+00,2.617993877991491747e+00,-9.794839130570458963e+00
0.000000000000000000e+00,2.617993877991491747e+00,-9.794839130570458963e+00
0.000000000000000000e+00,2.617993877991491747e+00,-9.794839130570458963e+00
0.000000000000000000e+00,2.617993877991491747e+00,-9.794839130570458963e+00
0.000000000000000000e+00,2.617993877991491747e+00,-9.794839130570458963e+00
0.000000000000000000e+00,2.617993877991491747e+00,-9.794839130570458963e+00
0.000000000000000000e+00,2.617993877991491747e+00,-9.794839130570458963e+00
0.000000000000000000e+00,2.617993877991491747e+00,-9.794839130570458963e+00
0.000000000000000000e+00,2.617993877991491747e+00,-9.794839130570458963e+00
0.000000000000000000e+00,2.617993877991491747e+00,-9.794839130570458963e+00
0.000000000000000000e+00,2.617993877991491747e+00,-9.794839130570458963e+00
0.000000000000000000e+00,2.617993877991491747e+00,-9.794839130570458963e+00
0.000000000000000000e+00,2.617993877991491747e+00,-9.794839130570458963e+00
0.000000000000000000e+00,2.617993877991491747e+00,-9.794839130570458963e+00
0.000000000000000000e+00,2.617993877991491747e+00,-9.794839130570458963e+00
0.000000000000000000e+00,2.617993877991491747e+00,-9.794839130570458963e+00
0.000000000000000000e+00,2.617993877991491747e+00,-9.794839130570458963e+00
0.000000000000000000e+00,2.617993877991491747e+00,-9.794839130570458963e+00
0.000000000000000000e+00,2.617993877991491747e+00,-9.794839130570458963e+00
0.000000000000000000e+00,2.617993877991491747e+00,-9.794839130570458963e+00
0.000000000000000000e+00,2.617993877991491747e+00,-9.794839130570458963e+00
0.000000000000000000e+00,2.617993877991491747e+00,-9.794839130570458963e+00
0.000000000000000000e+00,2.617993877991491747e+00,-9.794839130570458963e+00
0.000000000000000000e+00,2.617993877991491747e+00,-9.794839130570458963e+00
0.000000000000000000e+00,2.617993877991491747e+00,-9.794839130570458963e+00
0.000000000000000000e+00,2.617993877991491747e+00,-9.794839130570458963e+00
0.000000000000000000e+00,2.617993877991491747e+00,-9.794839130570458963e+00
0.000000000000000000e+00,2.617993877991491747e+00,-9.794839130570458963e+00
0.000000000000000000e+00,2.617993877991491747e+00,-9.794839130570458963e+00
0.000000000000000000e+00,2.617993877991491747e+00,-9.794839130570458963e+00
0.000000000000000000e+00,2.617993877991491747e+00,-9.794839130570458963e+00
0.000000000000000000e+00,2.617993877991491747e+00,-9.794839130570458963e+00
0.000000000000000000e+00,2.617993877991491747e+00,-9.794839130570458963e+00
0.000000000000000000e+00,2.617993877991491747e+00,-9.794839130570458963e+00
0.000000000000000000e+00,2.617993877991491747e+00,-9.794839130570458963e+00
0.000000000000000000e+00,2.617993877991491747e+00,-9.794839130570458963e+00
0.000000000000000000e+00,2.617993877991491747e+00,-9.794839130570458963e+00
0.000000000000000000e+00,2.617993877991491747e+00,-9.794839130570458963e+00
0.000000000000000000e+00,2.617993877991491747e+00,-9.794839130570458963e+00
0.000000000000000000e+00,2.617993877991491747e+00,-9.794839130570458963e+00
0.000000000000000000e+00,2.617993877991491747e+00,-9.794839130570458963e+00
0.000000000000000000e+00,2.617993877991491747e+00,-9.794839130570458963e+00
0.000000000000000000e+00,2.617993877991491747e+00,-9.794839130570458963e+00
0.000000000000000000e+00,2.617993877991491747e+00,-9.794839130570458963e+00
0.000000000000000000e+00,2.617993877991491747e+00,-9.794839130570458963e+00
0.000000000000000000e+00,2.617993877991491747e+00,-9.794839130570458963e+00
0.000000000000000000e+00,2.617993877991491747e+00,-9.794839130570458963e+00
0.000000000000000000e+00,2.617993877991491747e+00,-9.794839130570458963e+00
0.000000000000000000e+00,2.617993877991491747e+00,-9.794839130570458963e+00
0.000000000000000000e+00,2.617993877991491747e+00,-9.794839130570458963e+00
0.000000000000000000e+00,2.617993877991491747e+00,-9.794839130570458963e+00
0.000000000000000000e+00,2.617993877991491747e+00,-9.794839130570458963e+00
0.000000000000000000e+00,2.617993877991491747e+00,-9.794839130570458963e+00
0.000000000000000000e+00,2.617993877991491747e+00,-9.794839130570458963e+00
0.000000000000000000e+00,2.617993877991491747e+00,-9.794839130570458963e+00
0.000000000000000000e+00,2.617993877991491747e+00,-9.794839130570458963e+00
0.000000000000000000e+00,2.617993877991491747e+00,-9.794839130570458963e+00
0.000000000000000000e+00,2.617993877991491747e+00,-9.794839130570458963e+00
0.000000000000000000e+00,2.617993877991491747e+00,-9.794839130570458963e+00
0.000000000000000000e+00,2.617993877991491747e+00,-9.794839130570458963e+00
0.000000000000000000e+00,2.617993877991491747e+00,-9.794839130570458963e+00
0.000000000000000000e+00,2.617993877991491747e+00,-9.794839130570458963e+00
0.000000000000000000e+00,2.617993877991491747e+00,-9.794839130570458963e+00
0.000000000000000000e+00,2.617993877991491747e+00,-9.794839130570458963e+00
0.000000000000000000e+00,2.617993877991491747e+00,-9.794839130570458963e+00
0.000000000000000000e+00,2.617993877991491747e+00,-9.794839130570458963e+00
0.000000000000000000e+00,2.617993877991491747e+00,-9.794839130570458963e+00
0.000000000000000000e+00,2.617993877991491747e+00,-9.794839130570458963e+00
0.000000000000000000e+00,2.617993877991491747e+00,-9.794839130570458963e+00
0.000000000000000000e+00,2.617993877991491747e+00,-9.794839130570458963e+00
0.000000000000000000e+00,2.617993877991491747e+00,-9.794839130570458963e+00
0.000000000000000000e+00,2.617993877991491747e+00,-9.794839130570458963e+00
0.000000000000000000e+00,2.617993877991491747e+00,-9.794839130570458963e+00
0.000000000000000000e+00,2.617993877991491747e+00,-9.794839130570458963e+00
0.000000000000000000e+00,2.617993877991491747e+00,-9.794839130570458963e+00
0.000000000000000000e+00,2.617993877991491747e+00,-9.794839130570458963e+00
0.000000000000000000e+00,2.617993877991491747e+00,-9.794839130570458963e+00
0.000000000000000000e+00,2.617993877991491747e+00,-9.794839130570458963e+00
0.000000000000000000e+00,2.617993877991491747e+00,-9.794839130570458963e+00
0.000000000000000000e+00,2.617993877991491747e+00,-9.794839130570458963e+00
0.000000000000000000e+00,2.617993877991491747e+00,-9.794839130570458963e+00
0.000000000000000000e+00,2.617993877991491747e+00,-9.794839130570458963e+00
0.000000000000000000e+00,2.617993877991491747e+00,-9.794839130570458963e+00
0.000000000000000000e+00,2.617993877991491747e+00,-9.794839130570458963e+00
0.000000000000000000e+00,2.617993877991491747e+00,-9.794839130570458963e+00
0.000000000000000000e+00,2.617993877991491747e+00,-9.794839130570458963e+00
0.000000000000000000e+00,2.617993877991491747e+00,-9.794839130570458963e+00
0.000000000000000000e+00,2.617993877991491747e+00,-9.794839130570458963e+00
0.000000000000000000e+00,2.617993877991491747e+00,-9.794839130570458963e+00
0.000000000000000000e+00,2.617993877991491747e+00,-9.794839130570458963e+00
0.000000000000000000e+00,2.617993877991491747e+00,-9.794839130570458963e+00
0.000000000000000000e+00,2.617993877991491747e+00,-9.794839130570458963e+00
0.000000000000000000e+00,2.617993877991491747e+00,-9.794839130570458963e+00
0.000000000000000000e+00,2.617993877991491747e+00,-9.794839130570458963e+00
0.000000000000000000e+00,2.617993877991491747e+00,-9.794839130570458963e+00
0.000000000000000000e+00,2.617993877991491747e+00,-9.794839130570458963e+00
0.000000000000000000e+00,2.617993877991491747e+00,-9.794839130570458963e+00
0.000000000000000000e+00,2.617993877991491747e+00,-9.794839130570458963e+00
0.000000000000000000e+00,2.617993877991491747e+00,-9.794839130570458963e+00
0.000000000000000000e+00,2.617993877991491747e+00,-9.794839130570458963e+00
0.000000000000000000e+00,2.617993877991491747e+00,-9.794839130570458963e+00
0.000000000000000000e+00,2.617993877991491747e+00,-9.794839130570458963e+00
0.000000000000000000e+00,2.617993877991491747e+00,-9.794839130570458963e+00
0.000000000000000000e+00,2.617993877991491747e+00,-9.794839130570458963e+00
0.000000000000000000e+00,2.617993877991491747e+00,-9.794839130570458963e+00
0.000000000000000000e+00,2.617993877991491747e+00,-9.794839130570458963e+00
0.000000000000000000e+00,2.617993877991491747e+00,-9.794839130570458963e+00
0.000000000000000000e+00,2.617993877991491747e+00,-9.794839130570458963e+00
0.000000000000000000e+00,2.617993877991491747e+00,-9.794839130570458963e+00
0.000000000000000000e+00,2.617993877991491747e+00,-9.794839130570458963e+00
0.000000000000000000e+00,2.617993877991491747e+00,-9.794839130570458963e+00
0.000000000000000000e+00,2.617993877991491747e+00,-9.794839130570458963e+00
0.000000000000000000e+00,2.617993877991491747e+00,-9.794839130570458963e+00
0.000000000000000000e+00,2.617993877991491747e+00,-9.794839130570458963e+00
0.000000000000000000e+00,2.617993877991491747e+00,-9.794839130570458963e+00
0.000000000000000000e+00,2.617993877991491747e+00,-9.794839130570458963e+00
0.000000000000000000e+00,2.617993877991491747e+00,-9.794839130570458963e+00
0.000000000000000000e+00,2.617993877991491747e+00,-9.794839130570458963e+00
0.000000000000000000e+00,2.617993877991491747e+00,-9.794839130570458963e+00
0.000000000000000000e+00,2.617993877991491747e+00,-9.794839130570458963e+00
0.000000000000000000e+00,2.617993877991491747e+00,-9.794839130570458963e+00
0.000000000000000000e+00,2.617993877991491747e+00,-9.794839130570458963e+00
0.000000000000000000e+00,2.617993877991491747e+00,-9.794839130570458963e+00
0.000000000000000000e+00,2.617993877991491747e+00,-9.794839130570458963e+00
0.000000000000000000e+00,2.617993877991491747e+00,-9.794839130570458963e+00
0.000000000000000000e+00,2.617993877991491747e+00,-9.794839130570458963e+00
0.000000000000000000e+00,2.617993877991491747e+00,-9.794839130570458963e+00
0.000000000000000000e+00,2.617993877991491747e+00,-9.794839130570458963e+00
0.000000000000000000e+00,2.617993877991491747e+00,-9.794839130570458963e+00
0.000000000000000000e+00,2.617993877991491747e+00,-9.794839130570458963e+00
0.000000000000000000e+00,2.617993877991491747e+00,-9.794839130570458963e+00
0.000000000000000000e+00,2.617993877991491747e+00,-9.794839130570458963e+00
0.000000000000000000e+00,2.617993877991491747e+00,-9.794839130570458963e+00
0.000000000000000000e+00,2.617993877991491747e+00,-9.794839130570458963e+00
0.000000000000000000e+00,2.617993877991491747e+00,-9.794839130570458963e+00
0.000000000000000000e+00,2.617993877991491747e+00,-9.794839130570458963e+00
0.000000000000000000e+00,2.617993877991491747e+00,-9.794839130570458963e+00
0.000000000000000000e+00,2.617993877991491747e+00,-9.794839130570458963e+00
0.000000000000000000e+00,2.617993877991491747e+00,-9.794839130570458963e+00
0.000000000000000000e+00,2.617993877991491747e+00,-9.794839130570458963e+00
0.000000000000000000e+00,2.617993877991491747e+00,-9.794839130570458963e+00
0.000000000000000000e+00,2.617993877991491747e+00,-9.794839130570458963e+00
0.000000000000000000e+00,2.617993877991491747e+00,-9.794839130570458963e+00
0.000000000000000000e+00,2.617993877991491747e+00,-9.794839130570458963e+00
0.000000000000000000e+00,2.617993877991491747e+00,-9.794839130570458963e+00
0.000000000000000000e+00,2.617993877991491747e+00,-9.794839130570458963e+00
0.000000000000000000e+00,2.617993877991491747e+00,-9.794839130570458963e+00
0.000000000000000000e+00,2.617993877991491747e+00,-9.794839130570458963e+00
0.000000000000000000e+00,2.617993877991491747e+00,-9.794839130570458963e+00
0.000000000000000000e+00,2.617993877991491747e+00,-9.794839130570458963e+00
0.000000000000000000e+00,2.617993877991491747e+00,-9.794839130570458963e+00
0.000000000000000000e+00,2.617993877991491747e+00,-9.794839130570458963e+00
0.000000000000000000e+00,2.617993877991491747e+00,-9.794839130570458963e+00
0.000000000000000000e+00,2.617993877991491747e+00,-9.794839130570458963e+00
0.000000000000000000e+00,2.617993877991491747e+00,-9.794839130570458963e+00
0.000000000000000000e+00,2.617993877991491747e+00,-9.794839130570458963e+00
0.000000000000000000e+00,2.617993877991491747e+00,-9.794839130570458963e+00
0.000000000000000000e+00,2.617993877991491747e+00,-9.794839130570458963e+00
0.000000000000000000e+00,2.617993877991491747e+00,-9.794839130570458963e+00
0.000000000000000000e+00,2.617993877991491747e+00,-9.794839130570458963e+00
0.000000000000000000e+00,2.617993877991491747e+00,-9.794839130570458963e+00
0.000000000000000000e+00,2.617993877991491747e+00,-9.794839130570458963e+00
0.000000000000000000e+00,2.617993877991491747e+00,-9.794839130570458963e+00
0.000000000000000000e+00,2.356194490192342617e+00,-9.794839130570458963e+00
0.000000000000000000e+00,2.120575041173108133e+00,-9.794839130570458963e+00
0.000000000000000000e+00,1.908517537055797408e+00,-9.794839130570458963e+00
0.000000000000000000e+00,1.717665783350217579e+00,-9.794839130570458963e+00
0.000000000000000000e+00,1.545899205015195843e+00,-9.794839130570458963e+00
0.000000000000000000e+00,1.391309284513676525e+00,-9.794839130570458963e+00
0.000000000000000000e+00,1.252178356062308984e+00,-9.794839130570458963e+00
0.000000000000000000e+00,1.126960520456078196e+00,-9.794839130570458963e+00
0.000000000000000000e+00,1.014264468410470466e+00,-9.794839130570458963e+00
0.000000000000000000e+00,9.128380215694233968e-01,-9.794839130570458963e+00
0.000000000000000000e+00,8.215542194124811903e-01,-9.794839130570458963e+00
0.000000000000000000e+00,7.393987974712330491e-01,-9.794839130570458963e+00
0.000000000000000000e+00,6.654589177241098108e-01,-9.794839130570458963e+00
0.000000000000000000e+00,5.989130259516988186e-01,-9.794839130570458963e+00
0.000000000000000000e+00,5.390217233565288701e-01,-9.794839130570458963e+00
0.000000000000000000e+00,4.851195510208760608e-01,-9.794839130570458963e+00
0.000000000000000000e+00,4.366075959187884492e-01,-9.794839130570458963e+00
0.000000000000000000e+00,3.929468363269095765e-01,-9.794839130570458963e+00
0.000000000000000000e+00,3.536521526942186799e-01,-9.794839130570458963e+00
0.000000000000000000e+00,3.182869374247968008e-01,-9.794839130570458963e+00
0.000000000000000000e+00,2.864582436823171485e-01,-9.794839130570458963e+00
0.000000000000000000e+00,2.578124193140853837e-01,-9.794839130570458963e+00
0.000000000000000000e+00,2.320311773826768675e-01,-9.794839130570458963e+00
0.000000000000000000e+00,2.088280596444091752e-01,-9.794839130570458963e+00
0.000000000000000000e+00,1.879452536799682827e-01,-9.794839130570458963e+00
0.000000000000000000e+00,1.691507283119714489e-01,-9.794839130570458963e+00
0.000000000000000000e+00,1.522356554807743345e-01,-9.794839130570458963e+00
0.000000000000000000e+00,1.370120899326968955e-01,-9.794839130570458963e+00
0.000000000000000000e+00,1.233108809394272004e-01,-9.794839130570458963e+00
0.000000000000000000e+00,1.109797928454844818e-01,-9.794839130570458963e+00
0.000000000000000000e+00,9.988181356093603358e-02,-9.794839130570458963e+00
0.000000000000000000e+00,8.989363220484242190e-02,-9.794839130570458963e+00
0.000000000000000000e+00,8.090426898435817971e-02,-9.794839130570458963e+00
0.000000000000000000e+00,7.281384208592237006e-02,-9.794839130570458963e+00
0.000000000000000000e+00,6.553245787733012750e-02,-9.794839130570458963e+00
0.000000000000000000e+00,5.897921208959711059e-02,-9.794839130570458963e+00
0.000000000000000000e+00,5.308129088063739953e-02,-9.794839130570458963e+00
0.000000000000000000e+00,4.777316179257366097e-02,-9.794839130570458963e+00
0.000000000000000000e+00,4.299584561331629834e-02,-9.794839130570458963e+00
0.000000000000000000e+00,3.869626105198467614e-02,-9.794839130570458963e+00
0.000000000000000000e+00,3.482663494678620714e-02,-9.794839130570458963e+00
0.000000000000000000e+00,3.134397145210758573e-02,-9.794839130570458963e+00
0.000000000000000000e+00,2.820957430689682507e-02,-9.794839130570458963e+00
0.000000000000000000e+00,2.538861687620714083e-02,-9.794839130570458963e+00
0.000000000000000000e+00,2.284975518858643057e-02,-9.794839130570458963e+00
0.000000000000000000e+00,2.056477966972778890e-02,-9.794839130570458963e+00
0.000000000000000000e+00,1.850830170275501174e-02,-9.794839130570458963e+00
0.000000000000000000e+00,1.665747153247950849e-02,-9.794839130570458963e+00
0.000000000000000000e+00,1.499172437923155903e-02,-9.794839130570458963e+00
0.000000000000000000e+00,1.349255194130840295e-02,-9.794839130570458963e+00
0.000000000000000000e+00,1.214329674717756075e-02,-9.794839130570458963e+00
0.000000000000000000e+00,1.092896707245980675e-02,-9.794839130570458963e+00
0.000000000000000000e+00,9.836070365213825037e-03,-9.794839130570458963e+00
0.000000000000000000e+00,8.852463328692442707e-03,-9.794839130570458963e+00
0.000000000000000000e+00,7.967216995823199130e-03,-9.794839130570458963e+00
0.000000000000000000e+00,7.170495296240879737e-03,-9.794839130570458963e+00
0.000000000000000000e+00,6.453445766616792111e-03,-9.794839130570458963e+00
0.000000000000000000e+00,5.808101189955113680e-03,-9.794839130570458963e+00
0.000000000000000000e+00,5.227291070959602139e-03,-9.794839130570458963e+00
0.000000000000000000e+00,4.704561963863642012e-03,-9.794839130570458963e+00
0.000000000000000000e+00,4.234105767477278071e-03,-9.794839130570458963e+00
0.000000000000000000e+00,3.810695190729550437e-03,-9.794839130570458963e+00
0.000000000000000000e+00,3.429625671656595307e-03,-9.794839130570458963e+00
0.000000000000000000e+00,3.086663104490935776e-03,-9.794839130570458963e+00
0.000000000000000000e+00,2.777996794041842285e-03,-9.794839130570458963e+00
0.000000000000000000e+00,2.500197114637657883e-03,-9.794839130570458963e+00
0.000000000000000000e+00,2.250177403173892181e-03,-9.794839130570458963e+00
0.000000000000000000e+00,2.025159662856503093e-03,-9.794839130570458963e+00
0.000000000000000000e+00,1.822643696570852741e-03,-9.794839130570458963e+00
0.000000000000000000e+00,1.640379326913767510e-03,-9.794839130570458963e+00
0.000000000000000000e+00,1.476341394222390781e-03,-9.794839130570458963e+00
0.000000000000000000e+00,1.328707254800151616e-03,-9.794839130570458963e+00
0.000000000000000000e+00,1.195836529320136584e-03,-9.794839130570458963e+00
0.000000000000000000e+00,1.076252876388122861e-03,-9.794839130570458963e+00
0.000000000000000000e+00,9.686275887493107049e-04,-9.794839130570458963e+00
0.000000000000000000e+00,8.717648298743796344e-04,-9.794839130570458963e+00
0.000000000000000000e+00,7.845883468869416059e-04,-9.794839130570458963e+00
0.000000000000000000e+00,7.061295121982475755e-04,-9.794839130570458963e+00
0.000000000000000000e+00,6.355165609784229263e-04,-9.794839130570458963e+00
0.000000000000000000e+00,5.719649048805806229e-04,-9.794839130570458963e+00
0.000000000000000000e+00,5.147684143925225497e-04,-9.794839130570458963e+00
0.000000000000000000e+00,4.632915729532702839e-04,-9.794839130570458963e+00
0.000000000000000000e+00,4.169624156579432826e-04,-9.794839130570458963e+00
0.000000000000000000e+00,3.752661740921489218e-04,-9.794839130570458963e+00
0.000000000000000000e+00,3.377395566829340568e-04,-9.794839130570458963e+00
0.000000000000000000e+00,3.039656010146406240e-04,-9.794839130570458963e+00
0.000000000000000000e+00,2.735690409131765833e-04,-9.794839130570458963e+00
0.000000000000000000e+00,2.462121368218589575e-04,-9.794839130570458963e+00
0.000000000000000000e+00,2.215909231396730455e-04,-9.794839130570458963e+00
0.000000000000000000e+00,1.994318308257057274e-04,-9.794839130570458963e+00
0.000000000000000000e+00,1.794886477431351709e-04,-9.794839130570458963e+00
0.000000000000000000e+00,1.615397829688216538e-04,-9.794839130570458963e+00
0.000000000000000000e+00,1.453858046719395047e-04,-9.794839130570458963e+00
0.000000000000000000e+00,1.308472242047455515e-04,-9.794839130570458963e+00
0.000000000000000000e+00,1.177625017842709964e-04,-9.794839130570458963e+00
0.000000000000000000e+00,1.059862516058438913e-04,-9.794839130570458963e+00
0.000000000000000000e+00,9.538762644525950352e-05,-9.794839130570458963e+00
0.000000000000000000e+00,8.584886380073355994e-05,-9.794839130570458963e+00
0.000000000000000000e+00,7.726397742066020531e-05,-9.794839130570458963e+00
0.000000000000000000e+00,6.953757967859418342e-05,-9.794839130570458963e+00
0.000000000000000000e+00,6.258382171073476779e-05,-9.794839130570458963e+00
0.000000000000000000e+00,5.632543953966128694e-05,-9.794839130570458963e+00
0.000000000000000000e+00,5.069289558569515825e-05,-9.794839130570458963e+00
0.000000000000000000e+00,4.562360602712564513e-05,-9.794839130570458963e+00
0.000000000000000000e+00,4.106124542441308401e-05,-9.794839130570458963e+00
0.000000000000000000e+00,3.695512088197177832e-05,-9.794839130570458963e+00
0.000000000000000000e+00,3.325960879377460320e-05,-9.794839130570458963e+00
0.000000000000000000e+00,2.993364791439714152e-05,-9.794839130570458963e+00
0.000000000000000000e+00,2.694028312295743076e-05,-9.794839130570458963e+00
0.000000000000000000e+00,2.424625481066168396e-05,-9.794839130570458963e+00
0.000000000000000000e+00,2.182162932959551624e-05,-9.794839130570458963e+00
0.000000000000000000e+00,1.963946639663596868e-05,-9.794839130570458963e+00
0.000000000000000000e+00,1.767551975697237147e-05,-9.794839130570458963e+00
0.000000000000000000e+00,1.590796778127513399e-05,-9.794839130570458963e+00
0.000000000000000000e+00,1.431717100314762160e-05,-9.794839130570458963e+00
0.000000000000000000e+00,1.288545390283285911e-05,-9.794839130570458963e+00
0.000000000000000000e+00,1.159690851254957303e-05,-9.794839130570458963e+00
0.000000000000000000e+00,1.043721766129461606e-05,-9.794839130570458963e+00
0.000000000000000000e+00,9.393495895165154455e-06,-9.794839130570458963e+00
0.000000000000000000e+00,8.454146305648639010e-06,-9.794839130570458963e+00
0.000000000000000000e+00,7.608731675083776125e-06,-9.794839130570458963e+00
0.000000000000000000e+00,6.847858507575397581e-06,-9.794839130570458963e+00
0.000000000000000000e+00,6.163072656817858839e-06,-9.794839130570458963e+00
0.000000000000000000e+00,5.546765391136072786e-06,-9.794839130570458963e+00
0.000000000000000000e+00,4.992088852022466524e-06,-9.794839130570458963e+00
0.000000000000000000e+00,4.492879966820219448e-06,-9.794839130570458963e+00
0.000000000000000000e+00,4.043591970138198520e-06,-9.794839130570458963e+00
0.000000000000000000e+00,3.639232773124378752e-06,-9.794839130570458963e+00
0.000000000000000000e+00,3.275309495811940411e-06,-9.794839130570458963e+00
0.000000000000000000e+00,2.947778546230746878e-06,-9.794839130570458963e+00
0.000000000000000000e+00,2.653000691607672360e-06,-9.794839130570458963e+00
0.000000000000000000e+00,2.387700622446905547e-06,-9.794839130570458963e+00
0.000000000000000000e+00,2.148930560202214908e-06,-9.794839130570458963e+00
0.000000000000000000e+00,1.934037504181993629e-06,-9.794839130570458963e+00
0.000000000000000000e+00,1.740633753763794435e-06,-9.794839130570458963e+00
0.000000000000000000e+00,1.566570378387414950e-06,-9.794839130570458963e+00
0.000000000000000000e+00,1.409913340548673370e-06,-9.794839130570458963e+00
0.000000000000000000e+00,1.268922006493806266e-06,-9.794839130570458963e+00
0.000000000000000000e+00,1.142029805844425618e-06,-9.794839130570458963e+00
0.000000000000000000e+00,1.027826825259982929e-06,-9.794839130570458963e+00
0.000000000000000000e+00,9.250441427339848269e-07,-9.794839130570458963e+00
0.000000000000000000e+00,8.325397284605864289e-07,-9.794839130570458963e+00
0.000000000000000000e+00,7.492857556145277648e-07,-9.794839130570458963e+00
0.000000000000000000e+00,6.743571800530750307e-07,-9.794839130570458963e+00
0.000000000000000000e+00,6.069214620477675700e-07,-9.794839130570458963e+00
0.000000000000000000e+00,5.462293158429907918e-07,-9.794839130570458963e+00
0.000000000000000000e+00,4.916063842586916491e-07,-9.794839130570458963e+00
0.000000000000000000e+00,4.424457458328225054e-07,-9.794839130570458963e+00
0.000000000000000000e+00,3.982011712495403184e-07,-9.794839130570458963e+00
0.000000000000000000e+00,3.583810541245862865e-07,-9.794839130570458963e+00
0.000000000000000000e+00,3.225429487121276790e-07,-9.794839130570458963e+00
0.000000000000000000e+00,2.902886538409149058e-07,-9.794839130570458963e+00
0.000000000000000000e+00,2.612597884568234735e-07,-9.794839130570458963e+00
0.000000000000000000e+00,2.351338096111410891e-07,-9.794839130570458963e+00
0.000000000000000000e+00,2.116204286500270093e-07,-9.794839130570458963e+00
0.000000000000000000e+00,1.904583857850243031e-07,-9.794839130570458963e+00
0.000000000000000000e+00,1.714125472065219045e-07,-9.794839130570458963e+00
0.000000000000000000e+00,1.542712924858697379e-07,-9.794839130570458963e+00
0.000000000000000000e+00,1.388441632372827588e-07,-9.794839130570458963e+00
0.000000000000000000e+00,1.249597469135544750e-07,-9.794839130570458963e+00
0.000000000000000000e+00,1.124637722221990434e-07,-9.794839130570458963e+00
0.000000000000000000e+00,1.012173949999791311e-07,-9.794839130570458963e+00
0.000000000000000000e+00,9.109565549998122461e-08,-9.794839130570458963e+00
0.000000000000000000e+00,8.198608994998311406e-08,-9.794839130570458963e+00
0.000000000000000000e+00,7.378748095498480000e-08,-9.794839130570458963e+00
0.000000000000000000e+00,6.640873285948632000e-08,-9.794839130570458963e+00
0.000000000000000000e+00,5.976785957353769594e-08,-9.794839130570458963e+00
0.000000000000000000e+00,5.379107361618392635e-08,-9.794839130570458963e+00
0.000000000000000000e+00,4.841196625456553438e-08,-9.794839130570458963e+00
0.000000000000000000e+00,4.357076962910898160e-08,-9.794839130570458963e+00
0.000000000000000000e+00,3.921369266619808079e-08,-9.794839130570458963e+00
0.000000000000000000e+00,3.529232339957827338e-08,-9.794839130570458963e+00
0.000000000000000000e+00,3.176309105962044935e-08,-9.794839130570458963e+00
0.000000000000000000e+00,2.858678195365840375e-08,-9.794839130570458963e+00
0.000000000000000000e+00,2.572810375829256470e-08,-9.794839130570458963e+00
0.000000000000000000e+00,2.315529338246330988e-08,-9.794839130570458963e+00
0.000000000000000000e+00,2.083976404421697691e-08,-9.794839130570458963e+00
0.000000000000000000e+00,1.875578763979527988e-08,-9.794839130570458963e+00
0.000000000000000000e+00,1.688020887581575189e-08,-9.794839130570458963e+00
0.000000000000000000e+00,1.519218798823417803e-08,-9.794839130570458963e+00
0.000000000000000000e+00,1.367296918941076089e-08,-9.794839130570458963e+00
0.000000000000000000e+00,1.230567227046968447e-08,-9.794839130570458963e+00
0.000000000000000000e+00,1.107510504342271585e-08,-9.794839130570458963e+00
0.000000000000000000e+00,9.967594539080444269e-09,-9.794839130570458963e+00
0.000000000000000000e+00,8.970835085172400504e-09,-9.794839130570458963e+00
0.000000000000000000e+00,8.073751576655160122e-09,-9.794839130570458963e+00
0.000000000000000000e+00,7.266376418989644441e-09,-9.794839130570458963e+00
0.000000000000000000e+00,6.539738777090680824e-09,-9.794839130570458963e+00
0.000000000000000000e+00,5.885764899381612245e-09,-9.794839130570458963e+00
0.000000000000000000e+00,5.297188409443451931e-09,-9.794839130570458963e+00
0.000000000000000000e+00,4.767469568499106655e-09,-9.794839130570458963e+00
0.000000000000000000e+00,4.290722611649196403e-09,-9.794839130570458963e+00
0.000000000000000000e+00,3.861650350484276515e-09,-9.794839130570458963e+00
0.000000000000000000e+00,3.475485315435849194e-09,-9.794839130570458963e+00
0.000000000000000000e+00,3.127936783892264026e-09,-9.794839130570458963e+00
0.000000000000000000e+00,2.815143105503037831e-09,-9.794839130570458963e+00
0.000000000000000000e+00,2.533628794952734254e-09,-9.794839130570458963e+00
0.000000000000000000e+00,2.280265915457460788e-09,-9.794839130570458963e+00
0.000000000000000000e+00,2.052239323911714585e-09,-9.794839130570458963e+00
0.000000000000000000e+00,1.847015391520543292e-09,-9.794839130570458963e+00
0.000000000000000000e+00,1.662313852368489211e-09,-9.794839130570458963e+00
0.000000000000000000e+00,1.496082467131640290e-09,-9.794839130570458963e+00
0.000000000000000000e+00,1.346474220418476240e-09,-9.794839130570458963e+00
0.000000000000000000e+00,1.211826798376628637e-09,-9.794839130570458963e+00
0.000000000000000000e+00,1.090644118538965794e-09,-9.794839130570458963e+00
0.000000000000000000e+00,9.815797066850693384e-10,-9.794839130570458963e+00
0.000000000000000000e+00,8.834217360165623839e-10,-9.794839130570458963e+00
0.000000000000000000e+00,7.950795624149061455e-10,-9.794839130570458963e+00
0.000000000000000000e+00,7.155716061734155206e-10,-9.794839130570458963e+00
0.000000000000000000e+00,6.440144455560739065e-10,-9.794839130570458963e+00
0.000000000000000000e+00,5.796130010004665262e-10,-9.794839130570458963e+00
0.000000000000000000e+00,5.216517009004198839e-10,-9.794839130570458963e+00
0.000000000000000000e+00,4.694865308103779369e-10,-9.794839130570458963e+00
0.000000000000000000e+00,4.225378777293401432e-10,-9.794839130570458963e+00
0.000000000000000000e+00,3.802840899564061082e-10,-9.794839130570458963e+00
0.000000000000000000e+00,3.422556809607655284e-10,-9.794839130570458963e+00
0.000000000000000000e+00,3.080301128646889962e-10,-9.794839130570458963e+00
0.000000000000000000e+00,2.772271015782200656e-10,-9.794839130570458963e+00
0.000000000000000000e+00,2.495043914203980797e-10,-9.794839130570458963e+00
0.000000000000000000e+00,2.245539522783582666e-10,-9.794839130570458963e+00
0.000000000000000000e+00,2.020985570505224528e-10,-9.794839130570458963e+00
0.000000000000000000e+00,1.818887013454702231e-10,-9.794839130570458963e+00
0.000000000000000000e+00,1.636998312109232240e-10,-9.794839130570458963e+00
0.000000000000000000e+00,1.473298480898308964e-10,-9.794839130570458963e+00
0.000000000000000000e+00,1.325968632808477913e-10,-9.794839130570458963e+00
0.000000000000000000e+00,1.193371769527630147e-10,-9.794839130570458963e+00
0.000000000000000000e+00,1.074034592574867314e-10,-9.794839130570458963e+00
0.000000000000000000e+00,9.666311333173805694e-11,-9.794839130570458963e+00
0.000000000000000000e+00,8.699680199856425900e-11,-9.794839130570458963e+00
0.000000000000000000e+00,7.829712179870783051e-11,-9.794839130570458963e+00
0.000000000000000000e+00,7.046740961883704229e-11,-9.794839130570458963e+00
0.000000000000000000e+00,6.342066865695334065e-11,-9.794839130570458963e+00
0.000000000000000000e+00,5.707860179125801175e-11,-9.794839130570458963e+00
0.000000000000000000e+00,5.137074161213221381e-11,-9.794839130570458963e+00
0.000000000000000000e+00,4.623366745091898532e-11,-9.794839130570458963e+00
0.000000000000000000e+00,4.161030070582709454e-11,-9.794839130570458963e+00
0.000000000000000000e+00,3.744927063524438509e-11,-9.794839130570458963e+00
0.000000000000000000e+00,3.370434357171994593e-11,-9.794839130570458963e+00
0.000000000000000000e+00,3.033390921454795005e-11,-9.794839130570458963e+00
0.000000000000000000e+00,2.730051829309315569e-11,-9.794839130570458963e+00
0.000000000000000000e+00,2.457046646378383883e-11,-9.794839130570458963e+00
0.000000000000000000e+00,2.211341981740545527e-11,-9.794839130570458963e+00
0.000000000000000000e+00,1.990207783566491103e-11,-9.794839130570458963e+00
0.000000000000000000e+00,1.791187005209841961e-11,-9.794839130570458963e+00
0.000000000000000000e+00,1.612068304688857635e-11,-9.794839130570458963e+00
0.000000000000000000e+00,1.450861474219972098e-11,-9.794839130570458963e+00
0.000000000000000000e+00,1.305775326797974807e-11,-9.794839130570458963e+00
0.000000000000000000e+00,1.175197794118177424e-11,-9.794839130570458963e+00
0.000000000000000000e+00,1.057678014706359746e-11,-9.794839130570458963e+00
0.000000000000000000e+00,9.519102132357239329e-12,-9.794839130570458963e+00
0.000000000000000000e+00,8.567191919121516042e-12,-9.794839130570458963e+00
0.000000000000000000e+00,7.710472727209364600e-12,-9.794839130570458963e+00
0.000000000000000000e+00,6.939425454488427655e-12,-9.794839130570458963e+00
0.000000000000000000e+00,6.245482909039585051e-12,-9.794839130570458963e+00
0.000000000000000000e+00,5.620934618135626142e-12,-9.794839130570458963e+00
0.000000000000000000e+00,5.058841156322063609e-12,-9.794839130570458963e+00
0.000000000000000000e+00,4.552957040689856763e-12,-9.794839130570458963e+00
0.000000000000000000e+00,4.097661336620871087e-12,-9.794839130570458963e+00
0.000000000000000000e+00,3.687895202958783574e-12,-9.794839130570458963e+00
0.000000000000000000e+00,3.319105682662905378e-12,-9.794839130570458963e+00
0.000000000000000000e+00,2.987195114396615325e-12,-9.794839130570458963e+00
0.000000000000000000e+00,2.688475602956953550e-12,-9.794839130570458963e+00
0.000000000000000000e+00,2.419628042661257993e-12,-9.794839130570458963e+00
0.000000000000000000e+00,2.177665238395132234e-12,-9.794839130570458963e+00
0.000000000000000000e+00,1.959898714555619172e-12,-9.794839130570458963e+00
0.000000000000000000e+00,1.763908843100057215e-12,-9.794839130570458963e+00
0.000000000000000000e+00,1.587517958790051453e-12,-9.794839130570458963e+00
0.000000000000000000e+00,1.428766162911046348e-12,-9.794839130570458963e+00
0.000000000000000000e+00,1.285889546619941733e-12,-9.794839130570458963e+00
0.000000000000000000e+00,1.157300591957947601e-12,-9.794839130570458963e+00
0.000000000000000000e+00,1.041570532762152881e-12,-9.794839130570458963e+00
0.000000000000000000e+00,9.374134794859377139e-13,-9.794839130570458963e+00
0.000000000000000000e+00,8.436721315373438819e-13,-9.794839130570458963e+00
0.000000000000000000e+00,7.593049183836094938e-13,-9.794839130570458963e+00
0.000000000000000000e+00,6.833744265452485848e-13,-9.794839130570458963e+00
0.000000000000000000e+00,6.150369838907237667e-13,-9.794839130570458963e+00
0.000000000000000000e+00,5.535332855016513395e-13,-9.794839130570458963e+00
0.000000000000000000e+00,4.981799569514862965e-13,-9.794839130570458963e+00
0.000000000000000000e+00,4.483619612563376264e-13,-9.794839130570458963e+00
0.000000000000000000e+00,4.035257651307039244e-13,-9.794839130570458963e+00
0.000000000000000000e+00,3.631731886176335218e-13,-9.794839130570458963e+00
0.000000000000000000e+00,3.268558697558701747e-13,-9.794839130570458963e+00
0.000000000000000000e+00,2.941702827802831320e-13,-9.794839130570458963e+00
0.000000000000000000e+00,2.647532545022548289e-13,-9.794839130570458963e+00
0.000000000000000000e+00,2.382779290520293359e-13,-9.794839130570458963e+00
0.000000000000000000e+00,2.144501361468264376e-13,-9.794839130570458963e+00
0.000000000000000000e+00,1.930051225321437914e-13,-9.794839130570458963e+00
0.000000000000000000e+00,1.737046102789294248e-13,-9.794839130570458963e+00
0.000000000000000000e+00,1.563341492510364975e-13,-9.794839130570458963e+00
0.000000000000000000e+00,1.407007343259328427e-13,-9.794839130570458963e+00
0.000000000000000000e+00,1.266306608933395559e-13,-9.794839130570458963e+00
0.000000000000000000e+00,1.139675948040056054e-13,-9.794839130570458963e+00
0.000000000000000000e+00,1.025708353236050373e-13,-9.794839130570458963e+00
0.000000000000000000e+00,9.231375179124452722e-14,-9.794839130570458963e+00
0.000000000000000000e+00,8.308237661212008965e-14,-9.794839130570458963e+00
0.000000000000000000e+00,7.477413895090808699e-14,-9.794839130570458963e+00
0.000000000000000000e+00,6.729672505581727703e-14,-9.794839130570458963e+00
0.000000000000000000e+00,6.056705255023555690e-14,-9.794839130570458963e+00
0.000000000000000000e+00,5.451034729521199616e-14,-9.794839130570458963e+00
0.000000000000000000e+00,4.905931256569079718e-14,-9.794839130570458963e+00
