Yaw (deg),Pitch (deg),Roll (deg)
3.150000000000000000e+02,0.000000000000000000e+00,0.000000000000000000e+00
-4.499992243550093463e+01,5.140175216743187283e-04,-5.933287182079335096e-04
-4.500042224808978375e+01,3.524815831021472167e-04,-8.597306667866041856e-04
-4.500029828903247875e+01,5.690929520649796883e-04,-1.187772753901030279e-03
-4.500013266951506807e+01,6.991076881079326399e-04,-9.004251327257666287e-04
-4.500003295548487614e+01,1.244056536781702315e-03,-5.093254686842638504e-04
-4.499947949183617624e+01,1.685882655664798805e-03,-7.966012570527899409e-04
-4.499926898926067054e+01,1.152897616537248071e-03,-8.823627633642035879e-04
-4.500005073507160347e+01,1.432017732302253614e-03,-3.892447293305605332e-04
-4.500021963235093381e+01,1.724065630120175108e-03,-6.094183794312388412e-04
-4.499996814842316439e+01,1.413848253953537987e-03,-8.622223823588811556e-04
-4.499976908802742059e+01,2.010662320350201093e-03,-1.260715998634652545e-03
-4.499976210847368208e+01,1.273717820425358891e-03,-1.492450465319159272e-03
-4.499970701290060759e+01,1.169478571362934016e-03,-1.783090211674354889e-03
-4.499962953972740820e+01,8.090530384992770160e-04,-1.175091024364391000e-03
-4.499940365684037857e+01,2.803794362315437062e-04,-7.209630919050976023e-04
-4.499931327149765536e+01,-4.414484532118287353e-04,2.523435337726091538e-04
-4.499932689856953516e+01,-9.440436347798036594e-05,-1.887553958896584082e-04
-4.499869447783392218e+01,1.166701466530964857e-05,-9.318488394990283308e-04
-4.499786577331089177e+01,3.781117808921266631e-04,-1.413297761098771671e-03
-4.499765958237616559e+01,7.748540093267638942e-05,-1.605077010498233469e-03
-4.499732221793046705e+01,3.061598135291612125e-04,-1.880426253362159307e-03
-4.499771974174105083e+01,5.516022456664900755e-04,-1.593855146022631194e-03
-4.499782793364528999e+01,9.588406782200570213e-04,-1.986309279438066774e-03
-4.499802917808442970e+01,7.897146241494087601e-04,-1.981967509322938269e-03
-4.499823537525740846e+01,1.198875951232883982e-03,-2.578970803318993230e-03
-4.499768231667224683e+01,9.057107485977261259e-04,-2.413795421246396535e-03
-4.499785182369763703e+01,1.309836841203082004e-03,-2.223914721035390261e-03
-4.499853478491126424e+01,1.611665945551417302e-03,-2.595977259827060221e-03
-4.499858469495304547e+01,1.665990403426870041e-03,-2.641864043286122361e-03
-4.499877720387593172e+01,2.196032439018964083e-03,-2.715941891125344017e-03
-4.499895637082362754e+01,2.234151431371316030e-03,-3.048746711759635353e-03
-4.499929037795877917e+01,2.110434079998739845e-03,-3.257859646200107415e-03
-4.499875205766198860e+01,2.463372096555968647e-03,-3.298942398917769931e-03
-4.499865740996800412e+01,2.854285284489443096e-03,-3.257491048811937510e-03
-4.499907700178686554e+01,3.383635740003342746e-03,-3.660544793584959850e-03
-4.499914649089741658e+01,4.008397918751276795e-03,-3.282504853408096685e-03
-4.499931842301842977e+01,3.836869714378063779e-03,-2.541388534398596882e-03
-4.499955323869702539e+01,3.636434974021540961e-03,-3.100544329245900291e-03
-4.499966073956412771e+01,4.081423860976738510e-03,-2.689360647405181128e-03
-4.499948144833307850e+01,4.129015566388049077e-03,-2.288711195294525040e-03
-4.499919235818145324e+01,4.292666317293551345e-03,-2.390140923658457244e-03
-4.499868822266444823e+01,4.732304553992257995e-03,-2.133230955488634242e-03
-4.499842823305826300e+01,5.072713019035097678e-03,-1.838945584456543958e-03
-4.499792728657299534e+01,5.674233568939711196e-03,-2.122443550178131251e-03
-4.499787018010227513e+01,5.225239929131222059e-03,-1.724791144945307751e-03
-4.499785472882999215e+01,4.467824763196393684e-03,-1.037747935264288430e-03
-4.499774838800626497e+01,4.233210774031629861e-03,-6.691144668461648662e-04
-4.499823168406479112e+01,3.731222232466352342e-03,-7.280552657399262878e-04
-4.499858808008009703e+01,3.227353102106147401e-03,-8.189950790490834560e-04
-4.499963745377348801e+01,2.739211435659140784e-03,-8.841147124172543930e-04
-4.499986690787956434e+01,3.110362876362361782e-03,-1.581941689839959798e-03
-4.500028587668299451e+01,3.342986938183200446e-03,-2.408549073778775470e-03
-4.500033014986027524e+01,2.206208478275413064e-03,-2.754287767463985386e-03
-4.500047449684475254e+01,2.747187175577464786e-03,-2.350273678775180539e-03
-4.500058208887512023e+01,2.602301981133977021e-03,-2.906639352040388084e-03
-4.500012866635758968e+01,2.676658767212490315e-03,-3.322040964235217775e-03
-4.499987905286073442e+01,2.428100840715568219e-03,-2.741933772588335972e-03
-4.499983505385527849e+01,2.696777037134896315e-03,-3.347563220285892840e-03
-4.500040261523895424e+01,1.545645120263152740e-03,-3.121795303571466701e-03
-4.500029544709122575e+01,1.717667702514409471e-03,-3.142841411597104007e-03
-4.500114001797373220e+01,2.459501936592777514e-03,-2.302464972715151208e-03
-4.500131502871939659e+01,2.690946530720060830e-03,-2.025308812763296738e-03
-4.500109703111689186e+01,1.676558686895080830e-03,-1.735079589868562897e-03
-4.500103810696053586e+01,1.538611021275947208e-03,-2.132478537007470761e-03
-4.500108185198754285e+01,2.295021614052678884e-03,-1.791263812952777765e-03
-4.500079841337269926e+01,2.307878014829099940e-03,-2.002513110594485862e-03
-4.500080604206861068e+01,2.370645719056836860e-03,-2.502456528638769603e-03
-4.500078337065437495e+01,1.694673962101915336e-03,-2.236618679945527512e-03
-4.500002163575547343e+01,1.583629875323686173e-03,-1.791435957013082138e-03
-4.499988976764962700e+01,1.845554703209375614e-03,-2.242369706946563054e-03
-4.499989782926311221e+01,1.874853728866981636e-03,-2.035685171546354998e-03
-4.500013625671675754e+01,2.079645593269998857e-03,-2.067474515355533990e-03
-4.500062550321655408e+01,1.313619899934114019e-03,-1.974889593286215366e-03
-4.500056100205603116e+01,1.644832155402312698e-03,-1.660427207285362613e-03
-4.500065291721995209e+01,9.722791782435339118e-04,-1.028135186999568291e-03
-4.500086859503780090e+01,9.728457822346354240e-04,-6.164919111823940123e-04
-4.500047171112566957e+01,3.152617177673089160e-04,-8.814519371820010859e-05
-4.500057609189047270e+01,-6.085434248637536394e-05,5.543486966698587095e-04
-4.500048945463241523e+01,-3.957936405925829631e-04,1.039588431613804520e-03
-4.500105522732143015e+01,-3.385249669269297729e-05,6.810437930731859987e-04
-4.500082821332049576e+01,3.763529629435756170e-04,7.384890368337467155e-04
-4.500094540289775580e+01,-9.241110520487955061e-05,1.317666782648832134e-03
-4.500068666414827590e+01,-9.137989194934783817e-04,1.600733075337389556e-03
-4.500083870767443273e+01,-1.045260068565941015e-03,1.442894243406982841e-03
-4.500152838411474931e+01,-1.000710326966632946e-03,7.058513727836176295e-04
-4.500131647312131378e+01,-5.174414592098900518e-04,1.148147094439420663e-03
-4.500163854660313945e+01,-6.376410206592116351e-04,1.142885413618747494e-03
-4.500149264734319132e+01,-4.835638058676915933e-04,1.235902652793487979e-03
-4.500119779416042576e+01,2.390846864245262722e-04,1.397142788246886905e-03
-4.500075035384622879e+01,2.923455472986112775e-04,1.172235269624388341e-03
-4.500049430681074369e+01,4.000507283143624258e-04,1.368731303504042845e-03
-4.500014977902053914e+01,8.036113423603033837e-04,1.035942201298054163e-03
-4.499971612732092296e+01,5.888348456609219248e-04,1.273446064547682430e-03
-4.500005072601786793e+01,6.708528098401507706e-04,1.019484820730567247e-03
-4.500008202911036648e+01,2.489429664952396240e-04,1.019181579121961403e-03
-4.500001767502545391e+01,1.146881150635839725e-03,5.587850430323205563e-04
-4.499999431425578678e+01,1.064960811380416842e-03,3.231077915400084460e-04
-4.500028644171887748e+01,4.055005745709067935e-04,2.457024384334735947e-04
-4.500087041868945192e+01,-4.797786055504500745e-05,1.577556022094526978e-04
-4.500127215815128068e+01,-3.346276291151930389e-04,-1.955012855907561735e-04
-4.498613506584972299e+01,-2.295898109753780926e-04,-2.214735123280886433e-04
-4.495776360136109417e+01,-6.106284798408636531e-04,-4.183474401447614694e-04
-4.491756864692879958e+01,-8.880311027540733256e-04,3.398110564878155946e-04
-4.486529884109223332e+01,-1.054300850371384188e-03,1.378549369520672271e-04
-4.480384728969962538e+01,-9.249825950696766684e-04,8.402856798152552728e-04
-4.473304355489998585e+01,-1.177693440634415513e-03,1.426250080189735928e-03
-4.465465342573840246e+01,-1.275890949065481596e-03,1.502698686557987773e-03
-4.456935772051781441e+01,-5.960174750226897040e-04,1.752257522546294766e-03
-4.447730083613237895e+01,-9.413841701583386705e-04,1.940613133127398315e-03
-4.437919910950755309e+01,-9.671507243623372104e-04,2.287837657410029223e-03
-4.427635675415312022e+01,-1.418525897121160470e-03,2.927355595109532808e-03
-4.416930838940528758e+01,-8.009908146582768321e-04,2.181448110452339443e-03
-4.405652324167617451e+01,-1.535000808033492453e-03,2.562407372869377354e-03
-4.394136975839901993e+01,-1.693113673908615974e-03,1.230911818637359838e-03
-4.382316761524280224e+01,-2.687422904942569739e-03,1.106881125786390082e-03
-4.370073345070590420e+01,-2.610013411298263680e-03,1.265375994566893042e-03
-4.357549199066606604e+01,-2.925208106305832514e-03,7.930744665629507664e-04
-4.344818645231396914e+01,-2.728667198159736608e-03,8.854391361375272673e-04
-4.331850119981141489e+01,-3.161632066647025729e-03,8.447847587539037903e-04
-4.318738061497607816e+01,-2.942763733510892366e-03,6.313446727795599730e-04
-4.305332951785145923e+01,-3.307754467264997951e-03,5.642693522976999655e-04
-4.291850626158301907e+01,-3.205034834810641456e-03,4.374312740757180197e-04
-4.278129719238533113e+01,-3.190310620029828282e-03,-1.335374630248261957e-04
-4.264351725462400822e+01,-2.909326851177411379e-03,2.586831451771845676e-04
-4.250401041516462897e+01,-1.858513955477458009e-03,1.060445963643102301e-03
-4.236351231148309182e+01,-2.087331250526372646e-03,1.557755114307310439e-03
-4.222264875600565404e+01,-1.328479351653161483e-03,1.876565595972172398e-03
-4.207989337096292815e+01,-9.705951704946075677e-04,1.382710951801815200e-03
-4.193691049525401127e+01,-7.400137899669310395e-04,6.455055149032279047e-04
-4.179353987956130112e+01,-6.905571742777713139e-04,-5.027245244695901193e-04
-4.164932341372077218e+01,-9.952391269354892225e-04,-6.306296683967153177e-04
-4.150423125543505876e+01,-2.081948875617941675e-04,5.411971872564933677e-05
-4.135895282103774662e+01,-3.119010825334499713e-04,4.582520225971597420e-04
-4.121284522987029675e+01,-1.200746064333025031e-04,-1.735453836428817783e-04
-4.106673982069695938e+01,5.433263160326145830e-04,3.430379977621560205e-04
-4.091952073409144219e+01,2.369376415009744367e-04,-1.365619486600356137e-04
-4.077305459384521669e+01,-1.495966699624789629e-04,4.154637662269716585e-04
-4.062588282705492304e+01,-3.930293622944321195e-04,6.000343030571385697e-04
-4.047832327070958769e+01,-9.072515190493554487e-04,2.867652026533944686e-04
-4.033090142302009440e+01,-8.529256520716798923e-04,2.596363218526560640e-04
-4.018349787501843906e+01,-1.293668870580236795e-03,4.185221522495594245e-04
-4.003464998007057574e+01,-1.172903132145997800e-03,3.677220197841109413e-04
-3.988615647575555556e+01,-7.773866346967773676e-04,-4.512063572898758566e-04
-3.973694468511553879e+01,-1.193482711111358867e-03,-9.992441427259884067e-04
-3.958817133428027546e+01,-1.534173059647104479e-04,2.456232098382366740e-04
-3.943910223646838631e+01,-8.038107219384625331e-04,1.821635967608329666e-04
-3.928988496637393268e+01,-9.808752050624370590e-04,-2.575241296572096882e-04
-3.914029120615614943e+01,-1.197484501121777499e-03,-9.033782189365089331e-04
-3.899135030515422073e+01,-5.063458999803844380e-04,-3.417313642349258693e-04
-3.884149089125347132e+01,-5.148743791804266581e-04,1.479123807378043105e-04
-3.869159138843597390e+01,-5.823691440951206085e-04,6.754564594160421883e-05
-3.854211120365657450e+01,-3.794609656835015092e-04,1.595689651849328599e-04
-3.839235364644809323e+01,-6.017910909804779921e-04,2.851509358699022643e-04
-3.824306427832277677e+01,-4.664690497590597831e-04,4.635723242179427893e-04
-3.809308095122143811e+01,1.321649373929888237e-04,6.588728458240420078e-04
-3.794408289814431612e+01,-4.700856994609984489e-05,5.186287788139802481e-04
-3.779401408993034295e+01,2.645935560169736527e-04,6.591856094248135225e-04
-3.764516059981355767e+01,4.175653415437798619e-04,3.810756729656916155e-04
-3.749531861889600748e+01,-6.610027937136243642e-05,1.272773968884442775e-03
-3.734581426115484959e+01,-4.696069012577136037e-04,1.632497085504976261e-03
-3.719590697849883298e+01,-3.256736165615739965e-04,2.006406700720899348e-03
-3.704642949241765848e+01,-2.030489240181134055e-04,2.049395862768206567e-03
-3.689684050748621758e+01,-4.216311551146813556e-04,1.915731977383172604e-03
-3.674719676646369493e+01,1.164568738504512691e-03,1.455406192990206082e-03
-3.659694508536232149e+01,1.233575970869320261e-03,1.725382411911998782e-03
-3.644767046263822152e+01,8.494717008117339202e-04,2.189675334066744621e-03
-3.629815182781857885e+01,2.299929995132246716e-04,1.985117339146949458e-03
-3.614853344305457483e+01,-2.357550512013000714e-04,2.364773719185065803e-03
-3.599819790116946905e+01,-2.435660106784817724e-04,2.423803290332701005e-03
-3.584815420125632102e+01,2.472507361891861837e-04,2.721269053832451202e-03
-3.569864021389190611e+01,3.289697495286837215e-04,3.136268707596364096e-03
-3.554930595592674081e+01,2.771334060292036309e-04,2.887808066659522475e-03
-3.539889233675857128e+01,-4.250978339707064436e-04,2.775173213810639902e-03
-3.524896103709545514e+01,-4.752297031824278400e-05,2.949252494904535185e-03
-3.509930185091611321e+01,-4.911594197580221961e-04,2.485845206312106703e-03
-3.494974294116066460e+01,-9.521333345196535949e-04,2.460584118594083807e-03
-3.479944363174504218e+01,-1.255068090211401092e-03,1.735874146728173112e-03
-3.464973748211420457e+01,-1.848603544244165021e-03,1.599534684139836474e-03
-3.449951237285595340e+01,-2.067589587728348079e-03,1.581911003027016002e-03
-3.434953449493176691e+01,-3.038665805278057200e-03,6.963723591969097444e-04
-3.419981929419571998e+01,-2.663911392081278178e-03,4.379773504780862074e-04
-3.404941000672073415e+01,-2.240334686872786588e-03,9.675740608252526203e-04
-3.389900933924312199e+01,-2.199154598653002210e-03,1.383478683304269338e-03
-3.374860528493225331e+01,-2.067957068389114725e-03,1.539950869999567830e-03
-3.359818802513097324e+01,-2.323342571098382936e-03,1.771124403976969287e-03
-3.344849455922289394e+01,-1.412143559869255376e-03,2.156222260047106418e-03
-3.329873473799482753e+01,-7.773551185259620216e-04,2.465885695388957046e-03
-3.314889105207814168e+01,-2.495877402798072427e-04,2.341456212205686623e-03
-3.299879825266935995e+01,7.622705483658519720e-05,2.753439911077993317e-03
-3.284848468869034122e+01,2.911680160596433287e-05,2.809583985266398895e-03
-3.269847258142976187e+01,-6.760166782127985169e-04,3.207824898373921874e-03
-3.254786750364271342e+01,-3.837776303461648813e-04,3.682296020043711749e-03
-3.239795769311596274e+01,-1.689816021340028286e-04,3.743842475210580785e-03
-3.224790063630739922e+01,3.966256682114744660e-05,4.614872549291320659e-03
-3.209800501488174262e+01,5.266819228284906878e-04,5.109096232386071794e-03
-3.194811029815843995e+01,7.012059470785724597e-05,5.371921062787384654e-03
-3.179805509433527888e+01,-4.947229476285632498e-04,5.524527344223815681e-03
-3.164831314914423643e+01,-1.523772227052097670e-03,5.260895391705327703e-03
-3.149786994488103176e+01,-9.633781390260812063e-04,5.429244873149440508e-03
-3.134790919041805779e+01,-1.500557574475171879e-03,5.459640441937707762e-03
-3.119789864070929042e+01,-1.165886355486545241e-03,5.079556936920780370e-03
-3.104836374338699301e+01,-1.400396581036291712e-03,5.587612631172354447e-03
-3.089786809886473407e+01,-1.587301568806922299e-03,5.622528314028083819e-03
-3.074795870547469434e+01,-1.270443189960881016e-03,6.084929841223566706e-03
-3.059799969984478807e+01,-1.419483069906651894e-03,6.787041704774663710e-03
-3.044865996985883783e+01,-1.752688483383210705e-03,6.986099166565264140e-03
-3.029885412029038605e+01,-1.701947179365938647e-03,6.508100290315723888e-03
-3.014830733191151069e+01,-2.355158958972881130e-03,6.563312451336577452e-03
-2.999859979311576552e+01,-2.623224477385750677e-03,6.562211314387351307e-03
-2.984825634175988895e+01,-2.749980465144252501e-03,6.224502400074901839e-03
-2.969793801433486635e+01,-3.618154690984013225e-03,6.481226413108919990e-03
-2.954799374003006918e+01,-4.445329229706702044e-03,6.962087896206832320e-03
-2.939730793611116155e+01,-4.588745139412983738e-03,7.403124465276725644e-03
-2.924707528217017938e+01,-3.687756471065350289e-03,7.405785185815487795e-03
-2.909659026836131801e+01,-3.079763509730847493e-03,6.801665311087599398e-03
-2.894632540038927004e+01,-3.279916138884310210e-03,6.406528669145085571e-03
-2.879550309890222337e+01,-2.995527441142167065e-03,6.404235824639861914e-03
-2.864544599101871825e+01,-2.716857817135048033e-03,6.421351525770018290e-03
-2.849587388780464181e+01,-2.550612279381949711e-03,6.654070679063620215e-03
-2.834621893367949852e+01,-2.795442613630981076e-03,5.869125243736856429e-03
-2.819581713301074188e+01,-2.962962016684040842e-03,5.515124768581129017e-03
-2.804515821193858827e+01,-3.164057748678368934e-03,5.123913897237308661e-03
-2.789474801986575514e+01,-3.778785308751367571e-03,5.358237585357921925e-03
-2.774536870291517587e+01,-3.680587372559728215e-03,5.185277363717156508e-03
-2.759599758819440396e+01,-3.868032441908881430e-03,5.124331725833614765e-03
-2.744658667167661292e+01,-3.352208284274954021e-03,4.476456516493153986e-03
-2.729648221542191422e+01,-4.040158855407186347e-03,5.102985886241075304e-03
-2.714667180549263037e+01,-4.855405682479208701e-03,5.594490537603440637e-03
-2.699717961007565492e+01,-4.745588149986173024e-03,5.436030127598239815e-03
-2.684698033063568801e+01,-4.650353277099463466e-03,5.661486363401907820e-03
-2.669674342200455186e+01,-4.488732699546594748e-03,6.290298641995288251e-03
-2.654688227403800127e+01,-4.449991267660237219e-03,6.019093623975893190e-03
-2.639658731239315514e+01,-4.558119945297273851e-03,5.643886378815952433e-03
-2.624711060341749302e+01,-4.700715949375522916e-03,5.073325095454102145e-03
-2.609709950162034175e+01,-4.600353197329757303e-03,5.313324484275551429e-03
-2.594653843832927009e+01,-5.145277462936086350e-03,5.123587470972280900e-03
-2.579580156755883991e+01,-5.338236883203832661e-03,5.910964765971082890e-03
-2.564563197059047539e+01,-4.388909210646974556e-03,6.039054617625777208e-03
-2.549594871563588683e+01,-3.784800213000547378e-03,7.035487594357366266e-03
-2.534584317550667620e+01,-3.420352184107980798e-03,6.921949928583633754e-03
-2.519629694850132751e+01,-3.766140619816457560e-03,7.285661645893500710e-03
-2.504647886874883511e+01,-4.291940476557038787e-03,7.009466406076178546e-03
-2.489624729741715470e+01,-4.080725361481660034e-03,7.081505095308250099e-03
-2.474545152142720639e+01,-3.803759399070823569e-03,6.478835164196240434e-03
-2.459492927099507398e+01,-4.137005074262269100e-03,6.998120199191357020e-03
-2.444505565045328765e+01,-3.636690665540619725e-03,7.294260175110795982e-03
-2.429509309020523844e+01,-3.379661575725138520e-03,7.459078485302856991e-03
-2.414565233603019578e+01,-3.602593669192172884e-03,7.199347294424791877e-03
-2.399590022161108394e+01,-3.552280759563636921e-03,7.110138211267063961e-03
-2.384567372805127761e+01,-3.864658206983991994e-03,7.684645519744854290e-03
-2.369557843366015248e+01,-4.032202900856094938e-03,7.926722597209808277e-03
-2.354579905182791677e+01,-3.815947030776640006e-03,7.365093699029835392e-03
-2.339591890057201695e+01,-3.589216409073109262e-03,7.157797635965057990e-03
-2.324602891102628277e+01,-2.724557852697297600e-03,6.470318484424974169e-03
-2.309573237897099318e+01,-2.435983563568212135e-03,7.433259341157255444e-03
-2.294610408158845871e+01,-2.669521144221330845e-03,7.588936916154398991e-03
-2.279558483244480271e+01,-2.732598795734700933e-03,7.885341396302755074e-03
-2.264484245494448444e+01,-2.519372766951373695e-03,8.167787624342840586e-03
-2.249490518567927921e+01,-2.493723376815871248e-03,7.571205051505436323e-03
-2.234477036249577964e+01,-2.045232156401924524e-03,7.812480144140811385e-03
-2.219482828040649025e+01,-2.315107278401717320e-03,8.413519733320717897e-03
-2.204505804030823413e+01,-2.384054450777871228e-03,8.882390420645421697e-03
-2.189484755631281843e+01,-2.731378985846342079e-03,9.322375619603537680e-03
-2.174454605652660177e+01,-2.359763995939915138e-03,9.342259284147096804e-03
-2.159454571668795708e+01,-1.970719839358940541e-03,9.730990959237604404e-03
-2.144465634812947741e+01,-1.142234960508225474e-03,9.861161372752141885e-03
-2.129421051375383911e+01,-8.315267350943358459e-04,9.438269092350286271e-03
-2.114377369072829893e+01,-9.792923130522107698e-04,9.244179031200176061e-03
-2.099417730294006290e+01,-1.071312056833651112e-03,9.069847121925283043e-03
-2.084399516892357695e+01,-6.023567105489644651e-04,9.517812700457647240e-03
-2.069448828230742166e+01,-4.728401582459156993e-04,9.292824747688400652e-03
-2.054464560689950048e+01,6.324820338845934208e-05,8.390522184656119473e-03
-2.039461144820949201e+01,2.427939207463510345e-05,8.838651260024513526e-03
-2.024441741851401133e+01,6.980123698694987687e-04,8.624345740108100081e-03
-2.009422811808197196e+01,9.236208191200400222e-04,8.675033038102086119e-03
-1.994436426130628348e+01,1.584965061219371831e-03,8.778259724602421529e-03
-1.979434662901637765e+01,1.265108707220192379e-03,8.277642192230956833e-03
-1.964362545753586531e+01,1.796580443008408915e-03,8.491942144967191616e-03
-1.949344169944200900e+01,1.847925752588053770e-03,8.628575075813701978e-03
-1.934337415431460627e+01,2.063227794793572479e-03,9.857611529263711481e-03
-1.919353748460037323e+01,1.365558387830339464e-03,1.040835825835754319e-02
-1.904358696186800870e+01,1.359494840997659253e-03,9.945322278012739062e-03
-1.889369692042011906e+01,1.458584112630550251e-03,9.551979902137075484e-03
-1.874364227262883276e+01,1.073305209381327690e-03,9.555535381102816389e-03
-1.859311906929362479e+01,1.230659077693339659e-03,9.492792911465396111e-03
-1.844341306691712745e+01,6.623813663977563728e-05,1.058424466744240650e-02
-1.829320409071372566e+01,-4.895545293579523383e-04,1.035814607156157474e-02
-1.814310398226164267e+01,-1.453117876077412302e-03,1.014909172889105066e-02
-1.799271317551174221e+01,-7.486842914291257350e-04,9.748772397071043747e-03
-1.784183083612399656e+01,-3.610271144388033614e-04,9.071069221123956999e-03
-1.769167915503732758e+01,-4.381379700779610038e-04,8.505833431655314761e-03
-1.754071202692792042e+01,-6.837286981048537474e-04,8.578995072480440770e-03
-1.739080670063665934e+01,2.522244374525751907e-05,8.828745569704593218e-03
-1.724059596360435620e+01,-6.195897423455335176e-06,8.734530117052427545e-03
-1.709090752162347826e+01,-8.372722866158731955e-04,8.308312314181203612e-03
-1.694111955086199117e+01,-5.823711597166997571e-04,8.138521829161086268e-03
-1.679140639120394596e+01,-9.366875422705800685e-04,8.203796807366058735e-03
-1.664101194114638815e+01,-6.538397151988026594e-04,7.548754805420395710e-03
-1.649126818683157225e+01,-1.304871880177183941e-03,7.521027360698307601e-03
-1.634113208969839803e+01,-1.212365296876842958e-03,8.007629529254572942e-03
-1.619061816988947200e+01,-8.480582190867094446e-04,7.914551882075158279e-03
-1.604102357516278232e+01,-8.654177670748890389e-05,8.085827369177267174e-03
-1.589087170431713325e+01,-2.024443318502869705e-04,7.996145727536601786e-03
-1.574060551438787847e+01,1.542769161087783399e-04,7.549954432185364966e-03
-1.559115766111946400e+01,6.321225579797336422e-04,8.089224551394628634e-03
-1.544139495329202205e+01,8.948154786837283743e-04,7.803995484404184502e-03
-1.529150623579605117e+01,1.522220431937604734e-03,7.094592960897904040e-03
-1.514110566519004131e+01,7.478407909164936978e-04,6.606908392733571236e-03
-1.498985344885837812e+01,1.251981704886887675e-03,6.053333023426956706e-03
-1.483944765002465793e+01,1.080218559514157422e-03,6.138299105041934191e-03
-1.468979371279552382e+01,5.774670542128817075e-04,5.400954570857477953e-03
-1.453949048893898954e+01,3.417888615211321993e-05,5.648688741723580792e-03
-1.438960437527598479e+01,-1.372518821812714377e-04,5.322963601571465385e-03
-1.423991003639759789e+01,-3.551675305892294907e-04,4.953428477202708076e-03
-1.408991458862526613e+01,-3.004948530908713817e-04,4.695477238188155815e-03
-1.394000050093512755e+01,-3.491347198628140741e-04,4.088377226302034213e-03
-1.379033605716264255e+01,-3.392219968349596392e-04,4.223138103292046336e-03
-1.364050977654162544e+01,-2.255422952218034548e-04,4.260325993438773655e-03
-1.349000724692607633e+01,-6.804338941251908066e-04,4.248366277813581116e-03
-1.333975542770602374e+01,-8.460014713421771821e-04,4.511229566515926465e-03
-1.318892235252299194e+01,-1.548601931049905286e-03,4.693304624485698101e-03
-1.303851502312425126e+01,-1.497374703867422998e-03,5.137291044123756291e-03
-1.288877927115361466e+01,-1.764654255505877789e-03,5.787151767858072192e-03
-1.273891036582664427e+01,-8.966670742225191617e-04,5.429955885912973387e-03
-1.258887795075627558e+01,-1.426275270212413277e-03,6.146218396622832834e-03
-1.243922803810330002e+01,-1.032039531323214378e-03,6.758053074864570249e-03
-1.228907425687262922e+01,-7.350000054222950762e-04,6.070814444763157625e-03
-1.213898946983830385e+01,-1.296824876466961044e-04,6.369484690388139796e-03
-1.198963495684490077e+01,-2.083806582694857756e-04,5.923701299486122500e-03
-1.183950381632959648e+01,-3.328516982698076320e-05,5.966592154186344844e-03
-1.168952674972548422e+01,3.733551936595805244e-04,5.981771304687487356e-03
-1.153901522121678980e+01,1.217419046646323218e-04,5.837036290671915664e-03
-1.138879988441791902e+01,2.936412194670129524e-04,6.328150751683300941e-03
-1.123874342374631397e+01,-5.254863138879366149e-04,5.192317720817982672e-03
-1.108876879454850695e+01,-9.468203863711130734e-04,5.310514673125060585e-03
-1.093894361485968858e+01,-4.181676256848661645e-04,5.885166823228722872e-03
-1.078924655685645817e+01,-5.238705209646856266e-04,6.473931634791496754e-03
-1.063956698680767587e+01,-6.055242573288731334e-04,6.890421789080621896e-03
-1.048987504707206675e+01,-5.873850473960335510e-04,7.195595932383411740e-03
-1.033976509792004528e+01,-7.104626518443898009e-04,7.112311394254635516e-03
-1.019028103750914482e+01,-5.241599170738317579e-04,7.419537760835964897e-03
-1.004068254031064811e+01,-1.068989974800218850e-03,7.099409454370986250e-03
-9.890524764918014355e+00,-1.310853291142625695e-03,5.628949251702760476e-03
-9.740816140084929131e+00,-1.163792796553865484e-03,5.155297677098228705e-03
-9.590776359126508055e+00,-1.413074649242621094e-03,4.983172383571421275e-03
-9.440987860531439679e+00,-1.780744126226429819e-03,5.362646465713700669e-03
-9.290668296745986154e+00,-2.038153178278907275e-03,4.659356577571487946e-03
-9.140456316683005511e+00,-2.182710731495223367e-03,4.750871263029604434e-03
-8.989979557880500849e+00,-2.688395652967436739e-03,4.481461353670333422e-03
-8.839393593804585336e+00,-2.344209333200626688e-03,5.172970728974305224e-03
-8.689722854780324468e+00,-2.644107778975086399e-03,5.543129473839046931e-03
-8.540419168013508866e+00,-2.539766519399889143e-03,5.538684763528737946e-03
-8.389881748473667855e+00,-2.218363533721983815e-03,5.423114989962879613e-03
-8.239253816713089762e+00,-1.798388593140544216e-03,5.817894983130969533e-03
-8.089292410533074573e+00,-1.629558883070427898e-03,6.472496146882667813e-03
-7.939228285880865599e+00,-1.408343131876616016e-03,6.827177218353217697e-03
-7.788620177460225058e+00,-1.471156136179643022e-03,7.148722465215437936e-03
-7.638754499186713787e+00,-1.291317561155179774e-03,7.022187235416621140e-03
-7.488985647010640179e+00,-8.565463231624036514e-04,6.648112689805780497e-03
-7.338786766974821241e+00,-1.128026959882997161e-03,6.718931993045571156e-03
-7.188322603202087713e+00,-1.356067280266955557e-03,7.889234495145339837e-03
-7.038338782765973356e+00,-7.685430693078204459e-04,7.218049676610356971e-03
-6.888698836975898132e+00,-1.598157598293904443e-03,7.680750747260343091e-03
-6.739189992508210381e+00,-9.928798424213242189e-04,7.713196955339747703e-03
-6.589689779275180292e+00,-2.721287006005785084e-05,7.240959042897991520e-03
-6.439546156745546313e+00,-1.340179505512806193e-04,7.302507965199792235e-03
-6.288949870291398625e+00,-9.954300288253586058e-04,7.545702616765241795e-03
-6.138472926762769788e+00,-1.331226907416802963e-03,7.395659794096606787e-03
-5.988566954973286727e+00,-1.248297030241202980e-03,7.592104873715550123e-03
-5.838297540738947689e+00,-1.336821298629786887e-03,7.549751790982929707e-03
-5.688473192794440969e+00,-1.736942584943331619e-03,7.553393885995388427e-03
-5.538803899008375886e+00,-1.296860944755649520e-03,7.607392720019377601e-03
-5.388547075882468285e+00,-1.820732948327763792e-03,7.942022567279207954e-03
-5.238511414372550412e+00,-1.090683008761850680e-03,7.497337814791026935e-03
-5.088231822496556589e+00,-1.227820268662708960e-03,7.103557530941537190e-03
-4.938461701499853973e+00,-1.516108931908281181e-03,7.634575039944651968e-03
-4.788867330829543967e+00,-1.882605825395816668e-03,7.756601702100720565e-03
-4.638287665594278408e+00,-2.259414074740352316e-03,7.236887783032764504e-03
-4.488384600167472094e+00,-2.018424201276529297e-03,6.987621620357343036e-03
-4.338274747062453862e+00,-1.990671716875726596e-03,6.740546855184886485e-03
-4.188669811719051062e+00,-2.240658362070975171e-03,6.674424390839516982e-03
-4.038174910828836062e+00,-2.142929651139319994e-03,6.173839206188088714e-03
-3.888832602526974824e+00,-1.594120457525279250e-03,6.610796978525090330e-03
-3.739013110701865816e+00,-1.813324913999274325e-03,6.369963091991020024e-03
-3.588916784610255650e+00,-2.707109826478408792e-03,6.560002986448540581e-03
-3.438593059079756209e+00,-2.525565375240229095e-03,5.790731883762601645e-03
-3.289145840050723635e+00,-2.456304440272890927e-03,5.333829941472859743e-03
-3.139611717151051806e+00,-2.936477920570940928e-03,5.944749031316328911e-03
-2.988960573061938852e+00,-2.270175701419501185e-03,6.808372684823526047e-03
-2.839226490964555705e+00,-1.710223440468491190e-03,7.272158074412871619e-03
-2.689050367371837780e+00,-2.319564477521354143e-03,7.304850924812170306e-03
-2.538963396383256743e+00,-1.630424240688747254e-03,7.253489154541679917e-03
-2.389654048110809281e+00,-1.381604275318256509e-03,7.278530024609401392e-03
-2.239478559357006127e+00,-1.122410691165040683e-03,7.695694863440989165e-03
-2.089286513265419032e+00,-9.200266647129714094e-04,8.180223296556468973e-03
-1.938565125732492955e+00,-8.402432054989238249e-04,8.292405976787476513e-03
-1.788618413446070976e+00,-1.250988899025459082e-03,8.190881533334358131e-03
-1.638371943612659809e+00,-1.255196951819316162e-03,8.061268439637361144e-03
-1.488632068193037838e+00,-1.243956778110948775e-03,8.195641073823820358e-03
-1.339075364907401200e+00,-1.410874305888305683e-03,7.749119726085529000e-03
-1.189566001670889550e+00,-2.152878692911122573e-03,7.625019802129467256e-03
-1.040026967226441057e+00,-2.633951520591540623e-03,7.604329486724022147e-03
-8.900070957742622912e-01,-2.768444279947904381e-03,8.214248459329158425e-03
-7.401744412414407170e-01,-2.937643643299987263e-03,8.663272266332544200e-03
-5.902962917510360397e-01,-3.267407920617105069e-03,8.308935651863755614e-03
-4.402168270978492615e-01,-3.088158373088003769e-03,8.638937492440898133e-03
-2.895692321499927502e-01,-3.378228356193528712e-03,8.890079335528206297e-03
-1.393728895854001448e-01,-3.242896543873878112e-03,8.347949005071998718e-03
1.022545695350085028e-02,-3.728970505466386049e-03,8.687228644879056369e-03
1.604301830416675068e-01,-4.086391764895597363e-03,9.182610962325372939e-03
3.107143101401361185e-01,-4.056227562710857867e-03,9.979328887231169593e-03
4.611151949840504582e-01,-4.348520443889075486e-03,9.816448918443042293e-03
6.103518225268202979e-01,-3.690040108840636924e-03,9.329342067198685001e-03
7.605960361096112399e-01,-3.660542371556222557e-03,1.000000116206213076e-02
9.100669922922545174e-01,-3.523604834650862806e-03,9.764791434381348695e-03
1.059967683856845033e+00,-2.914407380407459808e-03,9.877667451697999881e-03
1.209467696228884170e+00,-2.895854423701305601e-03,9.499782257053815751e-03
1.360008658658009351e+00,-3.473243309056094942e-03,9.238859167491423816e-03
1.509522788736002319e+00,-2.858996926368855256e-03,9.651957174357338534e-03
1.658718829634914460e+00,-2.528752008560073219e-03,9.513148478836204111e-03
1.809328418158043350e+00,-2.734329909711734514e-03,9.652777191327475970e-03
1.958944772037921167e+00,-3.347556522779334808e-03,9.542170252198403646e-03
2.109010160850461446e+00,-3.690372311536544315e-03,9.041009984142854908e-03
2.259051542446382843e+00,-4.097437285944526518e-03,9.307534833684204256e-03
2.408470193111892588e+00,-4.080673570163234273e-03,9.324484480461218625e-03
2.558841655524109360e+00,-3.635824234652382768e-03,1.009313488998998982e-02
2.708524595780268829e+00,-4.555097166771340800e-03,1.075502921697091274e-02
2.858840482564230623e+00,-4.426672252274397971e-03,1.077018681830012141e-02
3.008675259355715781e+00,-3.670698495669583953e-03,1.047608884034593839e-02
3.158081439934922408e+00,-4.207131873166486402e-03,1.052837782501653448e-02
3.308167689471675832e+00,-3.598865729927947649e-03,1.020806935156456929e-02
3.458005875678779262e+00,-2.881944864294866578e-03,1.065236531904437643e-02
3.607389769853822870e+00,-2.540911469698042043e-03,1.047922131097838404e-02
3.756975469281429003e+00,-3.159006936273476944e-03,1.014085829531291214e-02
3.906700612705476416e+00,-3.219112926816180761e-03,9.792364065871793713e-03
4.057612641691337174e+00,-3.246756104584901451e-03,9.110101862111405491e-03
4.207289212249986754e+00,-2.909359947176930888e-03,9.178769108370773977e-03
4.357004474752791623e+00,-2.827220256049551867e-03,9.198143307351788756e-03
4.507139028844010298e+00,-2.603312773119278219e-03,8.982346270489743878e-03
4.655812423664046129e+00,-3.027001112764702174e-03,8.899431189917570567e-03
4.805851232299199971e+00,-3.110823549277186208e-03,9.088338691088874988e-03
4.955902613664465939e+00,-3.888803263108404126e-03,9.529833894478294959e-03
5.106288050324245376e+00,-3.614113007408622288e-03,1.069573301934913408e-02
5.256186271608961569e+00,-3.372437050867850995e-03,9.904018898562551299e-03
5.407097964981460336e+00,-2.943314695269073043e-03,1.023609244191309164e-02
5.557380025443918292e+00,-2.962614731270307462e-03,9.968056021767465746e-03
5.707732049423168696e+00,-2.836617237360917858e-03,9.595114808923874139e-03
5.858264541139904580e+00,-2.720162873249268830e-03,9.264976243642114584e-03
6.009273478970184712e+00,-2.576389458679569262e-03,8.786747045460448907e-03
6.160033630641764013e+00,-2.712631208412591075e-03,8.798969758316958073e-03
6.309858603489630902e+00,-2.657598811337638298e-03,8.929288956952417117e-03
6.459819414341216870e+00,-2.946654598630789410e-03,9.228502201900306776e-03
6.609811347720220276e+00,-3.407671896648521194e-03,8.692168725613878127e-03
6.759785523928025341e+00,-3.623636211015756042e-03,8.052794725509602319e-03
6.909916491720387022e+00,-3.642600421142056302e-03,8.170884963328836625e-03
7.060868729279349054e+00,-3.655170732192442647e-03,7.688620183631838211e-03
7.210717439596478151e+00,-4.146241029061992558e-03,8.090462519069819766e-03
7.359979679463667601e+00,-4.082058957236435470e-03,7.650752882329322699e-03
7.510422942239573629e+00,-4.350456517368133519e-03,7.547550258203288703e-03
7.660824155221986231e+00,-4.517422441978669045e-03,6.964832731313138313e-03
7.811183983369478057e+00,-4.180079859189633242e-03,6.843776261297014607e-03
7.960896596486039201e+00,-4.237489232280552964e-03,6.089945003816755326e-03
8.111070117040975802e+00,-3.972989096362658859e-03,6.206892048167461651e-03
8.260597498281146756e+00,-3.625417888097973336e-03,6.516655373691971134e-03
8.410301385896667981e+00,-4.358370707770007832e-03,6.737184850114539755e-03
8.561134449515902745e+00,-4.436368675409902915e-03,6.410614897530345427e-03
8.711435108430144680e+00,-4.326916671908890601e-03,6.579886322463934095e-03
8.861958930143940094e+00,-4.777253842956812394e-03,6.468410996897606090e-03
9.011493365787478282e+00,-4.696546719385446406e-03,5.350982369667242784e-03
9.161274217864649572e+00,-5.126404785694016128e-03,4.715074155635213572e-03
9.311199820854682230e+00,-5.117385119310100330e-03,4.142517986628533287e-03
9.461014417739606941e+00,-5.060916230345476573e-03,4.327770749331389354e-03
9.610639430188752996e+00,-5.713962304484464065e-03,3.970889177830017221e-03
9.760107420343761220e+00,-5.637602199928248674e-03,4.134463387656574056e-03
9.910807714587472006e+00,-5.842308912252941640e-03,4.744394039897757709e-03
1.006109556888684331e+01,-4.981105391848214027e-03,4.697395823647190424e-03
1.021148771522090293e+01,-4.241524820345927461e-03,4.707176598282821270e-03
1.036162088883719434e+01,-3.675630861757844380e-03,4.909573920466269586e-03
1.051104679207044157e+01,-2.745614882365390776e-03,4.268772353174266412e-03
1.066149675747405112e+01,-2.885366533475794242e-03,4.302822105011037609e-03
1.081151172171850838e+01,-3.509131056238800478e-03,4.007800156908462516e-03
1.096141189782180980e+01,-3.891129482150154986e-03,4.369381297655803090e-03
1.111160333301655356e+01,-4.024091041496303395e-03,4.071083617799023391e-03
1.126208665819474497e+01,-3.937207340624661149e-03,3.442286247388180818e-03
1.141212674909861846e+01,-3.724624081235195384e-03,3.465214841599906399e-03
1.156241966115838693e+01,-3.210361243021946000e-03,3.722202756278334638e-03
1.171269567580795012e+01,-2.911477699748629255e-03,3.827042225007592537e-03
1.186171404607407531e+01,-2.662049494355347989e-03,3.731154891993172448e-03
1.201202211619813376e+01,-1.961823338555770350e-03,3.488629833394000113e-03
1.216170401024325187e+01,-1.874968014362365975e-03,3.075290430556017543e-03
1.231145246586702058e+01,-2.715074754165297099e-03,3.154499151264277858e-03
1.246135387521153426e+01,-2.470694884227170492e-03,3.493613873307412510e-03
1.261130063822015934e+01,-2.351348730342100232e-03,3.907139709058440880e-03
1.276172443380340837e+01,-2.444303930351061482e-03,3.980143340762907697e-03
1.291168243419597417e+01,-3.411194034735939590e-03,4.306018644581187903e-03
1.306210585948773861e+01,-3.623720703067368626e-03,4.101024460957398976e-03
1.321202687203835957e+01,-3.907947689507341137e-03,4.418963040205489690e-03
1.336193844760916427e+01,-4.032854021245250130e-03,4.735795741031663224e-03
1.351229252608144371e+01,-4.694959536962669058e-03,5.172909317434910663e-03
1.366204861257478598e+01,-4.225902837053613186e-03,5.207721761126844068e-03
1.381115425981075795e+01,-3.930669232995656105e-03,4.788478471384073794e-03
1.396109617934717662e+01,-4.121085194647820457e-03,5.393268213388893034e-03
1.411070789221956545e+01,-4.022317816841531127e-03,4.903578375980922194e-03
1.426079387274093691e+01,-4.114961067305788860e-03,5.100258987399369608e-03
1.441095966618240176e+01,-3.986551316729554546e-03,4.863242174752466229e-03
1.456134038911372031e+01,-4.692128436667767320e-03,5.052283828056145648e-03
1.471153008985349153e+01,-4.377390838560347129e-03,5.211391521560334965e-03
1.486163800230228560e+01,-5.123525197350986549e-03,5.268553171017248578e-03
1.501221363350235194e+01,-5.592583864388729793e-03,4.850935389914314173e-03
1.516216455341328562e+01,-4.592780577916842286e-03,5.276482051387596309e-03
1.531249435666016367e+01,-4.677565138984681251e-03,4.839444406395050462e-03
1.546239911557542790e+01,-4.402368328925624838e-03,4.698199169159001168e-03
1.561245775307980743e+01,-4.711317722354424996e-03,4.829233489668315060e-03
1.576299214498436818e+01,-5.002401765226388401e-03,5.763395742681864074e-03
1.591263385241322226e+01,-4.645029504788522785e-03,5.870331005100781242e-03
1.606271169439778035e+01,-4.586626644119617784e-03,5.734998198973026255e-03
1.621300210700853839e+01,-4.311668200095733657e-03,5.248885470034961483e-03
1.636329934707713818e+01,-4.672476668440546030e-03,5.401164331604489492e-03
1.651361811678925307e+01,-4.868370481604150125e-03,6.014468445773005559e-03
1.666427690195534694e+01,-5.170356467324549801e-03,5.619029154349924546e-03
1.681418075276450708e+01,-5.175412577925695909e-03,5.254975225625235780e-03
1.696432732860700909e+01,-4.514362876587475412e-03,4.193806787858992899e-03
1.711539518859063591e+01,-4.080484945026430048e-03,4.334001508645606189e-03
1.726535492667627736e+01,-3.878372694667769644e-03,4.856360346977200114e-03
1.741547149639913172e+01,-3.846150301966541184e-03,5.543730878563176388e-03
1.756531983564563149e+01,-3.243527089575318906e-03,5.631639940673210248e-03
1.771531918453803911e+01,-2.806422394196685967e-03,5.581208427440636534e-03
1.786553296662893331e+01,-2.758034112067075591e-03,5.220783979464828362e-03
1.801591910376965089e+01,-3.029498179046729526e-03,5.411752455112801320e-03
1.816575148767775971e+01,-2.877719069921289615e-03,5.688351380807029484e-03
1.831547310211720614e+01,-2.791361111044531659e-03,5.578349008032269969e-03
1.846599227808363253e+01,-3.110940895838764687e-03,5.193419216620273268e-03
1.861621396655584704e+01,-3.871941383242268487e-03,5.248485322484719266e-03
1.876662021739352681e+01,-4.167902800708190095e-03,5.449191886326879009e-03
1.891631349330686263e+01,-4.236216371198351684e-03,5.573214471796579181e-03
1.906633248665224301e+01,-4.278663370658230929e-03,5.837848510985120185e-03
1.921676455056707411e+01,-4.446616983580384264e-03,5.023133232765941876e-03
1.936651511406467208e+01,-4.781257098251806559e-03,4.468944886685704762e-03
1.951634359732765134e+01,-5.063288072675624189e-03,4.656054794392639959e-03
1.966661916733805526e+01,-4.956475380987289577e-03,4.748188050078303024e-03
1.981555578499229853e+01,-5.369772226570426570e-03,4.648408356390376986e-03
1.996497158802688787e+01,-5.575356984955978819e-03,5.286006902893922166e-03
2.011492640295323753e+01,-6.128144119726144229e-03,5.425724478627049277e-03
2.026463076408862563e+01,-6.059740095127529209e-03,4.751986183505546406e-03
2.041424719837014479e+01,-5.664768336784287671e-03,4.482018666924613565e-03
2.056424912998611987e+01,-5.141615769007725108e-03,3.508134601946569404e-03
2.071462756830047525e+01,-5.473328335104801073e-03,3.429355618245559598e-03
2.086401080725710244e+01,-5.214228279460829917e-03,3.288336484957959417e-03
2.101388711697087430e+01,-4.904913905624326727e-03,2.990107427320333727e-03
2.116450977755770779e+01,-4.951933700660388592e-03,2.544967167911919154e-03
2.131469261275893956e+01,-4.706507616231866281e-03,2.168184664699882025e-03
2.146470850672469410e+01,-5.048612436847105429e-03,2.126508785013513005e-03
2.161440858758502515e+01,-5.419862089294391443e-03,1.742996356894740452e-03
2.176388033640430564e+01,-5.171683249166354052e-03,2.062445192248123227e-03
2.191311972826795795e+01,-5.400960975083030600e-03,1.654040650398716289e-03
2.206291333984559344e+01,-4.974236901213654853e-03,2.815397492429373618e-03
2.221227250390382579e+01,-4.317982870946228055e-03,2.530413325582219191e-03
2.236190269581500090e+01,-4.285083549307939707e-03,2.186706744621860765e-03
2.251211909964467139e+01,-3.626657983705256286e-03,1.850991946582290814e-03
2.266194954488137370e+01,-3.711992289533020718e-03,1.812461694222109072e-03
2.281188112332185014e+01,-3.482700224629323420e-03,1.845397425409236840e-03
2.296208040857662880e+01,-3.610255287831874802e-03,2.272507601019458593e-03
2.311180194572878577e+01,-3.595507079573111078e-03,2.153143003002515495e-03
2.326189466736623856e+01,-3.078207036835339805e-03,2.614210946897668406e-03
2.341227168427229799e+01,-3.060596055217649526e-03,3.471347553253580163e-03
2.356233025930680824e+01,-3.297009588868537316e-03,2.983862009893126568e-03
2.371232823251759569e+01,-2.911733527243792145e-03,2.789949525805643718e-03
2.386162577297118759e+01,-3.320186808034072089e-03,3.240438430451461800e-03
2.401163391496850252e+01,-3.446278370406053587e-03,2.985317158545486987e-03
2.416129679394848040e+01,-4.670140078756969404e-03,3.141864025489037385e-03
2.431179178350653203e+01,-4.423396647527077542e-03,2.583331351539794579e-03
2.446202154488125302e+01,-4.977758429125996552e-03,1.913080655037385606e-03
2.461156724796055073e+01,-4.744997369035334339e-03,2.021034640212670749e-03
2.476103024444579148e+01,-5.014917369149337646e-03,2.479821234239312083e-03
2.491073622282882383e+01,-5.263974073128726422e-03,2.009686331800100961e-03
2.506130832029457878e+01,-5.032132607128902632e-03,1.611330384975763735e-03
2.521097637205257769e+01,-4.738915418965851389e-03,1.695361657182708906e-03
2.536128704061071204e+01,-5.469071083217952323e-03,1.948108387001044320e-03
2.551127424011562184e+01,-5.414111606460845182e-03,2.323493341535896178e-03
2.566192545782206480e+01,-5.239261205414027199e-03,1.994518078001755474e-03
2.581149682018759250e+01,-5.631622260718131302e-03,1.736715524709221822e-03
2.596102555050699934e+01,-5.753608234053202500e-03,1.755475672056996256e-03
2.611072986896380499e+01,-5.950829867145403587e-03,1.631982640595534655e-03
2.626050635663171562e+01,-5.907171842552468022e-03,2.176784281664067254e-03
2.641007052910904207e+01,-6.033188229901044475e-03,1.822475419938264984e-03
2.656061341192841851e+01,-6.247266428861399101e-03,1.801330644622711622e-03
2.671036116981310826e+01,-6.300694673005985923e-03,2.730589921325459780e-03
2.686077354846916165e+01,-7.028679953204690876e-03,2.799439430826936113e-03
2.701047103031269359e+01,-6.711145366838055550e-03,2.371749570330244222e-03
2.715984748084092359e+01,-7.031870069087862996e-03,2.517564401420043819e-03
2.730983246653815044e+01,-6.766615938393081252e-03,2.247201730476633495e-03
2.745980591017539751e+01,-6.272755726258218145e-03,1.643660798128025171e-03
2.761003471348505656e+01,-6.257964979508629129e-03,1.519980037567869591e-03
2.775949888002024935e+01,-5.886245860869307282e-03,1.893796434978871823e-03
2.790975230147263275e+01,-5.958874814161905717e-03,1.779761387286576436e-03
2.805939371464212329e+01,-5.971738385019995793e-03,2.537262668907412731e-03
2.820927009292394061e+01,-6.430452837312618242e-03,2.421596985148287418e-03
2.835918268343338866e+01,-6.527252385384164565e-03,2.127012489709317541e-03
2.850946700161488678e+01,-5.458029654084743491e-03,1.875204749323394673e-03
2.865984296410599086e+01,-5.455065370760861510e-03,2.367882332434270622e-03
2.881007907146780411e+01,-5.592119014366720049e-03,2.459407396304972172e-03
2.895983545227377576e+01,-5.358737137175702790e-03,2.180185950139626114e-03
2.910974331954858485e+01,-5.023084263522328667e-03,3.048510210647906171e-03
2.925978467803837191e+01,-5.254384580153473837e-03,3.125589253710807803e-03
2.940973182085906146e+01,-5.422778940017056008e-03,3.429995740332249850e-03
2.956035811720088091e+01,-4.768308170018648214e-03,3.662292875833752029e-03
2.970993104237821214e+01,-4.155517596828719323e-03,3.487075080574298172e-03
2.986015003268907009e+01,-4.926576227504168501e-03,3.621607886365298210e-03
3.001001003046330595e+01,-4.417408031677070093e-03,4.081906474824463331e-03
3.016040267771714412e+01,-4.899004580570176341e-03,4.008577106356734331e-03
3.031074050034356304e+01,-4.493933121740931874e-03,4.265988190588479098e-03
3.046117075201326330e+01,-4.431311520582545231e-03,4.281106280566660850e-03
3.061141646071669697e+01,-3.710111271425191662e-03,4.399772502983777603e-03
3.076102234952385217e+01,-3.491924733654772767e-03,4.171267128962648923e-03
3.091119920651595976e+01,-3.628465406232903642e-03,4.122731635779189850e-03
3.106098300893665609e+01,-4.203542375852214151e-03,4.228185130348512122e-03
3.121127081484849342e+01,-4.515511262776932856e-03,4.925177641493656139e-03
3.136155560630159300e+01,-5.109894553700362711e-03,4.782905502737583824e-03
3.151231820359707925e+01,-5.395588689311484401e-03,4.918996469988851789e-03
3.166191347004418688e+01,-5.351753626631657046e-03,4.954164180103347651e-03
3.181189152092334638e+01,-5.209852989487906601e-03,4.657841338151966736e-03
3.196150363466000499e+01,-5.117354450949524423e-03,4.194358351250693923e-03
3.211133559523192815e+01,-5.631375174145206164e-03,4.206821813858588506e-03
3.226150269319706609e+01,-5.256744018682237007e-03,3.466528678383005557e-03
3.241173952273243231e+01,-5.183196921683928121e-03,3.456476870817499266e-03
3.256195250222201309e+01,-4.998104544245349050e-03,2.163269568063318389e-03
3.271149612291620912e+01,-5.103938908035609082e-03,2.194527389806646533e-03
3.286221191263691566e+01,-5.212347620688579514e-03,2.597579402975096902e-03
3.301274168756013694e+01,-5.430204483674249197e-03,1.612270616932877029e-03
3.316279231618523227e+01,-5.779288455522968784e-03,1.477773626748746152e-03
3.331282810027459362e+01,-5.657482832187013012e-03,1.605945874889779662e-03
3.346280600574916519e+01,-6.000877093544685834e-03,1.216298756770490663e-03
3.361288566708734749e+01,-6.037650121569192521e-03,1.186578105296529290e-03
3.376338821026400439e+01,-6.339501273227608064e-03,9.614417309256598947e-04
3.391301847208143272e+01,-6.789182011003656696e-03,4.687619999049609065e-04
3.406364792094970539e+01,-6.762090068826657162e-03,6.105854842522686786e-04
3.421399276823597546e+01,-6.461508464003833975e-03,9.238249680890598271e-04
3.436354221045162660e+01,-6.439282359697777805e-03,1.002859439727896282e-03
3.451427288982210939e+01,-6.130994644025587054e-03,1.747485309890602556e-03
3.466387466092594138e+01,-6.206208831333115579e-03,2.478932158445371070e-03
3.481333064732353932e+01,-6.511425201538263881e-03,2.360167264011584984e-03
3.496306161734299423e+01,-6.244659746601716709e-03,1.644201520032595410e-03
3.511293925222650358e+01,-6.678157199510563122e-03,1.212523657027318909e-03
3.526329906296384564e+01,-5.940437186132374939e-03,1.051374902561295335e-03
3.541341885970566494e+01,-6.067398963235013341e-03,1.282197493885863415e-04
3.556336050428433282e+01,-6.220855852343389406e-03,-2.067770763120942059e-04
3.571344996952979756e+01,-6.291659546657871541e-03,5.750175315607982405e-04
3.586216847026153687e+01,-6.605379671360688161e-03,4.993688558691007770e-04
3.601182603939918181e+01,-6.821388915841906063e-03,4.328154028340621372e-04
3.616200349954623761e+01,-7.882963958798836976e-03,2.928454340698582558e-04
3.631161302163786075e+01,-8.035274404470252665e-03,9.525279761155432080e-04
3.646154444865826605e+01,-7.149608878824147140e-03,1.445334345823547258e-03
3.661192785970751373e+01,-7.176259449199344324e-03,9.412504508804498673e-04
3.676127760208266437e+01,-6.998828064759469829e-03,1.401388368418826419e-03
3.691129893590179023e+01,-6.510701428212970106e-03,1.680093054639186746e-03
3.706095441455558159e+01,-6.205374509454590973e-03,1.596793685989384868e-03
3.721071091459197078e+01,-5.817230671832656838e-03,1.842556371574699146e-03
3.736206655310843416e+01,-5.927785200878834919e-03,2.396418662866273142e-03
3.751146786864155303e+01,-6.146914745305522010e-03,2.627618035948082586e-03
3.766086686987066656e+01,-6.314146608091531637e-03,2.609761823760550596e-03
3.781110055209037313e+01,-6.342454709213444890e-03,2.403579429746621841e-03
3.796156261493096906e+01,-5.812727629725083882e-03,2.274267476241515363e-03
3.811092073195492702e+01,-5.057526600685893943e-03,2.499669665479504772e-03
3.826099600665114764e+01,-4.715669066945112238e-03,2.378248366033819915e-03
3.841131163430522122e+01,-4.179200637186469489e-03,1.752434606805107009e-03
3.856129934392016168e+01,-4.359274934335064834e-03,8.988234652156569960e-04
3.871158082252996735e+01,-4.531966954766441374e-03,7.688812910461828272e-04
3.886211834448822344e+01,-5.154171775342893981e-03,5.903528243496532516e-04
3.901109104596044119e+01,-5.877954847215011158e-03,3.141528539257161046e-04
3.916097442487431834e+01,-5.896443593718238112e-03,-3.385502753210662004e-04
3.931038557468685468e+01,-6.063853102222988879e-03,-4.298769025776240653e-05
3.946105614154057406e+01,-5.967806582644528957e-03,-3.917404517784828694e-05
3.961080295432875431e+01,-5.770084649427040767e-03,2.873694833361776059e-04
3.975981174381107763e+01,-6.032572161523274724e-03,8.055234173940070989e-04
3.990999288176735860e+01,-6.741646995426759693e-03,9.574012139422509362e-04
4.006036005935558819e+01,-7.317972384168451236e-03,1.079044357850615166e-03
4.021039611396091118e+01,-6.522085041438219558e-03,1.175511545023247848e-03
4.035995905477488321e+01,-6.842350821905414902e-03,1.001026369138985350e-03
4.050951968250402757e+01,-6.119822954885535682e-03,1.063141919531710626e-03
4.065986594445683266e+01,-5.626890382066632515e-03,1.010394379811087057e-03
4.081012310054628500e+01,-4.863112591954277426e-03,1.417265460570205689e-03
4.095993833172653353e+01,-4.993379355511965399e-03,1.399763042773232054e-03
4.111024484009837465e+01,-4.535549235810440449e-03,1.371211195325664498e-03
4.126170359160666123e+01,-4.454975442403458392e-03,7.969226062003252186e-04
4.141243069561670609e+01,-5.186329929021902749e-03,2.591734696114141750e-04
4.156186597509977787e+01,-5.584806076884700314e-03,-3.848611099641042967e-04
4.171182978135799857e+01,-5.255324158174646577e-03,-6.091262056902422726e-04
4.186248869335924638e+01,-5.121577757255615405e-03,-1.727011569393744315e-04
4.201144463675695562e+01,-5.149412489019690974e-03,-1.526995936420917654e-04
4.216222541094356302e+01,-5.699887091899918067e-03,-8.848672434280416776e-05
4.231287099271043672e+01,-5.352511074924929009e-03,2.191376663478529800e-04
4.246240211439150158e+01,-5.656008912435847059e-03,9.470597188842274153e-04
4.261228897936641857e+01,-5.967109932132913346e-03,1.066874919512925428e-03
4.276260270902819371e+01,-6.484244346633524954e-03,1.228148369984102687e-03
4.291286061432546006e+01,-6.281064053672446093e-03,1.592652566569157649e-03
4.306252807593453724e+01,-5.319558364055600175e-03,2.097750593874450273e-03
4.321239690789624888e+01,-4.774104284661614093e-03,2.316866417576185760e-03
4.336183258807992758e+01,-4.348388454908933345e-03,1.592251336451671684e-03
4.351212712681356720e+01,-3.727166680599614933e-03,9.884732058042481218e-04
4.366215655484194968e+01,-2.937103287146006995e-03,1.755020804032975112e-03
4.379744264260192921e+01,-2.513833469125660233e-03,1.437133307825997058e-03
4.391852330712690389e+01,-2.737373184685732395e-03,1.771298118221570047e-03
4.402800997842923891e+01,-3.335888712698061118e-03,1.643839545764507826e-03
4.412626065389680008e+01,-4.954389049270516501e-03,1.951535854666487874e-03
4.421476015590837960e+01,-4.518137252650109362e-03,1.696889373184812299e-03
4.429499864870161474e+01,-4.301239452874133264e-03,2.003258343020350787e-03
4.436616631479561335e+01,-4.020086268399793682e-03,2.675895088021822219e-03
4.443086374793961824e+01,-3.534022137609424234e-03,2.614008935513321020e-03
4.448870983869353779e+01,-3.245802147924270811e-03,2.295561420516669011e-03
4.454234614123042491e+01,-3.222509626906822165e-03,2.372833665540152476e-03
4.458935011044976449e+01,-3.382810184501201193e-03,2.638862720784094368e-03
4.463152104361241612e+01,-3.018458967593401574e-03,2.380869131343025299e-03
4.467010633289785204e+01,-2.668074728693940138e-03,2.564640580790750104e-03
4.470481013449384022e+01,-3.768065789046951171e-03,2.382191438182538947e-03
4.473576930624677317e+01,-3.921533491653111068e-03,2.340761097180436671e-03
4.476310766776796157e+01,-3.272857870396290742e-03,2.665313882928736083e-03
4.478740426320698731e+01,-3.031480377853183229e-03,2.984149371976399078e-03
4.481002596069591704e+01,-3.016527541529708412e-03,3.210304327606851565e-03
4.483001033700821125e+01,-2.896367312693643933e-03,3.168093771133980753e-03
4.484784548902581491e+01,-2.693914317899850051e-03,2.715543370212999963e-03
4.486410574281678265e+01,-2.483806305287108822e-03,2.695377347382529962e-03
4.487977778751461244e+01,-1.941586096292585587e-03,2.348843833695058066e-03
4.489315294336810780e+01,-1.272069889102089282e-03,2.101092129058337084e-03
4.490481630718092276e+01,-1.723955032209922118e-03,2.201082110095280587e-03
4.491583295765388328e+01,-2.232143247616156113e-03,2.210795015945626538e-03
4.492501215377616575e+01,-2.784609005922269141e-03,2.278417869917884718e-03
4.493418708218753466e+01,-3.054172028868047239e-03,2.529734938696484321e-03
4.494131058482560093e+01,-2.516611283298599185e-03,2.185177091568438548e-03
4.494848639245074651e+01,-2.882957807291332969e-03,2.594994715270747352e-03
4.495441540656005941e+01,-3.617273643356093502e-03,2.162121545513266425e-03
4.496032351427509610e+01,-4.205029847135829252e-03,1.762120763275224758e-03
4.496552920736196768e+01,-4.256774412763121053e-03,2.369431363646130970e-03
4.497010835444241650e+01,-4.264803903690436021e-03,2.480742774970792156e-03
4.497366853513723584e+01,-4.620448530340158164e-03,2.551209754198822781e-03
4.497681276178114018e+01,-5.554033062602669463e-03,2.331473227998534254e-03
4.498078560517214441e+01,-5.457654792477526461e-03,2.253198743692065055e-03
4.498340503099409915e+01,-5.064448375954563528e-03,2.542284785069110105e-03
4.498660407637145653e+01,-5.059258351660533663e-03,1.672274820644347251e-03
4.498904425827748810e+01,-5.328300877550688590e-03,1.904370191739875994e-03
4.499090875233389397e+01,-5.043253494363801777e-03,2.477753424210283727e-03
4.499252152733703980e+01,-5.756677726163324758e-03,2.225629792106872083e-03
4.499436742433772451e+01,-6.089976824879121155e-03,2.176647150317817091e-03
4.499612428517539087e+01,-6.049850536324688499e-03,2.394098056489516509e-03
4.499823840621358073e+01,-5.773493093668161102e-03,2.631110457441626551e-03
4.499950410219509678e+01,-5.552974804446790882e-03,2.929424976784816576e-03
4.500029217778088508e+01,-5.784832871204779493e-03,2.908814414882147752e-03
4.500095588815578651e+01,-5.507619706955062255e-03,3.219905589087175644e-03
4.500220157200460136e+01,-5.686568514098271250e-03,2.960464970231925074e-03
4.500302503884846317e+01,-6.180342274873893739e-03,2.912480050790902577e-03
4.500418772519695665e+01,-6.877507153673365417e-03,3.203752704251424787e-03
4.500519200538769127e+01,-6.414356757028586917e-03,3.570878697699020072e-03
4.500686464919486696e+01,-7.064230889742658358e-03,4.664280567821715677e-03
4.500637792472836907e+01,-8.304025254767047337e-03,5.023035020473182524e-03
4.500669171084023645e+01,-8.986741134641226467e-03,4.295437961665387987e-03
4.500717315184655121e+01,-9.001804343907354386e-03,3.616666301807398235e-03
4.500745219135929176e+01,-8.513018455551421906e-03,3.765729358036075392e-03
4.500812262089581850e+01,-8.885071891101910604e-03,3.749281398944507345e-03
4.500883505462676482e+01,-8.791734244298634107e-03,3.790652497253611374e-03
4.500929061634043649e+01,-9.136753350215409686e-03,3.983174815318841870e-03
4.500945827423270629e+01,-9.500181100429007028e-03,3.900196591128791187e-03
4.500877919619951939e+01,-9.635276301330165591e-03,3.640336179416151733e-03
4.500903566278223877e+01,-9.818272432456318435e-03,3.787850852942677149e-03
4.500922620962798248e+01,-1.002888850760583379e-02,3.713810644926190691e-03
4.500893696350750162e+01,-1.005911134495089503e-02,3.513225257906307016e-03
4.500949604011876204e+01,-1.034003619846237364e-02,3.927750412546939136e-03
4.500965469042674982e+01,-1.030790423789975513e-02,4.088442095656023324e-03
4.500986029032328162e+01,-1.001883328302217643e-02,4.743807490773424562e-03
4.500972366694185212e+01,-1.001523390649475265e-02,5.194034723255721089e-03
4.501006644336456475e+01,-9.959773399530519669e-03,5.388536942860136514e-03
4.500996199804506404e+01,-1.062108795238356045e-02,5.594505533362417217e-03
4.501017640113168028e+01,-1.018064916710162762e-02,5.849748941773300938e-03
4.500978649636393669e+01,-9.518395675911048293e-03,6.015193254372396686e-03
4.500975588075534972e+01,-9.409148028467723829e-03,6.086511701684436428e-03
4.500975211934817821e+01,-9.565546974652309672e-03,6.231132734377222565e-03
4.501035275865963570e+01,-9.181809599368040420e-03,6.290440134510418002e-03
4.501066355237678351e+01,-9.078354824281634552e-03,6.068604100962517005e-03
4.501064091922344801e+01,-1.031487215288637120e-02,5.475541527985090112e-03
4.501048593268473752e+01,-1.032242778063247220e-02,4.823301566555194576e-03
4.500958775165185699e+01,-1.061855355842937498e-02,4.475544604944234166e-03
4.500930409707012814e+01,-1.065177003473403473e-02,4.008933248091778138e-03
4.500887962127069386e+01,-1.072153461532703717e-02,3.450273758518963580e-03
4.500961662841838518e+01,-1.065521006831833192e-02,4.159920078959286269e-03
4.500962217601043136e+01,-1.003229573213110411e-02,4.589749899532770926e-03
4.500956961362009423e+01,-9.766103123042518819e-03,4.999001841778573374e-03
4.500953364869332063e+01,-1.043818642954133340e-02,5.030348363580476947e-03
4.500949427089987154e+01,-1.059385182288833868e-02,4.537687161369898664e-03
4.500912313884599314e+01,-1.123744380077275340e-02,3.481697513429348259e-03
4.500912795570449987e+01,-1.073327526614169594e-02,3.367919034879787894e-03
4.500824132498280505e+01,-1.021371244857665478e-02,3.464772851671690714e-03
4.500794226416755350e+01,-9.729543366291441842e-03,4.158735716137101218e-03
4.500762177021130128e+01,-1.025759378655215388e-02,4.381533799800603306e-03
4.500818298282928254e+01,-1.083402611659207634e-02,4.044563189054902960e-03
4.500883871540849412e+01,-1.077926768538266418e-02,3.864333054230147026e-03
4.500974275101693678e+01,-1.092516654298911552e-02,3.952457394836537095e-03
4.500972679901710904e+01,-1.147382327010077786e-02,3.986815743780859275e-03
4.500902863559998224e+01,-1.078736019093256768e-02,3.644474816216820238e-03
4.500912263635332522e+01,-1.083594746447759730e-02,4.389058248878774729e-03
4.500867505773076260e+01,-1.097770344873372217e-02,4.855722442352915398e-03
4.500823472730321839e+01,-1.096154156542769077e-02,4.382189540776371475e-03
4.500846501129034039e+01,-1.078250709485019561e-02,4.343065236540990040e-03
4.500877214513323565e+01,-1.093437715096408358e-02,4.814697262863981177e-03
4.500885985135706591e+01,-1.111683788326457180e-02,4.446026386187997871e-03
4.500926716206853229e+01,-1.110212846424797443e-02,4.342855775240945723e-03
4.500897176219309159e+01,-1.142172868930382487e-02,4.739493997844153664e-03
4.500901046402454142e+01,-1.108303497912277100e-02,4.971595381846453422e-03
4.500943986174291922e+01,-1.132431162936818267e-02,4.770121864305160858e-03
4.500988180408466377e+01,-1.099535699058647523e-02,4.475262105546224355e-03
4.500981584711531269e+01,-1.111750725474839989e-02,5.078937787901874334e-03
4.501024008426694678e+01,-1.097709581718604027e-02,5.066341032564989147e-03
4.500973546043136508e+01,-1.050925913963304120e-02,5.694396717799977449e-03
4.500999080526989360e+01,-1.011796585033051740e-02,5.169035389132826432e-03
4.501082908464017152e+01,-1.030633090876120067e-02,5.266667219745115383e-03
4.501083688054553278e+01,-1.120281843870997961e-02,4.509321281505606314e-03
4.501053077899204879e+01,-1.100058431927177123e-02,4.051797143519308628e-03
4.501080364501271447e+01,-1.137427071831402167e-02,4.319936153904448128e-03
4.501022925288554433e+01,-1.179683128127158136e-02,4.702075495633320848e-03
4.500961526455082407e+01,-1.159784431041216944e-02,4.772416049455290368e-03
4.501070048201525964e+01,-1.214997695848206265e-02,4.816944552444774041e-03
4.501027580528031535e+01,-1.204157097494381289e-02,4.547854777986844697e-03
4.501061115363387444e+01,-1.193957819482971243e-02,3.836106716679794654e-03
4.501037331551081877e+01,-1.230479018360853931e-02,3.385790603278726954e-03
4.501038162014980770e+01,-1.214752519495042836e-02,3.323546960187976577e-03
4.501049752811106686e+01,-1.247407081152217614e-02,3.198320736345598367e-03
4.501007582244592697e+01,-1.318984642304016006e-02,2.945523044750998718e-03
4.500988865159327190e+01,-1.344466555639905678e-02,2.535652844425235683e-03
4.500933232481431645e+01,-1.323173660884155618e-02,2.041777908979104054e-03
4.500893728654666148e+01,-1.299790024541607782e-02,2.318987559504097785e-03
4.500987945497810472e+01,-1.368904903717657259e-02,2.038895604937650523e-03
4.500998026074407932e+01,-1.340805461226429393e-02,1.902391591291816963e-03
4.501036233182519908e+01,-1.457023673697638473e-02,1.139734052193489651e-03
4.501123958113126378e+01,-1.453057316376838749e-02,7.526745164087109835e-04
4.501084315878843256e+01,-1.498549464371159295e-02,5.621505198298080812e-04
4.501106731684689777e+01,-1.442092004184820572e-02,6.829122084970478974e-04
4.501086020883041527e+01,-1.451588500035351850e-02,6.387755419690352519e-04
4.501146133927297655e+01,-1.428844938773164881e-02,3.372970591964535316e-04
4.501101738829473931e+01,-1.485400246419890137e-02,8.039626672553538056e-04
4.501110733164684063e+01,-1.449823532633414368e-02,9.048488358204883220e-04
4.501071575208825237e+01,-1.362104846790340718e-02,1.068561352396484379e-03
4.501108765069837858e+01,-1.316158004869696051e-02,9.135420012463689367e-04
4.501152697778612577e+01,-1.256399254659211137e-02,9.966208675206646075e-04
4.501200325351801013e+01,-1.275944776384398301e-02,1.054383623721543263e-03
4.501136857938572433e+01,-1.235771372270135122e-02,2.085600792237853399e-03
4.501102675555435439e+01,-1.231448349182289771e-02,2.055698846074730576e-03
4.501121308564675161e+01,-1.232682558146906519e-02,1.868991006524901898e-03
4.501017389439883232e+01,-1.295705482101783962e-02,2.003865753328787011e-03
4.500931669067639262e+01,-1.320469630346025706e-02,1.330829374060802034e-03
4.500926594919732793e+01,-1.335492860680314621e-02,6.093576977265957248e-04
4.500935549254489132e+01,-1.311638805624140529e-02,5.872534612165947925e-04
4.500909276319156760e+01,-1.336362994138510195e-02,1.022508995661303068e-03
4.500903309556160536e+01,-1.256613780676771493e-02,1.353716902935939593e-03
4.500919209523988940e+01,-1.262739164424715212e-02,1.431444171041208139e-03
4.500932406497562965e+01,-1.216522890331217695e-02,1.423319125248802145e-03
4.500978128047131577e+01,-1.241102928220804216e-02,8.087946740283013213e-04
4.501064094009527139e+01,-1.214631383296073050e-02,5.701435537966188663e-04
4.501051384235420727e+01,-1.197079961858199884e-02,-1.762434716122207113e-04
4.501004395302243211e+01,-1.256043605007927354e-02,-2.362245021367550890e-05
4.501063270642706726e+01,-1.241381528892448842e-02,-1.007587931949795873e-03
4.501047885097379719e+01,-1.207256997532555644e-02,-5.110681868120633704e-04
4.501026171753086658e+01,-1.170834814161356846e-02,-2.180665613365069218e-04
4.501023658570291275e+01,-1.285436823769973459e-02,-6.099248525991084711e-04
4.501014336417436112e+01,-1.244343881165486596e-02,-2.885316725862697930e-04
4.501036193351816905e+01,-1.254181471081702512e-02,-5.660530481191917464e-04
4.501039207610110537e+01,-1.220816700687827119e-02,-6.722605692580016761e-04
4.501021915776316717e+01,-1.194617616469309876e-02,-2.731982538705825378e-04
4.501008769338844928e+01,-1.241208224472948284e-02,-9.427043899152570293e-04
4.500958847404900354e+01,-1.278318524681194140e-02,-1.320575250918709686e-03
4.500984806663832671e+01,-1.264936623713580621e-02,-9.692213570973528093e-04
4.500952748617465460e+01,-1.271005789118431414e-02,-1.147345008263724910e-03
4.501069373010604835e+01,-1.249812340327197471e-02,-1.102595644823441872e-03
4.501090506391133772e+01,-1.266558131219066609e-02,-7.855224999918124706e-04
4.501098425321362129e+01,-1.219357479933272544e-02,-7.088868935834771127e-04
4.501177413639589986e+01,-1.300166407955880010e-02,7.393336628673020678e-05
4.501170093292596874e+01,-1.272315902094125865e-02,3.112446912553150499e-04
4.501152152503768633e+01,-1.262221747009544502e-02,2.734800800991059409e-04
4.501096929136051727e+01,-1.257859061937643096e-02,6.232329118960705213e-04
4.501101394691867341e+01,-1.242194039845203636e-02,7.365216013603545974e-04
4.501061651821488141e+01,-1.234812478483394808e-02,1.784931334890328377e-03
4.501072431951624253e+01,-1.248312180544180854e-02,2.059972614205101034e-03
4.501011477519912063e+01,-1.233188137299671971e-02,1.769545627683509741e-03
4.500927925798028895e+01,-1.213560807772508590e-02,1.800776876636415395e-03
4.500930888831477716e+01,-1.258851082373804546e-02,2.555233477816598858e-03
4.500993478382327595e+01,-1.194816108598510847e-02,3.874363139317752672e-03
4.501038776112791595e+01,-1.220555407275189692e-02,3.768160712482803657e-03
4.501142601833605283e+01,-1.209114691919634110e-02,3.859839603595595706e-03
4.501102161439766292e+01,-1.253124731308321096e-02,4.260202854969825231e-03
4.501117202369150760e+01,-1.308505284961150768e-02,4.462285546900567230e-03
4.501133182835981472e+01,-1.336817115190537184e-02,5.010238967445549210e-03
4.501192684307071090e+01,-1.321700576740494730e-02,5.489635501002157816e-03
4.501208572156163967e+01,-1.290168021077990612e-02,6.066875833993280037e-03
4.501270001092694883e+01,-1.282396831106775645e-02,6.089375273545095599e-03
4.501286148131936216e+01,-1.307762248167715011e-02,6.423931880507836693e-03
4.501327573960846706e+01,-1.268377376229022462e-02,6.517290608102675221e-03
4.501301576288613404e+01,-1.249373678236137541e-02,6.771734553724926761e-03
4.501291053608575510e+01,-1.263891163466067044e-02,6.700469153485432393e-03
4.501221892666559654e+01,-1.246950316000503510e-02,7.115153953031573726e-03
4.501220075436580004e+01,-1.222941239916378216e-02,6.777533545904272823e-03
4.501226201674549543e+01,-1.303415342767063993e-02,6.204055012690981932e-03
4.501185916044650526e+01,-1.266644707840040504e-02,6.357392101541453101e-03
4.501138983221961354e+01,-1.316405234028142357e-02,6.510168151484999229e-03
4.501117247762852003e+01,-1.292301032355962741e-02,6.966592810531724821e-03
4.501084113581035240e+01,-1.198968029203710713e-02,6.707255894417468549e-03
4.501001417092001589e+01,-1.160872671795249063e-02,6.928468007512377999e-03
4.501050695446694050e+01,-1.180202697787396254e-02,6.973833374640075501e-03
4.501024508855767436e+01,-1.220502497692816518e-02,6.523893138361937585e-03
4.501103099024859233e+01,-1.249978805293950994e-02,6.772202386424204003e-03
4.501155116583719007e+01,-1.245976883544496101e-02,6.343925713949536034e-03
4.501198790195773825e+01,-1.241767594005707166e-02,6.570177894394895780e-03
4.501205415209149407e+01,-1.265312278894702158e-02,6.795650304345369520e-03
4.501211128303810227e+01,-1.278953351670834328e-02,6.271793773790272641e-03
4.501214565521567579e+01,-1.341199578882218586e-02,6.618524611685731342e-03
4.501152637120271294e+01,-1.366226779192755529e-02,5.426549495266703646e-03
4.501166671323038315e+01,-1.409397859488727665e-02,5.337503014740572864e-03
4.501169346110306435e+01,-1.365113226121960135e-02,5.084367954929351098e-03
4.501147411158211753e+01,-1.361042461867139654e-02,4.312428637130789194e-03
4.501148427604445601e+01,-1.386307412189399790e-02,4.485157981735758692e-03
4.501139631017459664e+01,-1.434982953152340313e-02,4.413815935625135280e-03
4.501145332143590849e+01,-1.416001630185407568e-02,5.106871430701345922e-03
4.501142176578637333e+01,-1.345449930139768630e-02,4.958781131402180582e-03
4.501137088824348353e+01,-1.377795922918985914e-02,4.853731562336556678e-03
4.501158435071279484e+01,-1.352992968673363307e-02,5.336998362201634920e-03
4.501224639842753561e+01,-1.337359318116867687e-02,5.991388851994196817e-03
4.501238515784280025e+01,-1.218935515421545358e-02,6.185404828857063962e-03
4.501233435389011106e+01,-1.239043952673395989e-02,7.033667813689959553e-03
4.501222025210785915e+01,-1.206382776787499715e-02,7.230808992447212979e-03
4.501272406204052601e+01,-1.237800115955944510e-02,7.356388127551603123e-03
4.501238457215607269e+01,-1.277096735275610323e-02,7.707133998199774266e-03
4.501165645840647755e+01,-1.227297752232012554e-02,8.153706935645861284e-03
4.501168873846386731e+01,-1.151668876671581819e-02,8.297296889431376651e-03
4.501194908515800819e+01,-1.124629496864005401e-02,8.291359111153522032e-03
4.501166529989916398e+01,-1.083974639521485990e-02,8.593466112309067553e-03
4.501121553212770721e+01,-1.034680042340175264e-02,8.229797274736197835e-03
4.501108437906833615e+01,-1.039984790562827749e-02,8.157930663671073696e-03
4.501109981410256466e+01,-1.046714461758317671e-02,8.204241255236161337e-03
4.501140847527401689e+01,-9.879433568482755626e-03,8.223879973995585485e-03
4.501181043788637481e+01,-9.984399377497687328e-03,8.293692724536174191e-03
4.501134843158756382e+01,-9.696814026759323704e-03,8.285971929351067938e-03
4.501145925848769735e+01,-1.015701485141204917e-02,7.860634970369416788e-03
4.501208118974698635e+01,-1.056512215009328473e-02,8.327117224455433606e-03
4.501217081652324481e+01,-1.035140588158181725e-02,8.254598652324919919e-03
4.501255819404394032e+01,-9.856008494433004391e-03,8.351992917362533950e-03
4.501276636355527216e+01,-9.030666737668092969e-03,8.215333836024064224e-03
4.501256874699129185e+01,-9.645885708464214253e-03,7.548827520228067363e-03
4.501301769001944564e+01,-9.707834769941775521e-03,7.944899113263329329e-03
4.501283178078372060e+01,-1.043875166968680733e-02,7.981114767158865170e-03
4.501280202762255556e+01,-1.057244301112522482e-02,7.657697269074758770e-03
4.501262094742181574e+01,-1.060233336288746511e-02,7.461896230484100535e-03
4.501292680930429668e+01,-1.097463243506291257e-02,8.267108943981136757e-03
4.501288801250494487e+01,-1.105400024027380912e-02,7.358881688170827023e-03
4.501309578862473870e+01,-1.106828793654004647e-02,6.913263356809745165e-03
4.501340194556645002e+01,-1.183744047620472785e-02,7.440148049815178619e-03
4.501349651019449993e+01,-1.165996673600977300e-02,8.240133007480190258e-03
4.501371289707959988e+01,-1.140377425887240982e-02,8.867043175715265055e-03
4.501365493447519128e+01,-1.191146325945639621e-02,8.929230676150867740e-03
4.501409464709976760e+01,-1.191385831737206726e-02,9.343266926368831715e-03
4.501413505443341023e+01,-1.241782208275774534e-02,1.005753445759489766e-02
4.501369910008268960e+01,-1.201437659401245056e-02,1.024490873896282718e-02
4.501345945561810424e+01,-1.251779305527692988e-02,1.093086268968213731e-02
4.501273130737821049e+01,-1.263612404883507345e-02,1.094862205797425547e-02
4.501311184159442291e+01,-1.259080363908570040e-02,1.168641476509853054e-02
4.501226633240979424e+01,-1.226467521572602824e-02,1.243139843311736985e-02
4.501162710182255466e+01,-1.212208615221479872e-02,1.222606193954128145e-02
4.501198400379289666e+01,-1.179229173021657806e-02,1.220895072774258461e-02
4.501271749973356151e+01,-1.129341547324945114e-02,1.211997196552005995e-02
4.501196671153115858e+01,-1.197875896360439153e-02,1.196997037576483583e-02
4.501247106552645505e+01,-1.232583401281995596e-02,1.187744041300153874e-02
4.501261264115749583e+01,-1.180423504375305993e-02,1.164937783121686860e-02
4.501229757328977144e+01,-1.153133893312827465e-02,1.126107858016780171e-02
4.501190504244992496e+01,-1.090807095540985427e-02,1.098435646268425617e-02
4.501205876724207400e+01,-1.092050076194595043e-02,1.092901605983109987e-02
4.501257194702365894e+01,-1.043011528507613826e-02,1.094909312325916852e-02
4.501287061532277534e+01,-1.023256288112833236e-02,1.079301971856908189e-02
4.501204438878870207e+01,-1.044874724944832092e-02,1.019153458392979203e-02
4.501246372619502267e+01,-1.000378733442066140e-02,1.033194105194815311e-02
4.501251284897537630e+01,-1.002417709061903701e-02,1.085126476213604460e-02
4.501296110585214905e+01,-9.636738314989869852e-03,1.055658336146518897e-02
4.501340783825799008e+01,-9.379479473045397586e-03,1.063248500598992091e-02
4.501355613675693235e+01,-1.003138187233359319e-02,9.880615502454148311e-03
4.501330462780629915e+01,-1.024256040269262528e-02,9.905677586171819302e-03
4.501363832376916463e+01,-1.019042328181095185e-02,1.013792775306745185e-02
4.501370372685818211e+01,-1.056860880397964865e-02,1.051083624503123572e-02
4.501343022647866832e+01,-1.033417757070864522e-02,1.051392029681635400e-02
4.501366220621665803e+01,-9.881504134846856927e-03,1.046877336895670266e-02
4.501326243328577448e+01,-9.977382239304036574e-03,1.051518074892661067e-02
4.501360906906208470e+01,-1.087261736302151151e-02,1.103293357207876108e-02
4.501358802638858947e+01,-1.088707896707773008e-02,1.130635706907326399e-02
4.501320008442203857e+01,-1.119022279364372159e-02,1.189662936117430111e-02
4.501343361537054477e+01,-1.089981750843913889e-02,1.157476512790503453e-02
4.501349909134176386e+01,-9.750944743515902596e-03,1.196301079213235585e-02
4.501442530257458685e+01,-9.233898274822446850e-03,1.244989923271381388e-02
4.501504392572083191e+01,-8.595845829419175230e-03,1.295271441048910163e-02
4.501475427308589161e+01,-8.578109992404738676e-03,1.229919785300010240e-02
4.501447291456194932e+01,-8.983890947015786554e-03,1.216971656691890127e-02
4.501400850567511469e+01,-9.294826657263456290e-03,1.242531515901859097e-02
4.501401226579032055e+01,-8.805891527369441238e-03,1.185454705689528015e-02
4.501334430666593533e+01,-8.040055140486815702e-03,1.124332703126539566e-02
4.501242150370631379e+01,-7.523809670721384041e-03,1.089449464216676183e-02
4.501247031641817387e+01,-7.602788014503236366e-03,1.073635884351193705e-02
4.501192380346632405e+01,-7.703193993972646918e-03,1.078463174498875757e-02
4.501150288928815968e+01,-7.931849762659981540e-03,1.051822009498854134e-02
