gyro_x (deg/s),gyro_y (deg/s),gyro_z (deg/s)
-5.933287182079335226e-02,5.140175216743186198e-02,7.756449908894082722e-03
-2.663974646109088656e-02,-1.615307627344142807e-02,-4.998142616004078859e-02
-3.280428497061060877e-02,2.166095089165764181e-02,1.239623075690253484e-02
2.873459761518275951e-02,1.300113026321043051e-02,1.656222126493853836e-02
3.910984473577311382e-02,5.449472815622776606e-02,9.972259425376826456e-03
-2.872878056597791621e-02,4.418211989023437813e-02,5.534675761198158683e-02
-8.576770018195662912e-03,-5.329879657596012232e-02,2.104951651369973975e-02
4.931337642128946069e-02,2.791321547232545122e-02,-7.817415121947986212e-02
-2.201694287793005272e-02,2.920490452320971542e-02,-1.688952952177700736e-02
-2.528115702353921426e-02,-3.102200510219847371e-02,2.514806280658749352e-02
-3.984985283512385706e-02,5.968110707449417879e-02,1.990693768887904710e-02
-2.317347116157359929e-02,-7.369446533220658235e-02,6.963338263246695399e-04
-2.906409711611732463e-02,-1.042406841661647036e-02,5.509285779678073890e-03
6.079976059855334708e-02,-3.604279437158646598e-02,7.746195641542033029e-03
4.541247428485114396e-02,-5.286782348355201916e-02,2.258720442831998673e-02
9.733061833730266565e-02,-7.218290267212397471e-02,9.037625982506085690e-03
-4.410990346551631885e-02,3.470440297137850072e-02,-1.362860033889491933e-03
-7.430924015906120728e-02,1.060692946938577436e-02,6.324210850500354419e-02
-4.814490903470387134e-02,3.664312882685551859e-02,8.287104827184715861e-02
-1.917806101143728487e-02,-3.006314659177656071e-02,2.061835192010959966e-02
-2.753496991072922756e-02,2.286649616201375315e-02,3.373708516178942907e-02
2.865732315067310437e-02,2.454554785893054564e-02,-3.975157550294525222e-02
-3.924530918221827425e-02,4.072414420805637453e-02,-1.081805756250374395e-02
4.345137926093646215e-04,-1.691190772998769215e-02,-2.012503021891403135e-02
-5.970004519556060957e-02,4.091684595821457049e-02,-2.061830191847636995e-02
1.651638096907745087e-02,-2.931900963522722503e-02,5.530453886632404753e-02
1.898833797161317630e-02,4.041332333535447435e-02,-1.694899999210445693e-02
-3.720469256388991147e-02,3.018556130106136645e-02,-6.829494975521388511e-02
-4.588537954562666062e-03,5.432671916135749755e-03,-4.990758036161967170e-03
-7.407225025383617004e-03,5.300509114660582888e-02,-1.924844827735134115e-02
-3.327979535241413350e-02,3.812748520415696132e-03,-1.791651404371091827e-02
-2.090999104005648521e-02,-1.236995784546148121e-02,-3.340137175080182957e-02
-4.110258122003542132e-03,3.529074068914891948e-02,5.383403637394534869e-02
4.144728082725259236e-03,3.909077377167437944e-02,9.467020150764733633e-03
-4.030328421033364111e-02,5.293743101081666014e-02,-4.195617220006959969e-02
3.780440438968901695e-02,6.247666170320057000e-02,-6.944919513369973187e-03
7.411283473362165197e-02,-1.715183540115760435e-02,-1.719419472522436265e-02
-5.591400701783549171e-02,-2.004243247696536195e-02,-2.348245682412173144e-02
4.111905046803061153e-02,4.449947036815721929e-02,-1.074767862912603782e-02
4.006366804280983573e-02,4.758328975159284088e-03,1.792934642667354944e-02
-1.014505616215520718e-02,1.636392029110251764e-02,2.890966877591064771e-02
2.568721977516606747e-02,4.396172058853695108e-02,5.041538550229677368e-02
2.942638973737089422e-02,3.403987848989083187e-02,2.600022791768520636e-02
-2.835423172912125353e-02,6.015044713891852524e-02,5.009657892346344732e-02
3.976467497472812446e-02,-4.489957549312829227e-02,5.708983805269362416e-03
6.870418005614392642e-02,-7.574156307256824094e-02,1.542847152973298277e-03
3.686251761465265259e-02,-2.346159151838518239e-02,1.063365740241574604e-02
-5.890509130591609077e-03,-5.019828974786159914e-02,-4.833019195195836781e-02
-9.091660404756372188e-03,-5.038646016090823215e-02,-3.564024171633520255e-02
-6.506052431211808464e-03,-4.881266664809674749e-02,-1.049380669189365622e-01
-6.978160076215014773e-02,3.711549812994179715e-02,-2.294483786531448938e-02
-8.265846397677265034e-02,2.326356294989685367e-02,-4.189623798867136983e-02
-3.457361105167026244e-02,-1.136776597786888637e-01,-4.432096404317229822e-03
4.040196468563277826e-02,5.409856356371800512e-02,-1.443209785992056321e-02
-5.563605145004881652e-02,-1.448807808950051436e-02,-1.075979733518696649e-02
-4.154222060732147559e-02,7.433378366500276342e-03,4.534262886317727559e-02
5.800955305758537933e-02,-2.485723988076162655e-02,2.495990846339877015e-02
-6.056313123029960499e-02,2.686740905052911049e-02,4.401186307321626988e-03
2.257946304884439481e-02,-1.151098754565582222e-01,-5.676286381090994704e-02
-2.104899905750736485e-03,1.720167428743820878e-02,1.071775202894877273e-02
8.404017582360050198e-02,7.418805601502131974e-02,-8.445301890791814814e-02
2.771636725343061894e-02,2.314516268512881517e-02,-1.750014446246856911e-02
2.902189844461617110e-02,-1.014395549037441641e-01,2.179617452359100538e-02
-3.974006713462936019e-02,-1.379494499473640605e-02,5.891997885552481551e-03
3.412158987761339246e-02,7.564122203889997453e-02,-4.371687428509692976e-03
-2.112606509691724796e-02,1.284753950081254578e-03,2.834390164112176799e-02
-4.999431107598774349e-02,6.276797081573312967e-03,-7.626502144176906589e-04
2.658369106504831700e-02,-6.759727465092650600e-02,2.264189038549192269e-03
4.451601926115389407e-02,-1.110738220513983639e-02,7.617305632282520000e-02
-4.509373947093050367e-02,2.619207047093623925e-02,1.318762951946245154e-02
2.066847950728890881e-02,2.929934114039378559e-03,-8.060466812265391955e-04
-3.178154189768998134e-03,2.048003354602165316e-02,-2.384201772311816958e-02
9.260268008458175451e-03,-7.660080387502979371e-02,-4.892741406106108221e-02
3.144609071832373676e-02,3.312100320244353718e-02,6.451257680599170076e-03
6.322946589621233904e-02,-6.725503131821042313e-02,-9.193465437714988878e-03
4.116469357560609971e-02,5.704741880024918432e-05,-2.156778076178594850e-02
5.283399786285725153e-02,-6.575883348262002992e-02,3.968768365720954511e-02
6.424944647280800281e-02,-3.761158996713811348e-02,-1.043813434293473091e-02
4.852398269621260168e-02,-3.349384598568687366e-02,8.664049865941188602e-03
-3.585485468430141959e-02,3.619308783242937422e-02,-5.657792560514617042e-02
5.744537788895171491e-03,4.102081579993459987e-02,2.270091250303444760e-02
5.791785155863497098e-02,-4.687655785736177805e-02,-1.171835353163715177e-02
2.830667100026075522e-02,-8.213818636949639374e-02,2.587576393739647249e-02
-1.578412568421733511e-02,-1.314653968227098846e-02,-1.520398533092340992e-02
-7.370554525491086750e-02,4.453237328731150454e-03,-6.896775618888684178e-02
4.422994228275353018e-02,4.832714783428224831e-02,2.119050397870411370e-02
-5.264589484693879291e-04,-1.202060154386502822e-02,-3.220710730737760819e-02
9.301886287815825521e-03,1.540801250299559527e-02,1.458961865102481777e-02
1.612426239495578367e-02,7.226548522754702719e-02,2.948375947473368813e-02
-2.249093857081394671e-02,5.327177157477051145e-03,4.474390153058842995e-02
1.964947274272183658e-02,1.077104195529810828e-02,2.560448318488259614e-02
-3.327915077687468998e-02,4.035688443096293460e-02,3.445181494899413055e-02
2.374977809966698564e-02,-2.147686559803707596e-02,4.336555827932068313e-02
-2.539578051105688752e-02,8.201052742632854858e-03,-3.346005197690971739e-02
-3.028750935200599716e-05,-4.219104002655285623e-02,-3.129558529199062775e-03
-4.603968157000577766e-02,8.979393287337786300e-02,6.433811230767643059e-03
-2.356777191013859768e-02,-8.192011142237802176e-03,2.336156859909135040e-03
-7.739992331218088772e-03,-6.594618841919075436e-02,-2.921237441491860917e-02
-8.794270323204291320e-03,-4.534809393998786436e-02,-5.839750258944575306e-02
-3.532572242054387440e-02,-2.866508746902856827e-02,-4.017386725788441026e-02
-2.588382076133240953e-03,1.049861682440427629e-02,1.513709265961017625e+00
-1.967602405743597294e-02,-3.811483371129623793e-02,2.837146301531155768e+00
7.585868734542275393e-02,-2.776961079833424953e-02,4.019495240347242593e+00
-2.011459863337847903e-02,-1.659597447120358601e-02,5.226980681548818453e+00
7.035615141597267863e-02,1.294661091190730216e-02,6.145155107087830082e+00
5.871074552889843368e-02,-2.516724555387641477e-02,7.080373848899609079e+00
7.805988632119339327e-03,-9.624616174094439286e-03,7.839013156514249125e+00
2.514582432256453129e-02,6.821105276591216127e-02,8.529568733903092337e+00
1.893132293141962935e-02,-3.425513502924963649e-02,9.205689489964132832e+00
3.488363604997222339e-02,-2.244384000980811662e-03,9.810172742803029422e+00
6.412539130072264504e-02,-4.472686463117166861e-02,1.028423732813440061e+01
-7.432571868706161489e-02,6.230043960099193590e-02,1.070483330242063502e+01
3.825359905482494244e-02,-7.297158729375521902e-02,1.127851755826426405e+01
-1.328410498205913060e-01,-1.529629203481759972e-02,1.151534901918709153e+01
-1.205377712687044980e-02,-9.917698393142161672e-02,1.182021644385377890e+01
1.642375671223277045e-02,7.977476497919081672e-03,1.224341628839194662e+01
-4.665963627540855446e-02,-3.124287401216666038e-02,1.252414668404168019e+01
9.886419180410452659e-03,1.983030409168434413e-02,1.273055354535181039e+01
-3.447821750828370616e-03,-4.309607348189996301e-02,1.296852590309629427e+01
-2.062047355013149272e-02,2.208016111372951978e-02,1.311205813944067877e+01
-6.019033331117043528e-03,-3.635136188963383058e-02,1.340511009615161875e+01
-1.190545690044557750e-02,1.040474201504545948e-02,1.348232550256071782e+01
-5.632934798662697640e-02,1.577175333155585255e-03,1.372090688666010649e+01
3.998923913974817418e-02,2.806626495044314828e-02,1.377799382022453401e+01
8.088466036458537289e-02,1.051442751295801753e-01,1.395068345338217952e+01
5.018665140264578356e-02,-2.262169176673105297e-02,1.404981078185698173e+01
3.239422540893235197e-02,7.626816906936055573e-02,1.408635347002639548e+01
-4.905446694573636218e-02,3.625597407786437798e-02,1.427553732062739833e+01
-7.347832953412290757e-02,2.340319659974671521e-02,1.429828700821733101e+01
-1.146378310788490340e-01,5.107185722530244165e-03,1.433706151144676078e+01
-1.261669754969353685e-02,-3.059473364983485502e-02,1.442164631511640493e+01
6.872696668734624981e-02,7.854472731894474036e-02,1.450921669176841888e+01
4.046602001244539032e-02,-1.035689697156962942e-02,1.452784344942435801e+01
-6.310020402246291349e-02,1.929950455721931094e-02,1.461075896263862717e+01
5.168895741063735810e-02,6.629583781864424596e-02,1.461054111817488277e+01
-4.809960004536339290e-02,-3.055072528729635070e-02,1.472190884306552405e+01
5.514200273106357325e-02,-3.868834070099599898e-02,1.464661393232736764e+01
1.849547956082374031e-02,-2.423655188438090732e-02,1.471717685510995821e+01
-3.122568925443997001e-02,-5.126768283220876216e-02,1.475595617190030673e+01
-2.479452569834847322e-03,5.506371287737403704e-03,1.474218473972698185e+01
1.610801328108122515e-02,-4.400752580477459291e-02,1.474035499810412198e+01
-4.743932841032390615e-03,1.218530112086000164e-02,1.488478940238096904e+01
-8.158885633602647180e-02,3.964695228084537393e-02,1.484935017424428771e+01
-5.460132863758863919e-02,-4.172711247051431177e-02,1.492117873448770560e+01
1.247966331644221882e-01,1.037470782825388599e-01,1.487733689192098829e+01
-6.306046012786331069e-03,-6.497543666241212268e-02,1.490691005981721418e+01
-4.375943358993048676e-02,-1.765900685178936613e-02,1.492172706419722950e+01
-6.432931186202124618e-02,-2.172816667487434406e-02,1.495937592207654276e+01
5.647597265751425066e-02,6.887902611431502564e-02,1.489409118480153893e+01
4.909681130229771179e-02,-9.422291316396510510e-04,1.498594138413651855e+01
-7.901969991671217372e-03,-6.710779064654476267e-03,1.498995029851824867e+01
9.354267456072661718e-03,2.030843996920275035e-02,1.494801845323711653e+01
1.265737915094568462e-02,-2.219130499262544215e-02,1.497575578238077831e+01
1.799894098057773159e-02,1.360650279352666747e-02,1.492893674417593175e+01
1.965215989815439004e-02,5.998474817410649057e-02,1.499833222479898431e+01
-1.405877628027352687e-02,-1.774601041396941387e-02,1.489980551272858911e+01
1.406799552131618794e-02,3.129605157549746053e-02,1.500688053872235983e+01
-2.787973461533456432e-02,1.546843388570556463e-02,1.488534883454070723e+01
8.906062640366368965e-02,-4.826690181145009556e-02,1.498419841271281427e+01
3.598955949408896848e-02,-4.001855175733750464e-02,1.495043666677034366e+01
3.751382832798107192e-02,1.482045102684744972e-02,1.499072784891204257e+01
4.383880357239066175e-03,1.278591553233532525e-02,1.494774816929879790e+01
-1.331337611299257540e-02,-2.132316266125430099e-02,1.495889926532153069e+01
-4.592245782671639659e-02,1.591203355505320383e-01,1.496436878989104358e+01
2.669222695350597502e-02,7.282386995480514928e-03,1.502516792689646508e+01
4.610790451605991519e-02,-3.796090730175655931e-02,1.492746341885811390e+01
-2.067747698742165852e-02,-6.137645405831047146e-02,1.495186583686701454e+01
3.790557916285244161e-02,-4.605642471546628203e-02,1.496184008096900619e+01
5.964815708320646975e-03,-1.606147503109597971e-04,1.503355420781640639e+01
2.981036035941821150e-02,4.971640972547142906e-02,1.500436790143492516e+01
4.143544501597294649e-02,8.882019574682067237e-03,1.495139833131378104e+01
-2.493180592991725217e-02,-4.366205268056917548e-03,1.493342605764082442e+01
-1.133623870398357825e-02,-6.946501281383246629e-02,1.504136543690528427e+01
1.751916749084531447e-02,3.848369221273170021e-02,1.499312811949315716e+01
-4.632831564290633419e-02,-4.359328669864982048e-02,1.496592088168443624e+01
-2.397901654352288525e-03,-4.544851240205963899e-02,1.495589296090894571e+01
-7.222123187427759161e-02,-2.964801073255412395e-02,1.502993222658930961e+01
-1.330601388250191551e-02,-5.889998485751866963e-02,1.497061675083849508e+01
-1.277678537772194371e-03,-2.147921869826675129e-02,1.502251152349890262e+01
-8.801265052510762188e-02,-9.669353946420390644e-02,1.499779045803563626e+01
-2.504549044971884214e-02,3.765740502921310212e-02,1.497151959596763504e+01
5.365898434826286284e-02,4.247264558706609350e-02,1.504092840701348166e+01
4.217854715582429470e-02,4.371995739277162972e-03,1.504006666457708441e+01
1.622450685798546011e-02,1.348292253455338208e-02,1.504040509883073540e+01
2.366024929372007035e-02,-2.513427058895234198e-02,1.504172665130246322e+01
3.911679227455501506e-02,9.158263280687803376e-02,1.496934375465484734e+01
3.133544989568366052e-02,6.404243788766941781e-02,1.497597971874287381e+01
-1.223964930186816243e-02,5.342163239910826394e-02,1.498436630501600497e+01
4.126375222944671933e-02,3.319485052234980721e-02,1.500927859672412978e+01
5.594409505588540492e-03,-3.988669553211953919e-03,1.503135660692703190e+01
3.981646793464545947e-02,-6.977774116032309237e-02,1.500121416574771516e+01
4.762480683362015077e-02,3.006709899036190750e-02,1.506050611789054372e+01
6.255057854799937062e-03,2.244304598849787558e-02,1.499097964092453417e+01
8.714726351574281216e-02,2.184492534105249642e-02,1.500570428542618551e+01
4.941199189929001284e-02,4.990926553531837423e-02,1.498955817125698431e+01
2.614469481507271376e-02,-4.431951318331073947e-02,1.498947568328608249e+01
1.524226385883803089e-02,-5.507747076349547855e-02,1.500552561219544856e+01
-2.623389990559953089e-02,-1.014610977849133427e-01,1.497420437115391678e+01
1.723504947530532516e-02,5.742077725592428794e-02,1.504431521204575262e+01
3.291702697912246307e-03,-5.229694220570491742e-02,1.499608046706766906e+01
-3.761547781804320395e-02,3.489655279637751684e-02,1.500105170858918235e+01
5.110985134247611472e-02,-2.212532093591770832e-02,1.495349174941901360e+01
3.859402684231800617e-03,-1.722283148855588766e-02,1.504956619890490543e+01
4.665545628518379812e-02,3.315692306216527080e-02,1.499093615168831306e+01
7.054369670592303132e-02,-1.331139237533636444e-02,1.499590205756994443e+01
2.027573018165031854e-02,-3.155151906456667155e-02,1.493397683626096217e+01
-4.734162876283108667e-02,6.900719558933331513e-03,1.498058421978659815e+01
5.968409043666376979e-03,-6.361115002428720244e-02,1.505468615381421671e+01
5.052633086153218191e-04,-2.509163067330729899e-02,1.497075683943180024e+01
-3.308256041485035936e-02,-1.095368216984731087e-02,1.503434647298727178e+01
2.639387235646410354e-02,-8.518439291162832605e-02,1.503184206816002799e+01
4.903302709163526174e-02,-8.102130260495371550e-02,1.499443666154408206e+01
4.527276222972538566e-02,-1.251058722928232413e-02,1.506858197796002585e+01
1.469266016283828774e-03,9.204000561975589356e-02,1.502325357893571756e+01
-5.944341336871878517e-02,6.274439470618212167e-02,1.504849336537507476e+01
-3.870596027454758364e-02,-1.823144668040801650e-02,1.502648904565835508e+01
6.341028786750967615e-04,3.012528943928859115e-02,1.508222684981600636e+01
2.496095933274413304e-03,2.954422556243388800e-02,1.500570755927441091e+01
2.398115803649095504e-02,1.830086396506138552e-02,1.495720834748123274e+01
-7.782833082594690921e-02,-2.274500884079335566e-02,1.496549814011033774e+01
-3.466624197847648081e-02,-1.521129095857793635e-02,1.504018168606061856e+01
-3.834197798497160359e-02,-1.865937424017663840e-02,1.506589395296278333e+01
2.426298240613540200e-02,-6.012764993031171484e-02,1.504102462166058274e+01
-1.631083202841213456e-02,1.121677233182133415e-02,1.493793067891184378e+01
-5.135028124540086392e-03,-1.739269584540275096e-02,1.493711307646922037e+01
-6.377884930633004323e-02,5.291869390680491170e-02,1.494108694462672204e+01
6.353115419384856855e-02,-6.762230722564889496e-02,1.501045092884878152e+01
5.020683937348418419e-02,-8.019041237118773591e-02,1.498104815717243632e+01
-1.457920204586490680e-02,1.244142906746491771e-02,1.494921834447306530e+01
2.378966620600053011e-02,1.094852729429373998e-02,1.501992692131925189e+01
6.410061034364036847e-02,1.764657226461125231e-02,1.502368914328672744e+01
-2.594644214117984918e-02,5.519415083684865199e-03,1.498611423502274320e+01
-3.635342864899596127e-02,-9.233974025222630236e-03,1.502949717214489667e+01
-5.586697832616527998e-02,-1.278718899373568890e-02,1.494767218237904061e+01
2.523067452097007071e-02,1.136456686534704531e-02,1.500110918174653563e+01
-1.776482683023911796e-02,-5.309619821486842584e-02,1.505611126919210285e+01
8.009137723721325430e-02,-1.794800053943142876e-02,1.507368868150424568e+01
1.420811244312440193e-02,9.648200335869699940e-02,1.501694975792932141e+01
1.007898851204198643e-01,6.198858168660244944e-02,1.496831900100658075e+01
-1.036221103058002253e-02,3.828798490373663821e-02,1.501054939186143855e+01
3.726390897656734619e-02,-3.277216314105629857e-02,1.495462674225306010e+01
-2.663474646386351091e-02,-5.067491677535281708e-02,1.498181450776786861e+01
8.329230977326655336e-03,2.295941835720138186e-02,1.502315439462620006e+01
-5.919299402750618361e-02,2.956036515821050883e-02,1.507957402239483713e+01
5.292779250351095643e-02,-3.162250678234489187e-02,1.505222868205318143e+01
3.069615047198130317e-02,5.186200047182226713e-02,1.498735579246612915e+01
1.743367676998074101e-02,2.761206497134535004e-02,1.499625260086250300e+01
-2.509162453666846995e-02,-2.034770755421498253e-02,1.494407816712046611e+01
-7.979310132479495998e-03,6.912960889006522155e-03,1.497521066189713501e+01
5.838212001263973217e-02,-2.937350399987612853e-02,1.502265308789442066e+01
2.522011566866363269e-02,-1.474135564368422857e-02,1.500953151711581768e+01
-5.510881417307841174e-02,2.369774571727871829e-02,1.497793501095028290e+01
-1.973139191338462231e-02,2.459969839764424709e-02,1.498801205400735270e+01
-6.780894964162072214e-02,8.833838766429751022e-02,1.498898800626658634e+01
9.700878333502811757e-02,3.055470282936821602e-02,1.502964983387897036e+01
1.620391617676929935e-02,-2.141255740942883332e-02,1.496283262860543850e+01
3.034174629800879402e-02,-4.314108509874623951e-03,1.505192560147204972e+01
2.896355610514865161e-02,2.339719720060043709e-02,1.507423465560264653e+01
-5.899896287143593238e-02,4.702366521257217435e-03,1.499372639403077123e+01
2.478095131687961181e-02,4.683304007622445669e-02,1.501347624657712920e+01
6.063919270035274950e-02,-2.494299916879956849e-02,1.499421173982974409e+01
4.749223402700285257e-02,-4.695436735153588059e-03,1.497702484856911731e+01
4.462353970680443122e-02,-3.240378565714609888e-02,1.502105359050157318e+01
2.704877096833491808e-03,3.960699630213018740e-02,1.503014371618983702e+01
3.949095367801123968e-02,4.135021843045049578e-02,1.500002742825580526e+01
1.353259407589397362e-02,8.539417521184229642e-02,1.498892255999717271e+01
-4.198930282207044562e-02,3.366014132186099378e-02,1.504457786415971832e+01
-1.919067896884599222e-02,-1.229842880011202018e-02,1.504368453098567393e+01
-1.717750264842356558e-02,-6.788365792471299717e-03,1.495964006659001377e+01
4.507736724661717126e-02,4.927289761222200526e-02,1.501820578735449807e+01
-2.234161707428877069e-02,1.543522111826975754e-02,1.495068630301549462e+01
-9.010659687324348854e-02,5.603913962378615637e-02,1.498425864835796339e+01
4.479634542517134388e-02,-1.699747298692213257e-03,1.500341627878312245e+01
-2.143691654373446054e-02,6.969024362876373446e-02,1.501939239759148670e+01
4.885759970884432681e-03,2.482154250692281822e-02,1.501892647601450825e+01
1.008108475097165002e-02,6.840348046561446627e-02,1.498637549057142415e+01
-5.047674489575838808e-02,-2.968722186905096982e-02,1.500176794768554167e+01
2.109719821944716286e-02,5.532467359099973309e-02,1.507210930879874056e+01
1.319237322825369575e-02,7.360439669002218077e-03,1.501837487604793786e+01
1.224196416651885527e-01,2.379017684877208355e-02,1.500675109237723959e+01
5.453510929022277465e-02,-6.718903307589105256e-02,1.498367874319403725e+01
-4.666098246278813783e-02,2.117648326369078651e-03,1.499505213170662365e+01
-3.968989159869577843e-02,1.251069763870357385e-02,1.498900219478584006e+01
-2.644764852728035965e-05,-3.602627625880946288e-02,1.500547098885927433e+01
-6.556217712086776297e-03,1.824574566577504345e-02,1.505231749726870127e+01
1.088236212836460881e-01,-1.139617561134577961e-01,1.497061932090787550e+01
-2.262722485089107421e-02,-5.280445647728066599e-02,1.502090763118826011e+01
-2.077718365492453936e-02,-9.364276701379047052e-02,1.501002801903607597e+01
-3.965051665966735223e-02,7.310730590421049557e-02,1.503906795622517478e+01
-6.757315955216085246e-02,4.133295261440614321e-02,1.508822712316521475e+01
-5.642896669337690851e-02,-5.333883693142772546e-03,1.501516914100849398e+01
7.431607892894148172e-03,-2.231789307432170341e-02,1.509671629005469207e+01
2.515393649985801783e-02,7.313967147401694013e-02,1.499052184477138461e+01
-9.428157762501531911e-03,-8.272266423082396064e-04,1.502107400902640855e+01
-4.262016157412139988e-02,-8.082569291202761075e-02,1.496885669360349880e+01
-1.676016097164145097e-02,2.766214891060846115e-02,1.497879322081368336e+01
6.679670680617778682e-03,-3.330505226775684613e-02,1.497132084684829145e+01
-6.525833111138697185e-02,3.043817925611948250e-02,1.503944079967316405e+01
-2.601862053810947376e-03,-6.313033260486870801e-02,1.497438387793171266e+01
4.900214146682239230e-02,1.122144510484287400e-02,1.501360836577163660e+01
-8.989280783155396970e-03,3.853428244196280272e-02,1.505138673898812307e+01
1.734896977588522640e-02,7.821806827671719253e-02,1.495944880910118435e+01
-8.945484640741418331e-03,-9.471247483964276986e-03,1.501518857069267732e+01
-4.456603567955805256e-02,3.776922541982768999e-02,1.502661386812847333e+01
5.388677099198319054e-02,4.975386149099281230e-02,1.494477890039184409e+01
-2.868813420229942082e-02,2.838369566038777270e-02,1.497626692377974500e+01
-7.117434069994425794e-02,6.478206024907672000e-02,1.498886306313786676e+01
-4.916803741987423038e-02,-7.557564339430329625e-02,1.504006652867203186e+01
-5.555495562021840056e-02,5.215821522544713401e-02,1.512521571795342012e+01
8.167953398382615457e-03,-1.558726827636893256e-02,1.504058161052711817e+01
-7.401660153103530038e-02,-4.867185478975202123e-02,1.496539902052469273e+01
2.462193095507449886e-02,-5.291199164398505128e-02,1.503032743938728188e+01
-3.258145523297351770e-02,-1.566537628305920277e-02,1.498861298356102800e+01
-3.691765319918399041e-02,-2.040085582746890835e-02,1.496943584770217406e+01
-2.570214408123578514e-02,6.764032914938757253e-03,1.499954424822465882e+01
-6.063137687781768731e-02,-3.635417660461002023e-03,1.499140911707736379e+01
1.356728648204194067e-02,2.059212571213688264e-03,1.496644426813596063e+01
3.807494274505504941e-03,1.247230465447611916e-02,1.498262718323362819e+01
-1.136726909152848937e-03,-4.437007238353844057e-02,1.505025630225688893e+01
2.646476510291644046e-02,-1.544267079797247838e-02,1.502518310729217887e+01
1.843021854233410986e-02,-6.907244933074135895e-02,1.508331300188737245e+01
4.480516593939713049e-02,6.354763559176437177e-03,1.504073246429906696e+01
6.537739356522836998e-02,-2.538538472604833646e-02,1.497357752826021304e+01
-3.525800654965063896e-02,8.831246635239722864e-02,1.498688168204909132e+01
7.186104869098078329e-02,-5.153895303715638060e-02,1.500324645695328662e+01
6.155599433729255082e-02,4.102889442387975399e-02,1.496498694552247777e+01
-6.845339869441635638e-02,3.147502039066535362e-02,1.501537451259272871e+01
3.005955588019472088e-02,6.212198530671176472e-02,1.500847220426636319e+01
-4.454453439297823697e-02,-6.209465605440355786e-03,1.493545208188824880e+01
4.343687093655120707e-03,1.906172595836547537e-02,1.501311216091389511e+01
1.526627754914691324e-03,4.222584747778992259e-02,1.499770234447006345e+01
-1.457157888885471722e-02,-2.358996426003686156e-02,1.505115539540653735e+01
4.907952839032782982e-02,1.872025767028771479e-02,1.502153185066889307e+01
-1.136602071141491338e-01,-8.025542325503287611e-02,1.500565502246320193e+01
1.195724395723272646e-02,-4.077429139457753454e-02,1.499746667582366833e+01
5.771280311497036658e-02,5.425394499075260335e-02,1.498251300261197372e+01
5.898573608543389302e-02,-9.032668088569673071e-03,1.496970680668850662e+01
4.178587143297519263e-02,-6.474122832924676836e-03,1.496795783132149182e+01
3.067561463997920887e-02,3.614124432193749781e-03,1.496919364633513716e+01
-8.174564049364344692e-03,-1.042257692621928120e-02,1.501099634172886965e+01
3.090799558485985907e-02,2.048586757159818680e-02,1.494840361213395319e+01
-3.187597320856574296e-02,-5.254577415287908781e-02,1.495985664908913293e+01
-1.467658649780947400e-01,-2.232575544032844653e-02,1.501578041826137522e+01
-4.702264350004365517e-02,1.617684227581675863e-02,1.497086096236559172e+01
-1.690776830789197591e-02,-2.357817345747664772e-02,1.500398027497324982e+01
3.831682867048166047e-02,-3.546419556825036040e-02,1.497885299602259934e+01
-6.986179789283127051e-02,-2.433397654951508643e-02,1.503195871468534506e+01
9.685809865745088551e-03,-1.323421473093387701e-02,1.502119912268385704e+01
-2.636774236685168055e-02,-4.932076358241353764e-02,1.504768001065730942e+01
6.985750728913245333e-02,3.559645889934938412e-02,1.505859365285590634e+01
3.762823991061454293e-02,-2.863853663318000065e-02,1.496707653654141446e+01
2.445413933127114762e-04,1.187857726537024268e-02,1.493036758145243148e+01
-1.088968580180098636e-02,3.359551783677022785e-02,1.505373876191011995e+01
4.006119674205357861e-02,4.342320550139590341e-02,1.506278912218128774e+01
6.593081227028299574e-02,1.840570037433096606e-02,1.499613881898360823e+01
3.589490704296775803e-02,2.381679489563475263e-02,1.500640986440607527e+01
3.252472280008024408e-02,-4.486703553792104927e-03,1.506081147905429951e+01
-1.226872009554313969e-02,1.985371260662344844e-02,1.498656546193783434e+01
-3.706990936917600038e-02,4.531269483253773378e-02,1.497687977275071702e+01
7.306470943770554567e-03,-2.540528402720029777e-02,1.501989105082432197e+01
1.173264808131091602e-01,-2.103957647169301184e-02,1.504641894507218325e+01
-6.676350256327438781e-02,6.081759451142820100e-02,1.499837380742648563e+01
4.647082820746750026e-02,-8.107630717629546457e-02,1.496400491029582547e+01
3.661647503096322493e-03,6.253200672457998044e-02,1.495087619260074874e+01
-4.696472199088892741e-02,9.857927843202307638e-02,1.495000818571610424e+01
6.162023364314104905e-03,-8.783014243289989295e-03,1.501436348284774880e+01
2.435469044860435681e-02,-8.422181517999931255e-02,1.505963950199641843e+01
-1.474285067539256137e-02,-3.159794602825991700e-02,1.504769864245291089e+01
1.999280388335068423e-02,1.022795314593705554e-02,1.499059597957335122e+01
-3.907917905063849721e-03,-6.861248426079873119e-03,1.502694246095530772e+01
7.137786685902441312e-04,-3.803792242579799587e-02,1.498243993262321361e+01
5.853611359684591023e-03,4.598127777218404683e-02,1.496692344000322983e+01
3.380308343348727151e-02,-5.039217920030198555e-02,1.502568913195908884e+01
-4.399169515330186853e-02,7.508470421355799285e-02,1.500355587973074556e+01
-3.909195600962595690e-02,-1.174726887860548172e-02,1.502796085070326271e+01
5.342270087559502362e-02,-2.697200914600774921e-02,1.497701555534068341e+01
1.259850926624248198e-02,-3.465636690724052671e-02,1.495944181250522220e+01
-5.147662220941802425e-02,-3.564230361363054239e-02,1.505797147857614604e+01
-2.433548530002134849e-02,2.599237558226363820e-02,1.499030336756736403e+01
-2.417866730499750039e-02,4.605943211707531210e-03,1.501098485109323022e+01
-6.092462401639340587e-03,-2.323864103925697699e-02,1.496049636274325323e+01
-4.946998007556430849e-02,1.152599637517164911e-02,1.504948883695381490e+01
4.425433505990442745e-02,5.649013948371348764e-02,1.493422481941211721e+01
-2.366655111519161761e-02,-2.019182561060565984e-02,1.498195160617276400e+01
1.947902165557490600e-02,-8.770976733908515677e-02,1.500964244569953898e+01
-7.621686103585217920e-02,1.987555621675062695e-02,1.503237035917414133e+01
-4.503143938718470740e-02,8.436516709305352107e-03,1.494472111205546305e+01
6.173297073978453037e-02,-4.662529139648847326e-02,1.495341668150445891e+01
8.713447066439602984e-02,6.819330918305567535e-02,1.506510739478794214e+01
4.697181594661448828e-02,5.777449363189759990e-02,1.497340143844116511e+01
3.717546201417653781e-03,-5.902802127331047838e-02,1.501761996556423817e+01
-4.528564373364368616e-03,7.082753744181483069e-02,1.500868817847446479e+01
2.928965737493374050e-03,2.677221188972620305e-02,1.493093155155870910e+01
4.207861020215356018e-02,2.782710221435567149e-02,1.501754545719184186e+01
4.874706595706043005e-02,2.225571013131714265e-02,1.501920175247396294e+01
1.146028880830562979e-02,1.013022266542789977e-02,1.507213745865274568e+01
-9.932547335005401795e-03,-3.890439335411437216e-02,1.499467701469894365e+01
-1.263326310265909524e-02,1.727085967830420139e-03,1.502464688638831447e+01
1.376530334894235721e-02,3.230792654264849455e-03,1.497398723201746940e+01
-4.432743009866719347e-02,-1.455247975605599570e-02,1.495567255964071052e+01
-1.204183452978872804e-02,-7.217835897724431127e-02,1.495094621781281141e+01
-1.507141286717625589e-03,-4.611719144118642255e-02,1.495390970366503680e+01
6.168155550715825192e-02,-1.145820328580576808e-02,1.500198878223334020e+01
4.562634913004576936e-02,-1.477185011299769583e-02,1.498326770754891157e+01
-3.466521288632379988e-02,-3.071023040239628105e-02,1.498781974413565088e+01
3.385604261384403402e-02,2.010138120294756303e-02,1.500794368365814258e+01
2.592615272150433289e-02,-2.673556514514917673e-02,1.506476367527712235e+01
-5.332745727116366963e-02,1.586364485709790967e-02,1.501963194972920235e+01
3.477467898279492514e-02,-4.642775977425447204e-02,1.495984155320130782e+01
5.051580635436560274e-02,-3.346471033258016647e-02,1.502047782360098083e+01
8.074363377464635616e-02,5.424975705583558010e-03,1.502841199518673321e+01
-1.522324094175254820e-02,-2.660972320359305046e-02,1.504009330950222356e+01
-4.757803882703158516e-02,6.840489402470512070e-02,1.492365121056159083e+01
6.803353254439520326e-02,5.396166189697215385e-03,1.502442064764476015e+01
-2.256602499932234066e-02,1.630251408804485672e-02,1.494709297009075044e+01
1.220946858760154664e-02,6.347446845049097008e-02,1.499005852799862204e+01
-3.702807263405338833e-02,4.432643241000563256e-03,1.495000067584999393e+01
-2.533144189845959113e-02,-5.524288128618847632e-02,1.505410559001331805e+01
4.221614833732226929e-02,6.383553054912941005e-02,1.495140288132017758e+01
-1.313639757563570508e-02,3.553782440763126466e-02,1.491959829636691026e+01
1.462758739855254779e-02,-1.805713204835549326e-02,1.506096204337329780e+01
-1.034667889344661161e-02,-5.880203268349680490e-02,1.496164548981873388e+01
-4.923925651785469870e-02,-3.178235508556683658e-02,1.500654435686037580e+01
2.761888870070927648e-02,-3.833891308730172365e-02,1.500414436497031190e+01
2.763513801447585808e-03,4.103634607525112783e-03,1.494186455887028586e+01
7.793600439393370827e-02,4.693212256257806719e-02,1.503713876434309604e+01
6.713927728692083152e-02,-8.929050054418323501e-02,1.496830995700030975e+01
2.710793126813014920e-03,1.566408079473510795e-02,1.503158595539883891e+01
-2.825217422554044192e-02,7.841389682848325104e-02,1.498346315927797079e+01
6.186080735250070080e-03,-5.091156075638576806e-02,1.494062758578546202e+01
-3.092878948168760120e-02,6.358452102021217023e-02,1.500861348263893547e+01
4.537076120652094174e-02,7.436166876686091387e-02,1.498380558036073396e+01
-1.656300838275368004e-02,3.688066700138411397e-02,1.493838279997462593e+01
-3.317292980952787212e-02,-5.907366934751072385e-02,1.495858098263497737e+01
-3.402391228627443115e-02,-3.360593208608760301e-03,1.497251514895750546e+01
-6.737833442842924847e-02,-1.850954398819347805e-04,1.509120312680785858e+01
7.714890621834581512e-03,3.611949182146458742e-02,1.496765147799009554e+01
2.697642713326567181e-03,1.061240363994154536e-02,1.497152472298914816e+01
-2.083887520652478662e-02,2.480097638089471743e-02,1.501345160281421798e+01
-7.615989980817919162e-03,-4.003805809187438447e-02,1.486734592618380013e+01
1.968342218537861427e-02,-6.051775132773578279e-03,1.500388196355402215e+01
4.496421100986076197e-02,-7.541783389386221004e-02,1.500515026606547941e+01
1.176106148517737926e-01,2.997034070363243860e-02,1.503853885448111960e+01
-7.822588150803455598e-02,2.696583160581945623e-02,1.498981732596481820e+01
3.409562252892420209e-02,4.552086031115797765e-02,1.509116166793553582e+01
-2.603163506996916676e-02,7.548382569247414362e-04,1.502820613139040873e+01
-3.651669033795412050e-02,1.521550449878765650e-02,1.503519995824060729e+01
-3.226859559579847020e-02,1.416634886001536670e-02,1.505324699192251714e+01
-4.710599283060960124e-02,1.681922132681613197e-02,1.510089124369984503e+01
1.900186602844554547e-03,-1.131215231859141607e-02,1.507601706400464714e+01
1.374125639836363058e-02,7.804116617612147887e-03,1.498249624618318343e+01
3.061690046200747986e-02,-2.656850675306320422e-02,1.499608539172000832e+01
-5.286195674468939509e-02,-4.368584291789703172e-02,1.499920054900555577e+01
-6.304542718183840655e-02,-1.932121851485094771e-02,1.499742069800166888e+01
1.275851782066030581e-02,2.136364474166875603e-04,1.501309686746678729e+01
-4.726679352451526595e-02,8.956813271573998633e-04,1.509522375115594350e+01
4.114018985417750018e-02,-4.709618338037690338e-02,1.498487745605852339e+01
-4.289081915425020652e-02,8.525867683179253961e-03,1.492622289254566503e+01
-9.248423835539422780e-03,-2.483087443960771065e-02,1.504432968921973135e+01
-5.712975943546091950e-02,-1.471536312798069762e-02,1.504012332382776407e+01
-1.092015154782115943e-02,3.556202100910473701e-02,1.503597855621235269e+01
-7.429088006515296994e-02,-3.952673575404851668e-03,1.497126185074665550e+01
1.280535984660890157e-02,2.804620165163048545e-02,1.501734911823239571e+01
3.201318144402268834e-02,3.637696124157546035e-02,1.495273423506601063e+01
2.300020615995104073e-02,-7.159259300904011192e-02,1.497039697114587931e+01
-3.150963953484962887e-02,-6.026210183335521837e-03,1.508330713115789301e+01
1.809090907459907568e-02,1.262685929109331334e-02,1.503006452767365708e+01
-1.001079257576716584e-02,-4.330509100133150130e-02,1.505238720090136262e+01
-1.104960624131782060e-01,9.758882343244571628e-03,1.495344250593871926e+01
-6.236306470866067458e-02,-4.158696921361456494e-02,1.497808910661870208e+01
-5.591419291765854782e-02,2.135757916835752564e-03,1.499256011400038169e+01
1.986334862788401157e-02,6.730057074043695881e-03,1.498145918130720666e+01
-3.436652463301279048e-02,-6.417443192567760801e-02,1.496250607656994802e+01
1.784802721458958810e-02,8.671899688037247242e-03,1.494679837606305384e+01
6.247587655194630774e-02,-1.938321787842780392e-02,1.507003078934901374e+01
-3.167373552062898671e-03,8.736481477852821309e-02,1.502877816906195463e+01
2.285536994472409274e-03,7.519104725914994847e-02,1.503920846257638821e+01
2.135114668391426690e-02,5.782282571232491564e-02,1.501331262068107009e+01
-6.312156175805064273e-02,9.428200170677897285e-02,1.494258226857685301e+01
4.125931713836797181e-03,-1.285425065765352128e-02,1.504499752253805589e+01
-2.874673225987936162e-02,-6.124986353089226926e-02,1.500150104749353019e+01
3.707619105604253312e-02,-3.715130113425763048e-02,1.499002021759628356e+01
-2.880977257594617008e-02,-1.215079466439993733e-02,1.501914445513228635e+01
-6.182283790227768860e-02,9.757611470209343052e-03,1.504833182537552538e+01
3.323893385366942857e-03,2.215975519316424475e-02,1.500400775069996406e+01
2.667579990347234212e-02,5.233524636372629407e-02,1.502928803650264022e+01
1.132596402852482226e-02,3.086461778561153113e-02,1.502759946796743762e+01
-8.831498361306646186e-03,2.593818104775722638e-02,1.490183530808782919e+01
-2.355415159136944880e-02,7.100143567778101350e-02,1.503080240437341253e+01
-4.082142533848275717e-02,9.596916670796529908e-03,1.496818883914585818e+01
8.410914386037917148e-03,-8.320691484593541187e-02,1.497485004197239888e+01
3.462180992103803395e-02,2.526329009742335832e-02,1.499013954943436033e+01
4.199918041575220057e-02,1.284891672524236111e-02,1.499467553133270492e+01
7.917684033631513726e-03,-8.269743231056832927e-03,1.504238014456709926e+01
3.322726847903332420e-02,-9.564730287403545861e-02,1.499580670608608379e+01
-1.960384892411065269e-02,-2.012217151215514935e-02,1.504234405726328561e+01
3.274204622289868943e-02,-2.734961824459005222e-02,1.499210322106785043e+01
3.270576528192661175e-02,-1.133443329927424741e-02,1.499115844096963635e+01
4.476964859060046653e-02,-6.496779628062078482e-02,1.503541323127147855e+01
4.708383212033896530e-03,4.825773212979574123e-02,1.497560430317629354e+01
-4.082458658058112089e-02,3.087860970576595046e-02,1.491056193801612295e+01
6.150762254841352777e-02,-1.778846077664800879e-02,1.499419345738839482e+01
-4.789287897431619007e-02,1.128503708974588730e-02,1.496117025255668409e+01
2.072170508934617975e-02,-7.979835348223671479e-03,1.500859875306120905e+01
-2.262319625519604305e-02,1.417769551412543030e-02,1.501657810286709882e+01
1.995049103467574914e-02,-6.928128635964084236e-02,1.503807819146921609e+01
1.714071921921707028e-02,3.279811725731179850e-02,1.501896718990037094e+01
6.862987636112144810e-03,-7.324811493853819466e-02,1.501079792551391989e+01
-4.041529492062623935e-02,-4.552126938210466350e-02,1.505756730930785992e+01
4.401832211106451037e-02,1.012498846610563746e-01,1.499508340110307714e+01
-4.249873368239081434e-02,-7.094039082892278011e-03,1.503298099344180372e+01
-1.290071757304722504e-02,2.878584003832439925e-02,1.499047346367004963e+01
1.425641992926218911e-02,-2.966447275584785034e-02,1.500586618904947045e+01
9.465403959349247276e-02,-2.783960964152969175e-02,1.505344153952536068e+01
1.200002376545127383e-02,3.724247525850909318e-02,1.496416701532861815e+01
-1.231658366023555100e-02,7.377932634347519197e-03,1.500778347198936302e+01
-4.740817204421847453e-02,2.900017014828215264e-02,1.502903838544767190e+01
1.635891506599551279e-02,-3.470396866003760267e-02,1.502972720661377615e+01
6.255626251705291574e-02,-1.817235473917147223e-02,1.503187870109112190e+01
-3.826379509430739845e-02,-2.861709883932796877e-02,1.506588154923248979e+01
-3.505266436429122640e-02,9.645043861146724955e-04,1.499038499737917363e+01
-1.047605999438414454e-01,6.748206348928813270e-02,1.501465139692096784e+01
1.520974323658195494e-02,4.449354536487994116e-02,1.510678273520205295e+01
5.330386555589970016e-02,2.134555936419664512e-02,1.499597219880305765e+01
6.975319781974631539e-02,4.494619458763184604e-03,1.501165661085534708e+01
9.796807936587999255e-03,6.171219888744684107e-02,1.498482798998316134e+01
-4.194001603285073959e-03,4.518482281097627173e-02,1.499993049641689957e+01
-3.530667800046083382e-02,6.302067596669711641e-03,1.502137764845035584e+01
1.982075794629615390e-02,-2.577609006249224552e-02,1.503861610779395797e+01
2.845212707230919055e-02,1.659312113785290158e-02,1.498323686943295208e+01
-1.024825039723423030e-02,1.012223892521316344e-02,1.497216049390705628e+01
-3.775967316707112137e-02,-3.049251525065068205e-02,1.505192061888696919e+01
6.322256691362095234e-03,-7.473840502558733168e-02,1.502217566124804016e+01
2.108707363418203806e-02,-2.821836998944082797e-02,1.504062769742549932e+01
1.349118172539299360e-02,-5.407679064720103713e-03,1.496932813373241977e+01
2.757258319946116407e-02,-2.785451045346483499e-03,1.500189963544847949e+01
-8.034814985845065149e-02,-1.526261376041553042e-02,1.504320798272671311e+01
-5.425664883458702209e-02,-3.215114495414916895e-02,1.497505918090966226e+01
1.996128966596630652e-02,-2.703446811925981283e-02,1.498285042833452252e+01
1.054132652557246072e-02,1.190246080016099835e-02,1.502755602474567453e+01
-8.689566131968704324e-03,-4.009542410835866683e-02,1.489366508360738450e+01
6.516018262388019455e-02,-1.934626490738600157e-02,1.494158185657597038e+01
1.543094292799862891e-02,-5.389525674866268989e-02,1.499548645773763766e+01
-6.577264717998469734e-02,8.258054161678679908e-03,1.497043531302299080e+01
-2.541437209764322788e-02,4.073806155391599543e-02,1.496164001720671877e+01
-9.590535451995975402e-02,5.348866146401906607e-02,1.500018894997592334e+01
-6.528430476847948277e-03,-3.225051193969466490e-02,1.503784577372446840e+01
-1.267489109383111885e-02,2.680411718118046530e-02,1.493832224993936642e+01
-2.845894964327099277e-02,3.179161192032969180e-02,1.498762910940322612e+01
-4.322459208063288844e-02,-3.915921714036335426e-03,1.506226622836355133e+01
-3.638025691176235976e-02,2.520969138088756389e-02,1.501828235908170583e+01
-2.935296597942852782e-03,-3.364279247534228412e-02,1.500159062981323288e+01
-3.703216190317280831e-02,-3.656935966066383881e-02,1.497000939548448351e+01
3.335880314778202904e-02,2.527259238413447073e-02,1.494717405315188863e+01
-3.949337614790527501e-02,-2.239056361039620455e-02,1.492393994121960965e+01
1.175477069665656488e-01,4.310483838534952955e-02,1.497935985308368956e+01
-2.720172804416741072e-02,6.635932334755252626e-02,1.493591310680616147e+01
-3.324299981033306678e-02,3.950759595975667123e-03,1.496301898873642422e+01
-3.244802909649312922e-02,6.641586090785817076e-02,1.502163781711995227e+01
-2.904641629625512225e-03,-8.049389782929676496e-03,1.498304476151663245e+01
4.264927147698722998e-03,2.340349139895848973e-02,1.499315707975116752e+01
4.362399769432226404e-02,-1.227174053524649963e-02,1.501992890077249143e+01
-1.099305179600555682e-02,2.068657462146555187e-03,1.497215361522088628e+01
4.704867780129864951e-02,5.229404419870865156e-02,1.500927017960993659e+01
8.652155887055655581e-02,2.447217183701266667e-03,1.503770157289830145e+01
-4.794697926980700381e-02,-2.273220177396535757e-02,1.500585888684638114e+01
-1.852810498018044386e-02,3.930876880089238801e-02,1.499979526945480401e+01
4.580761066628074446e-02,-4.011834149681438311e-02,1.492975599729487080e+01
-2.464285713595983779e-02,-1.176076537347549821e-02,1.500081486368172179e+01
1.655489251536605005e-02,-1.216063729885728945e-01,1.496629422737101933e+01
-5.462659295645462543e-02,2.549959547955732778e-02,1.504949753014663649e+01
-6.586525329411317686e-02,-5.475882759971318486e-02,1.502297857691756100e+01
1.209462577201790220e-02,2.377543246115294134e-02,1.495456946597749059e+01
4.711644956854892791e-02,-2.646478857555565473e-02,1.494630054007958897e+01
-4.570316142619632732e-02,-2.425772725261579610e-02,1.497059884488037262e+01
-3.845223342473353539e-02,2.371228790338809553e-02,1.505720886056694319e+01
9.717621043676127890e-03,2.974263057263646509e-02,1.496680428754175374e+01
2.651788766554412716e-02,-7.257080249371294922e-02,1.503106895832472745e+01
3.897017272778110358e-02,6.005917730353222718e-03,1.499871968662483113e+01
-3.147396163009646974e-02,1.809597007947869388e-02,1.506512098193381988e+01
-2.441253951868201447e-02,-3.871543402364645281e-02,1.495713753080107011e+01
3.345737866366081410e-03,-1.174535475358363772e-02,1.495287332259830215e+01
-1.084598125190070275e-02,-1.926348677977261087e-02,1.497043236743677674e+01
5.603576628590097725e-02,4.792417870680725639e-03,1.497764855557835695e+01
-3.388888556755172143e-02,-1.203341373483544051e-02,1.495641763621086717e+01
-5.292760476738972387e-04,-2.092897012637657747e-02,1.505428887180632458e+01
9.455870786233587511e-02,-4.872030182495031524e-03,1.497477586002651684e+01
8.539003795045008866e-03,-7.208169586675192142e-02,1.504124122699407806e+01
-4.093259304484122424e-02,3.248487203551006508e-02,1.496974650239065419e+01
1.633115311976326284e-02,-3.145412878939660845e-02,1.493764626518881400e+01
-2.519551208925660535e-02,2.718444388520514093e-02,1.499849727676527955e+01
-5.858291095875480664e-02,4.997423305165431956e-02,1.499734231062914702e+01
-1.072336750621403004e-02,1.910040437159605826e-03,1.502288019232212868e+01
3.901411865308607174e-02,3.756842019756468504e-02,1.494641557298730916e+01
-9.859885699786841845e-03,-6.766262947210453620e-03,1.502534229779972819e+01
7.730642856337267832e-02,-8.215305135312631979e-04,1.496414126875826511e+01
-1.000445939130838874e-02,-4.520773881601896499e-02,1.498763976343165361e+01
-2.777594195056463933e-02,-9.046351629297951641e-03,1.499125935226109085e+01
-2.346870435291809401e-02,1.074801791051018529e-01,1.502842774095773493e+01
5.070024857175194077e-02,7.885862540066496725e-04,1.503759616312468772e+01
1.058288711045672452e-02,-1.308447843786833369e-02,1.502361122166536589e+01
-2.646050902938458169e-02,2.398101331557971408e-02,1.497563699368594747e+01
8.823447845534361511e-02,3.413570810730891941e-02,1.499078537385579324e+01
9.023307276887789982e-03,-2.233171347275617405e-02,1.500413700074997436e+01
3.181575859286928099e-02,-1.602144695756612183e-02,1.499471511532583889e+01
2.465532135815500653e-02,6.634879696841326779e-02,1.506262562175667341e+01
-1.627699359864945641e-02,6.223511340018351295e-02,1.495728851848022423e+01
1.454278082217604594e-02,-7.619161601075963297e-02,1.502190365649073556e+01
4.731842967583257259e-02,5.186406926454597416e-02,1.498599647368703103e+01
-6.173434885420802862e-03,-4.708821682966599087e-02,1.503926807354423545e+01
2.702655333210376987e-02,4.155895231548401014e-02,1.503377933689649204e+01
2.691692569596478360e-03,7.382196652686412452e-03,1.504302461274992453e+01
1.302863721888784798e-02,7.324265163406094847e-02,1.502456539470118280e+01
-2.188178455737602168e-02,2.296748505670470619e-02,1.496058712977538718e+01
-3.938287696137155250e-03,-1.256074448353345328e-02,1.501768662557005563e+01
1.149391032782521097e-02,-5.642992385273748468e-02,1.497838431123826020e+01
7.080184744102624439e-02,-3.008782844752356384e-02,1.502878281201306088e+01
-1.304281133584751610e-02,-5.814647230354682422e-02,1.502848415246659108e+01
1.495366517388090934e-02,-2.731088576784676536e-02,1.507626200196346566e+01
4.925521417296288215e-03,5.667821762790740264e-03,1.495952614691234572e+01
-2.823140339141802513e-02,1.548687101714952934e-02,1.499780373946088297e+01
-4.498788938325597869e-02,1.046612051922254233e-02,1.496121051041352423e+01
2.584565682575601115e-03,-5.030522187735955719e-02,1.498319972019062263e+01
-7.255338063717749197e-02,3.856568569602850105e-02,1.501670693285482727e+01
3.732044589912980668e-04,8.263677641863096182e-03,1.502368241783030456e+01
-1.279618458018284832e-01,1.941542607391925565e-02,1.502129674355424171e+01
4.430301731547276085e-03,-1.001881683896671364e-02,1.495436240145182971e+01
4.164778568995377434e-02,-1.026360373426394267e-02,1.507157931644099413e+01
-9.716146968833064279e-02,-2.110323977759458874e-02,1.505297840224569761e+01
-1.202759497856436058e-02,-3.448616324645503717e-02,1.500506377148179560e+01
1.433059993667172051e-02,1.256753485269953945e-02,1.500357801345897357e+01
-3.748380443749095570e-02,-3.391905240633854429e-02,1.499779143095314105e+01
-1.400204867392294437e-03,-3.358707425071468314e-03,1.500796612618566606e+01
-2.092768869156402811e-02,-2.987342898799914478e-02,1.505025485600165780e+01
-4.761238652757726619e-02,-4.471698934890293992e-02,1.496302684262361815e+01
1.596721068964994383e-02,2.832430801175515184e-03,1.506294475841022695e+01
3.309832933287537582e-02,3.021837887977383078e-02,1.503448430274496950e+01
9.589984973173058813e-03,2.463740770059355111e-03,1.495494408868543168e+01
7.615659905509937488e-02,3.109259847084070230e-02,1.507306729994536809e+01
7.474551420699046544e-02,-7.065142718756202075e-03,1.496017724717422936e+01
-1.025760046281984188e-02,-2.987500777804660487e-02,1.494559985862786355e+01
-6.989494468307119734e-02,2.729332760483658277e-02,1.497309579367211008e+01
-4.153427186094100360e-02,-4.291964547215793707e-02,1.498776463715701190e+01
-1.436234418015920437e-02,7.409020072077089625e-02,1.503597940703144431e+01
-9.075907044660040668e-02,-1.242070857731764934e-02,1.501197982394274533e+01
-3.191185920001627513e-02,-1.531213411820129232e-02,1.499416440809902085e+01
7.980904840150378210e-02,-7.134535830549540610e-03,1.500894641042984823e+01
-5.931787120723475484e-03,-3.122275933802108605e-02,1.487185029760840393e+01
-4.930008688733490858e-03,-2.147048843751152986e-02,1.496575700200867409e+01
-1.220904867440248016e-02,-1.060440594316269108e-01,1.501774670976313075e+01
6.802663699793180807e-02,-1.515457739013578026e-02,1.496095214521509931e+01
5.138330520265257245e-02,8.881580979005707088e-02,1.499314108013059865e+01
-4.853184190701363698e-02,-2.285702206065618261e-03,1.503834105028606949e+01
4.788438764460178215e-02,1.798848899347535099e-02,1.493497382687218789e+01
2.970301811827778110e-02,4.917959843424530436e-02,1.500213207159836948e+01
-6.629354126086225291e-03,3.097152894766292547e-02,1.496554686700885028e+01
2.619819459572239606e-02,3.923174473652038530e-02,1.497564882826225485e+01
5.692294032970764139e-02,-1.056871321753751099e-02,1.513556412133780249e+01
2.466563389029466369e-02,-2.128807750966553447e-02,1.494013237680364625e+01
-1.828104539256653050e-04,-1.603803368761135689e-02,1.493990078815854439e+01
-1.896262444833689970e-02,-2.146511668225490384e-03,1.502336824409924887e+01
-1.126562970993058230e-02,5.360390189234464503e-02,1.504620395640977115e+01
2.405547547399796565e-02,7.611295681885366093e-02,1.493580861611319399e+01
-1.081740812501036375e-02,3.484049373133260574e-02,1.500752590543497433e+01
-6.134421890916028769e-02,5.427077700923104570e-02,1.503156047475931878e+01
-8.426709163867551755e-02,-1.754868099157804243e-02,1.499877146534960382e+01
-1.185082031556594639e-02,-1.703344904120507666e-02,1.502814808654409084e+01
-1.666212881913473401e-02,-6.201846807326075184e-02,1.505375298234660519e+01
-2.627987932567117310e-02,-7.222481166335911751e-02,1.489727083191144175e+01
-6.373266435868346624e-02,-1.766693569255476043e-03,1.498833782242671830e+01
3.109388383069825942e-02,-1.682923516373399306e-02,1.494111480295367755e+01
1.975974425665014220e-03,9.593347495843368433e-03,1.506705660819156023e+01
3.421408381425202622e-02,1.976195489157108950e-02,1.497468121110425621e+01
5.331601585070851190e-02,-2.617401520082513269e-02,1.490087900413570843e+01
1.676901052042453072e-02,-7.069634318448463073e-02,1.501811470779227875e+01
1.393359379897831860e-02,-5.738127826965289113e-02,1.503671861566171764e+01
1.156301990135914087e-02,7.987129531007503003e-02,1.500360383660915531e+01
-1.574601484700358101e-02,-3.171972653367765432e-02,1.495629463842505480e+01
7.997631239529384012e-03,7.251408714334819927e-02,1.495606140164064080e+01
-3.668889611458951445e-03,4.957222967584720696e-02,1.503462519227741012e+01
4.216275000322751432e-02,7.664275311541021707e-02,1.502571418724968311e+01
-4.786501501985856717e-04,-1.265609416643398780e-02,1.498152338170434739e+01
-1.545249839723213114e-03,4.615021787719668367e-02,1.503064965711636169e+01
-5.622990738454936022e-02,8.419852694705303939e-03,1.514587490620639798e+01
-5.260295029282952700e-02,-7.292580348158891890e-02,1.507271137121920468e+01
-6.305079172635157103e-02,-3.978001877786532109e-02,1.494352806718129045e+01
-2.096476355520216980e-02,3.284745977943989009e-02,1.499638077555884053e+01
4.502438923987411162e-02,1.321447071774342272e-02,1.506589127808800477e+01
3.331649594998513028e-03,-2.828371533435508536e-03,1.489559427180322615e+01
7.776417110988683400e-03,-5.508764503275950103e-02,1.507807721100416565e+01
3.226108838118887240e-02,3.471433622465205926e-02,1.506455815577281143e+01
7.418910916258412980e-02,-3.029259297488772276e-02,1.495311221882688635e+01
1.346114290766367919e-02,-3.086234931645575122e-02,1.498868693664105578e+01
1.769279813144919444e-02,-5.143355006215246522e-02,1.503137384498319484e+01
3.815090960586457747e-02,2.064011060674895634e-02,1.502578999452930120e+01
5.215053599085535396e-02,9.656660003088875233e-02,1.496674339249199370e+01
2.330302167722717033e-02,5.509411748057402997e-02,1.498688112448090592e+01
-7.121635266420793531e-02,4.317585521086601819e-02,1.494356623281026764e+01
-5.923717226712723466e-02,6.253984635476808607e-02,1.502945209789948855e+01
7.763072121063031850e-02,7.926517178274238018e-02,1.500294140583553570e+01
-3.109524441618232923e-02,4.274137512874497807e-02,1.352860745536278486e+01
3.394771847002057280e-02,-2.205026845388594059e-02,1.210806699773241668e+01
-1.222277180985647214e-02,-5.951307490175876402e-02,1.094866896281635071e+01
3.134166834549990954e-02,-1.615681483509026906e-01,9.825072169604135652e+00
-2.469938940343657102e-02,4.392661536565695829e-02,8.849948677032585920e+00
3.126962861944530825e-02,2.192741674771382307e-02,8.023848608485888434e+00
6.779793579388709857e-02,2.836414517043314015e-02,7.116765601988420009e+00
-5.734673853106954898e-03,4.890857060995362077e-02,6.469741021345300602e+00
-3.148795494866930833e-02,2.908591051989619508e-02,5.784607743420105308e+00
8.031073803932689201e-03,2.544146508606201160e-03,5.363630147455015873e+00
2.686727184337880589e-02,-1.583539463571566677e-02,4.700397574333930351e+00
-2.555037679686675278e-02,3.662934765645281532e-02,4.217091626355212952e+00
1.858042014828089478e-02,3.519876119136319814e-02,3.858527463870789376e+00
-1.808331014829960698e-02,-1.098437667735810142e-01,3.470385076076441422e+00
-3.939430629157495041e-03,-1.521805103918443675e-02,3.095917803995903661e+00
3.264239235727546540e-02,6.497925018101410877e-02,2.733833493335661835e+00
3.202233627137340832e-02,2.425077335240162155e-02,2.429658414458191640e+00
2.273518541210951122e-02,1.613104741757764339e-03,2.262169664778427514e+00
-4.115841228300600070e-03,1.212799608542991688e-02,1.998436952060378413e+00
-4.516488135486172034e-02,2.034391654447734871e-02,1.783514077318514746e+00
-1.940150350886734026e-03,2.108786699136651691e-02,1.626024379662640129e+00
-3.458541211780093161e-02,5.429574716723828409e-02,1.567201915798190237e+00
-2.472984597929187359e-02,6.700645219242716555e-02,1.337512838771916623e+00
1.002489287995327397e-02,-4.514574358751036187e-02,1.166338037317031340e+00
1.004438244739145475e-03,-5.077649979555982906e-02,1.101666998246600970e+00
6.798045938075147031e-03,-5.521115726269305857e-02,9.179217425737703495e-01
2.517629757631987403e-02,-2.691981735064864073e-02,9.174939112688161869e-01
-3.441781262711283984e-02,5.378752633857707133e-02,7.123478886512641939e-01
4.101328077976103964e-02,-3.660728489364582783e-02,7.175821584930842656e-01
-4.325748389265884203e-02,-7.340473031372279911e-02,5.929047353769292261e-01
-3.996277836945692080e-02,-5.875332541830723121e-02,5.908129878703901605e-01
6.076926545984902284e-02,-5.158446550596522927e-03,5.205694661786693933e-01
1.116516178158204024e-02,-7.840123138556815167e-04,4.579147395948508503e-01
7.073198081523533742e-03,-3.554904807129046634e-02,3.560196080010143427e-01
-2.194829693504890891e-02,-9.334445283259322490e-02,3.144268200294523807e-01
-7.788937210973952835e-03,9.653993252795908808e-03,3.972839447236415911e-01
2.893355522832700630e-02,3.933094270688065885e-02,2.619410344921928591e-01
-8.697271966488022421e-02,5.331969898602102872e-04,3.199045131420625854e-01
2.323108409045885128e-02,-2.689713049146636933e-02,2.440189747943528609e-01
5.735566236937581636e-02,2.851093542063339037e-02,1.864484573041630400e-01
-2.519816734246240961e-02,-7.133544867497892961e-02,1.612805847393328496e-01
-4.879717901638576730e-03,-3.332273953935186578e-02,1.845909936837505094e-01
2.176376431679787754e-02,4.019303106996777869e-03,1.756859302086944685e-01
2.372356305927867531e-02,2.764457807376046253e-02,2.114109476993810133e-01
2.984420590513102434e-02,2.205764116977743453e-02,1.265685847219996940e-01
-2.053418343461791123e-03,-2.318177736390926447e-02,7.880874355170175427e-02
3.111581853116016441e-02,2.772468593986916752e-02,6.636962969985715777e-02
-2.593208761279143515e-02,-1.788788019771911722e-02,1.245693897642249498e-01
-4.790319089733511768e-03,-4.937312116992589872e-02,8.234923519305856199e-02
2.913980693225480187e-02,-6.971057758007871696e-02,1.162721778764228969e-01
3.672465423647787441e-02,4.632065512846968852e-02,1.004254284401216585e-01
1.093589125347695784e-01,-6.497698862850313783e-02,1.672684295940009835e-01
3.586944424023426337e-02,-1.239833983720430438e-01,-4.866235331874847053e-02
-7.275515809766072706e-02,-6.826883680932983867e-02,3.138459600462467636e-02
-6.786961466925460484e-02,-1.502711581578443064e-03,4.814421283187240302e-02
1.491068964401030643e-02,4.888035011191186469e-02,2.790086552465069480e-02
-1.634834653641804034e-03,-3.720093711844632556e-02,6.704539806585892159e-02
4.148157808519806200e-03,9.338426634618531702e-03,7.124276130889112268e-02
1.925922215997803721e-02,-3.449889654875185063e-02,4.555845335574908866e-02
-8.295148838480639539e-03,-3.634160938401469892e-02,1.676831550525817102e-02
-2.599730092603445494e-02,-1.351414262929934509e-02,-6.790688261765355505e-02
1.475578028180014011e-02,-1.829798359341368655e-02,2.564782053936649764e-02
-7.400755568416142460e-03,-2.106034775481216426e-02,1.905607664571574295e-02
-2.006360158289063195e-02,-3.024158570096932650e-03,-2.892441564550232019e-02
4.146233087089068459e-02,-2.808905718887204708e-02,5.590938271623747263e-02
1.607203143613774796e-02,3.214283631091067496e-03,1.586481023168278409e-02
6.554023839506345483e-02,2.890856250871147448e-02,2.055792655122991308e-02
4.502033422955187963e-02,3.588064774237789841e-04,-1.366236768832633681e-02
1.945621365138768682e-02,5.549158044940884563e-03,3.427713884061904526e-02
2.059504346848980982e-02,-6.613243727715005515e-02,-1.043831223400592915e-02
2.552831529443657863e-02,4.404597180442534898e-02,2.143600763512027579e-02
1.653750320401821058e-02,6.622136794846310293e-02,-3.899723738997185052e-02
7.131336122232228951e-03,1.092444326638737119e-02,-3.062707735092586644e-03
1.446204149921971084e-02,-1.563993448751581361e-02,-3.744792894427868943e-04
5.940767703964001251e-03,3.838026948108717168e-02,6.005975666420318437e-02
-2.217862279819835664e-02,1.034888961601663875e-02,3.107823531043857682e-02
-5.930661591367852870e-02,-1.236519718907282961e-01,-2.250218456757769638e-03
-6.522678634208836645e-02,-7.570439190229411855e-04,-1.549858134310970470e-02
-3.479187782207428248e-02,-2.962013878649610160e-02,-8.981560865149350315e-02
-4.666639261931047195e-02,-3.323863331019113413e-03,-2.836519813508482646e-02
-5.587384032138073553e-02,-6.979428060484532508e-03,-4.244709097017532878e-02
7.097842336979276467e-02,6.636892845367096776e-03,7.370031394812349979e-02
4.298308522508402507e-02,6.229147373244594416e-02,5.502365679944708557e-04
4.092427387504311148e-02,2.661883976587186076e-02,-5.258371305630333073e-03
3.134039155662324966e-03,-6.720864418460707757e-02,-3.590628748629827189e-03
-4.926683760853457772e-02,-1.556688499653191733e-02,-3.936412582277692453e-03
-1.056058269364266305e-01,-6.436213686265387923e-02,-3.710810754413106788e-02
-1.137775338172113994e-02,5.041688264066468417e-02,4.786221546881111693e-04
9.668772337942846407e-03,5.195106993831281189e-02,-8.866612451700894848e-02
6.939095530141774215e-02,4.841509966861153036e-02,-2.990900884739150500e-02
2.227436597625178510e-02,-5.280736814844178006e-02,-3.204556229689885932e-02
-3.368701375331656367e-02,-5.763894111965985750e-02,5.612566883889309743e-02
-1.801061427278392510e-02,5.480471985418956284e-03,6.557287004019228538e-02
8.829442018024099420e-03,-1.458378842911053214e-02,9.040454305867508256e-02
3.435530721497997205e-03,-5.486578262292975128e-02,-1.591415129622245333e-03
-3.424807389720743722e-02,6.864144971594426936e-02,-6.982111676395559574e-02
7.446011306492605897e-02,-4.858129423893396172e-03,9.400384202731416200e-03
4.665795460803425637e-02,-1.417902699364075730e-02,-4.475677542386221480e-02
-4.736172675955534206e-02,1.612456597409395783e-03,-4.403317875803096360e-02
-3.908024745663087225e-03,1.790520830101351157e-02,2.302702890280869039e-02
4.716898259174579638e-02,-1.518467746907038035e-02,3.071453484465178074e-02
-3.686541387428900890e-02,-1.824533614989726216e-02,8.772155451963505046e-03
-1.030915823142694414e-02,1.474102538643176207e-03,4.073095611546164591e-02
3.965809833549977653e-02,-3.196226146007392910e-02,-2.953756442639214261e-02
2.321090990874139295e-02,3.386969104290147442e-02,3.867381387591815010e-03
-2.013904568002818779e-02,-2.412393901936020144e-02,4.294186444792182089e-02
-2.947724103920931066e-02,3.289914312554641229e-02,4.419149446789549796e-02
6.036630248715266905e-02,-1.221554155600420438e-02,-6.594742701037721588e-03
-1.251443758815282831e-03,1.404490431673006794e-02,4.242246953211033927e-02
6.279590061391110423e-02,4.677920546993047379e-02,-5.046651924911862985e-02
-5.253144930173735128e-02,3.913186650644208397e-02,2.553059439057733457e-02
9.777986388925135816e-03,-1.882894308781000309e-02,8.382963474697559259e-02
-7.573445359166741664e-02,-8.964868095564453021e-02,7.878310947398001109e-04
-4.575839888188503596e-02,2.022100278538157062e-02,-3.061174630136750952e-02
2.681913996828374364e-02,-3.736671017870657474e-02,2.728924410077346319e-02
3.820253142810312030e-02,-4.226038692616246317e-02,-5.743602543708908881e-02
7.021413758671321732e-03,1.989365821945521598e-02,-6.140046498358765065e-02
4.474817332500440233e-03,-5.520422536478790387e-02,1.085263427983231971e-01
-2.691798301749403696e-02,1.083702799278904623e-02,-4.246858377602883566e-02
-7.116775828005118820e-02,1.020193980810903990e-02,3.353402494202316342e-02
-4.503656752862800206e-02,-3.652279118626656357e-02,-2.378136654312451928e-02
-6.224185959394830207e-03,1.572654791311554889e-02,8.295345492133421664e-04
-1.252016496960617689e-02,-3.265388925682725235e-02,1.159269003318055130e-02
-2.528895026552357983e-02,-7.157991505300537183e-02,-4.216656990192424459e-02
-4.099132882250904747e-02,-2.548287553023702995e-02,-1.871577474284407891e-02
-4.940054795713372943e-02,2.129043268350101076e-02,-5.563361863720880235e-02
2.771184214273880383e-02,2.338222857935794499e-02,-3.950465898048076407e-02
-2.798782178604402801e-02,-6.911106579002272710e-02,9.421963799599934741e-02
-1.364799292355636275e-02,2.809980119519382355e-02,1.007957637232699891e-02
-7.625681288499935873e-02,-1.162169438166888169e-01,3.821096583819758030e-02
-3.868364525134177639e-02,3.968102354086324758e-03,8.772484885339930372e-02
-1.906245317988336518e-02,-4.549266875647622194e-02,-3.964163539009236958e-02
1.208203163597967519e-02,5.645768011354591193e-02,2.241525115279225169e-02
-4.418879406933587210e-03,-9.496742703271970898e-03,-2.071068780156680791e-02
-3.013261863843454125e-02,2.274423144523597326e-02,6.011278876079507311e-02
4.665548953489723205e-02,-5.655556899720242531e-02,-4.439476350386587639e-02
1.009094864913433545e-02,3.557683998964240174e-02,8.993835701663052684e-03
1.636134305250315155e-02,8.771806742655699485e-02,-3.915933990613287147e-02
-1.549309388972567800e-02,4.594753550033882361e-02,3.718900305114496152e-02
8.317978537568869804e-03,5.975945067985201364e-02,4.393175479753763657e-02
5.786719538904271098e-03,-1.954469327321411987e-02,4.762791201716484041e-02
1.031075830158758311e-01,4.017223615058776454e-02,-6.346815093372874805e-02
-2.997567168103731916e-03,4.321778825730688764e-03,-3.418253968006791654e-02
-1.866677919433787358e-02,-1.233540435441493610e-03,1.863305307906590325e-02
1.346511713630935830e-02,-6.302631376797747376e-02,-1.039170665212717642e-01
-6.732302301174560022e-02,-2.476714621804642844e-02,-8.571950389665697334e-02
-7.214833704907534784e-02,-1.502334818926465490e-02,-5.073798820507853524e-03
-2.208336507735442211e-03,2.385415028684219341e-02,8.954080817170716189e-03
4.351953893493606951e-02,-2.472445779768365701e-02,-2.627268123165203695e-02
3.311939904359815362e-02,7.974910696530292109e-02,-5.968186049535646742e-03
7.776213999058896077e-03,-6.125008080611425015e-03,1.590011216480463618e-02
-8.095961040630025645e-04,4.621660378451829254e-02,1.319581860960640333e-02
-6.144273737190059093e-02,-2.457890208535169069e-02,4.572215913116042807e-02
-2.384649065040243821e-02,2.647275842876909563e-02,8.596558669439456624e-02
-7.464139692614585320e-02,1.755129496354183166e-02,-1.270994847255511352e-02
1.525228474834598551e-02,-5.896349861013690241e-02,-4.698911352558318016e-02
-9.838364146479020023e-02,1.466205184179115127e-02,5.887534509385194958e-02
4.964864105155419871e-02,3.412480192060879380e-02,-1.538494485911066738e-02
2.929558741359875040e-02,3.642237704892389849e-02,-2.171301893077023579e-02
-3.918634269321317337e-02,-1.146020000426645202e-01,-2.513618915664362057e-03
3.213722656652933524e-02,4.109304183830841256e-02,-9.321715177431090169e-03
-2.774739068666873254e-02,-9.837699983843867582e-03,2.185688432433314371e-02
-1.062009230492072000e-02,3.336474061291487547e-02,3.014587848259214168e-03
3.990254712088413258e-02,2.619928710456824808e-02,-1.729152600206898885e-02
-6.695335463806834086e-02,-4.659054531814806055e-02,-1.314665933942764202e-02
-3.779790077378816782e-02,-3.710947882291213556e-02,-4.992254335329895931e-02
3.514118111785989595e-02,1.338130264505005794e-02,2.595956671081627726e-02
-1.781944267050775133e-02,-6.068623106753675764e-03,-3.205814824859375134e-02
4.500807407983949474e-03,2.119111338962820917e-02,1.166248146445325040e-01
3.171192437935304448e-02,-1.674619757793419442e-02,2.113305776767150646e-02
7.665311168616655534e-03,4.720054271319181621e-02,7.919577152649985227e-03
7.829883612500118661e-02,-8.080990529228364305e-02,7.898731663176722373e-02
2.372947135021657300e-02,2.785049641569684389e-02,-7.320382742408442292e-03
-3.780445065386354650e-03,1.009405762568091162e-02,-1.794084321997406126e-02
3.496311751309690019e-02,4.362421483664480869e-03,-5.522338720006086249e-02
1.132984930481645107e-02,1.566507066544447005e-02,4.465385312309457476e-03
1.048323569493557622e-01,7.381050477463773490e-03,-3.974296432984907035e-02
2.750645121588337488e-02,-1.349936622161749741e-02,1.078055043506109638e-02
-2.905597889018159477e-02,1.512185172153523646e-02,-6.095497398467748795e-02
3.105141896829304460e-03,1.962474907327505305e-02,-8.355232608657434112e-02
7.544628770721766020e-02,-4.529018145231189507e-02,2.964456831159581994e-03
1.319267177604202812e-01,6.403776503259993313e-02,6.258669349322765196e-02
-1.061079653264235603e-02,-2.573623556755609554e-02,4.529946987720100127e-02
9.190006803903701116e-03,1.144754361722980819e-02,1.038249658140811132e-01
4.002779098806841934e-02,-4.401276363311829032e-02,-4.043742802639867934e-02
2.021155881765108672e-02,-5.537943513798298384e-02,1.504504678058470567e-02
5.479899162961524017e-02,-2.831058555963148274e-02,1.598267133546685259e-02
4.795353615556093019e-02,1.512174150813286322e-02,5.950014737426500416e-02
5.772769831236482241e-02,3.153407776772797211e-02,1.588482739331995020e-02
2.263776326341252094e-03,7.777694450732466035e-03,6.142811176139110346e-02
3.345927473415927916e-02,-2.536370081608438007e-02,1.614973457322342945e-02
9.345328104212258583e-03,3.938951630367808904e-02,4.142141178834914117e-02
2.543863936362137507e-02,1.900074068213686990e-02,-2.599983306409677300e-02
-7.128834566317433612e-03,-1.451872879420698301e-02,-1.052096390621446928e-02
4.145322369952786357e-02,1.693275930640876503e-02,-6.916292101192540731e-02
-3.376243620354948266e-02,2.400885023018268019e-02,-1.820211438035871862e-03
-5.734654571559188313e-02,-8.047337761330600192e-02,6.135757090623445743e-03
1.532454435179588133e-02,3.676627253575814880e-02,-4.028961018817524969e-02
1.526722949872409349e-02,-4.976573342675653933e-02,-4.692729995345918531e-02
4.563747205135089413e-02,2.410173184969215468e-02,-2.173819720802283931e-02
-2.594116499556839775e-02,9.332897367786414933e-02,-3.314552908789708541e-02
2.210390629215858160e-02,3.808567639075657874e-02,-8.270094623951668167e-02
4.546521024942215376e-03,-1.932406688666726477e-02,4.928069079634799649e-02
-4.499941765252245263e-02,-4.030298694319468800e-02,-2.618168503287650675e-02
2.484766591661202728e-02,-2.946735886521570369e-02,7.859352307186727449e-02
-4.281631896909188217e-02,4.008070052669583834e-03,5.201708424249142093e-02
2.263471548240578168e-02,4.214125159622433316e-03,4.367314469235987484e-02
2.254867682975033802e-02,-2.354392503573728840e-02,6.627713074909478280e-03
-5.238439138338863571e-02,-1.364039507019688437e-02,5.714712400995259831e-03
3.467385104346441121e-02,-6.224585058875077570e-02,3.444031337873463758e-03
-1.192120080578146085e-01,-2.503435380547754455e-02,-6.192550816867543884e-02
-8.901301575154020249e-03,-4.316975090682161759e-02,1.403829108824351454e-02
-2.531284802002204196e-02,4.428488234976513116e-02,2.670661751923243676e-03
-7.719915794017560839e-02,4.068817753987548358e-03,-2.193531262170966833e-02
1.727317591396589080e-02,-2.526487374677764339e-02,1.018347796199734791e-03
-7.136333000574710331e-03,-4.867622941742077991e-02,-8.792776342676311349e-03
6.930697736475034676e-02,1.898176210038605635e-02,5.699663697001687047e-03
-1.480980979278097472e-02,7.055141850446548790e-02,-3.161853239073802915e-03
-1.050615164003976254e-02,-3.234643298822627994e-02,-5.084954679127732385e-03
4.833181313452636352e-02,2.480476247392533751e-02,2.134414508993054405e-02
6.545468269437897113e-02,1.563981734336153742e-02,6.620331309453410251e-02
1.940483651464151860e-02,1.184252530475549264e-01,1.386355755937974769e-02
8.482521765775016820e-02,-2.010898559218600445e-02,-5.078224304811071455e-03
1.971165037945645307e-02,3.265977491879704792e-02,-1.141418737938341976e-02
1.256852140557906256e-02,-3.141098076529572070e-02,5.038495666099410825e-02
3.506725283149943889e-02,-3.930097781470873186e-02,-3.394394195429711186e-02
4.464106442208761599e-02,4.978918838112075113e-02,-7.281807119555905317e-02
1.435968682985739632e-02,7.562933416897890671e-02,3.217242959846661286e-03
-5.885447515391522893e-04,2.704314973850953374e-02,2.603075290425890462e-02
3.020512984016001518e-02,4.065075021742620143e-02,-2.838440826718722707e-02
-3.637539288063188631e-02,4.928785081756992259e-02,-4.498416924898134689e-02
-7.189029543654809097e-03,-5.306632011868142249e-03,-1.311454363021124711e-02
4.631339320264199651e-03,-6.729451359017066085e-03,1.544461571230600376e-03
1.969510687612087765e-03,5.877552405831709681e-02,3.085770081908821225e-02
6.988206040843506807e-03,-1.049081127204259077e-02,4.019776683882545637e-02
-7.801304699386579474e-04,2.875184712776503518e-02,-4.620479155785366804e-02
-4.253182024895715146e-02,-4.601847923323085232e-02,1.108934504719689094e-02
4.665925059240703943e-02,-4.080219696288468062e-02,6.219872335187934254e-02
-7.250204529656850173e-03,2.137292922165421813e-02,8.959571320078534365e-03
9.746425102887566055e-03,4.954531914567590623e-02,3.873061384946071412e-02
-1.366232720610797459e-02,8.253720928185177830e-02,2.080491961567758341e-02
-6.665374631045579978e-02,-6.152472996483201312e-02,-1.975283465473304592e-02
3.961471737002856403e-02,-6.188991184623872203e-03,4.489511797939774174e-02
3.618415460973666183e-03,-7.309426717563666243e-02,-1.858078789311009768e-02
-3.234229188299578978e-02,-1.336954846593688996e-02,-2.973453762168674127e-03
-1.958344522226600562e-02,-2.991455323129792090e-03,-1.810762011299314050e-02
8.052693119000978172e-02,-3.722592352013906480e-02,3.059103608907349364e-02
-9.082346870838460540e-02,-7.937340230767808702e-03,-3.878534639780656726e-03
-4.455782453847084712e-02,-1.426101006673734630e-03,2.077779492789375709e-02
5.269438358112802506e-02,-7.691155934125541715e-02,3.062497391057041052e-02
8.000044949355972213e-02,1.774860183957165105e-02,9.454157936478529631e-03
6.269542040067575817e-02,2.562235946975534306e-02,2.163500334378533341e-02
6.217596394098688292e-03,-5.076979647444976318e-02,-5.788403308149021181e-03
4.141276639447548369e-02,-2.326531105230398948e-04,4.397129829914116217e-02
7.142759333675265110e-02,-5.039571694300867127e-02,4.048951399468834166e-03
1.872797961620895763e-02,4.033689563732509309e-02,-4.360251534130569345e-02
6.859036995690580285e-02,-5.034593034166894715e-02,-2.395544409066180380e-02
1.760028486598238769e-03,-1.184699071897337558e-02,-7.281256341308438296e-02
7.378766308890397085e-02,4.539312501414941026e-03,3.805255397564924480e-02
7.447978665492822892e-02,3.259559611036055848e-02,-8.455756658718929786e-02
-2.054733266124338792e-02,1.424503670445570122e-02,-6.392614949289583681e-02
-1.703570193676737362e-03,3.298705720272225583e-02,3.568315810370689678e-02
-8.882779825750536026e-03,4.990325436376045337e-02,7.333896047385744799e-02
-1.501495755775520899e-02,-6.855022918105305174e-02,-7.506431979714410507e-02
-9.242451808745289973e-03,-3.469696743306210918e-02,5.044264825872517288e-02
-2.280321251309719299e-02,5.216283065494261434e-02,1.414674970262183411e-02
-3.883641622025692935e-02,2.728320453874176835e-02,-3.151233397637930728e-02
-2.768011181737166371e-02,6.231908165333024247e-02,-3.926533232061628353e-02
-5.531113645789444318e-03,-1.240033523864496031e-03,1.537271694872877591e-02
2.017487482377018637e-03,4.904833556112789955e-02,5.130862232199297213e-02
-1.560190351570949104e-02,1.976094751718929926e-02,2.986305368947158451e-02
-6.016326920159546787e-02,-2.163400038552858867e-02,-8.261857827803763266e-02
1.404829405017427556e-02,4.450344979778149412e-02,4.192582451016063638e-02
5.193322869774827377e-02,-2.038089773342422525e-03,4.912645561194151252e-03
-2.946029759364320738e-02,3.875236641824188200e-02,4.481834847291765733e-02
7.597678170426168040e-03,2.573411467432263483e-02,4.466849927298822964e-02
-7.518452266565267550e-02,-6.518748680340483159e-02,1.484194691482837274e-02
2.501804936930067651e-03,-2.112218997536590911e-02,-2.514725254526111939e-02
2.323098205222450321e-02,5.219481169127311755e-03,3.336869387277696664e-02
3.729201243241973135e-02,-3.781739438119845892e-02,6.547000318592615699e-03
3.033602720159549767e-04,2.343810560384649785e-02,-2.735433763680383129e-02
-4.510508673605406575e-03,4.527159971073919237e-02,2.318966635929202436e-02
4.633843321879395870e-03,-9.595114719199880279e-03,-3.997553999441780942e-02
5.178131856718670017e-02,-8.951714924761047798e-02,3.468000628171691996e-02
2.734195038742802397e-02,-1.446565578661203290e-03,-2.103988798540110117e-03
5.901985771636560074e-02,-3.032203744749376734e-02,-3.878821316611579667e-02
-3.218186232200000163e-02,2.904537682240212679e-02,2.334706406131331971e-02
3.882581202256375763e-02,1.148885968788627282e-01,6.524387599613147744e-03
4.870460688498092633e-02,5.172398446992786808e-02,9.261032430575120988e-02
5.029148762736180417e-02,6.381868520330366557e-02,6.184844800857253189e-02
-6.535600128605094372e-02,1.767035551155392075e-03,-2.896566337747331216e-02
-1.295234100278025956e-02,-4.058413421029962581e-02,-2.812714087594084950e-02
2.555257734939826025e-02,-3.110343444332261745e-02,-4.643428273962301595e-02
-5.707674921373895316e-02,4.889359338254191389e-02,3.654083295555295217e-04
-6.113226854701175189e-02,7.656981691643408028e-02,-6.681175544144295209e-02
-3.489618818242376519e-02,5.160643753658204075e-02,-9.229042372031386054e-02
-1.581293888013305185e-02,-7.896906087083118905e-03,4.882772788316936535e-03
4.820038266054533019e-03,-1.005083859315905430e-02,-5.464941228906136650e-02
-2.664682402689420512e-02,-2.287349921885628579e-02,-4.208711276391188805e-02
4.393550884773075871e-02,3.019899395773208844e-03,3.121642313831581375e-02
