ref_gyro_x (deg/s),ref_gyro_y (deg/s),ref_gyro_z (deg/s)
0.000000000000000000e+00,0.000000000000000000e+00,0.000000000000000000e+00
0.000000000000000000e+00,0.000000000000000000e+00,0.000000000000000000e+00
0.000000000000000000e+00,0.000000000000000000e+00,0.000000000000000000e+00
0.000000000000000000e+00,0.000000000000000000e+00,0.000000000000000000e+00
0.000000000000000000e+00,0.000000000000000000e+00,0.000000000000000000e+00
0.000000000000000000e+00,0.000000000000000000e+00,0.000000000000000000e+00
0.000000000000000000e+00,0.000000000000000000e+00,0.000000000000000000e+00
0.000000000000000000e+00,0.000000000000000000e+00,0.000000000000000000e+00
0.000000000000000000e+00,0.000000000000000000e+00,0.000000000000000000e+00
0.000000000000000000e+00,0.000000000000000000e+00,0.000000000000000000e+00
0.000000000000000000e+00,0.000000000000000000e+00,0.000000000000000000e+00
0.000000000000000000e+00,0.000000000000000000e+00,0.000000000000000000e+00
0.000000000000000000e+00,0.000000000000000000e+00,0.000000000000000000e+00
0.000000000000000000e+00,0.000000000000000000e+00,0.000000000000000000e+00
0.000000000000000000e+00,0.000000000000000000e+00,0.000000000000000000e+00
0.000000000000000000e+00,0.000000000000000000e+00,0.000000000000000000e+00
0.000000000000000000e+00,0.000000000000000000e+00,0.000000000000000000e+00
0.000000000000000000e+00,0.000000000000000000e+00,0.000000000000000000e+00
0.000000000000000000e+00,0.000000000000000000e+00,0.000000000000000000e+00
0.000000000000000000e+00,0.000000000000000000e+00,0.000000000000000000e+00
0.000000000000000000e+00,0.000000000000000000e+00,0.000000000000000000e+00
0.000000000000000000e+00,0.000000000000000000e+00,0.000000000000000000e+00
0.000000000000000000e+00,0.000000000000000000e+00,0.000000000000000000e+00
0.000000000000000000e+00,0.000000000000000000e+00,0.000000000000000000e+00
0.000000000000000000e+00,0.000000000000000000e+00,0.000000000000000000e+00
0.000000000000000000e+00,0.000000000000000000e+00,0.000000000000000000e+00
0.000000000000000000e+00,0.000000000000000000e+00,0.000000000000000000e+00
0.000000000000000000e+00,0.000000000000000000e+00,0.000000000000000000e+00
0.000000000000000000e+00,0.000000000000000000e+00,0.000000000000000000e+00
0.000000000000000000e+00,0.000000000000000000e+00,0.000000000000000000e+00
0.000000000000000000e+00,0.000000000000000000e+00,0.000000000000000000e+00
0.000000000000000000e+00,0.000000000000000000e+00,0.000000000000000000e+00
0.000000000000000000e+00,0.000000000000000000e+00,0.000000000000000000e+00
0.000000000000000000e+00,0.000000000000000000e+00,0.000000000000000000e+00
0.000000000000000000e+00,0.000000000000000000e+00,0.000000000000000000e+00
0.000000000000000000e+00,0.000000000000000000e+00,0.000000000000000000e+00
0.000000000000000000e+00,0.000000000000000000e+00,0.000000000000000000e+00
0.000000000000000000e+00,0.000000000000000000e+00,0.000000000000000000e+00
0.000000000000000000e+00,0.000000000000000000e+00,0.000000000000000000e+00
0.000000000000000000e+00,0.000000000000000000e+00,0.000000000000000000e+00
0.000000000000000000e+00,0.000000000000000000e+00,0.000000000000000000e+00
0.000000000000000000e+00,0.000000000000000000e+00,0.000000000000000000e+00
0.000000000000000000e+00,0.000000000000000000e+00,0.000000000000000000e+00
0.000000000000000000e+00,0.000000000000000000e+00,0.000000000000000000e+00
0.000000000000000000e+00,0.000000000000000000e+00,0.000000000000000000e+00
0.000000000000000000e+00,0.000000000000000000e+00,0.000000000000000000e+00
0.000000000000000000e+00,0.000000000000000000e+00,0.000000000000000000e+00
0.000000000000000000e+00,0.000000000000000000e+00,0.000000000000000000e+00
0.000000000000000000e+00,0.000000000000000000e+00,0.000000000000000000e+00
0.000000000000000000e+00,0.000000000000000000e+00,0.000000000000000000e+00
0.000000000000000000e+00,0.000000000000000000e+00,0.000000000000000000e+00
0.000000000000000000e+00,0.000000000000000000e+00,0.000000000000000000e+00
0.000000000000000000e+00,0.000000000000000000e+00,0.000000000000000000e+00
0.000000000000000000e+00,0.000000000000000000e+00,0.000000000000000000e+00
0.000000000000000000e+00,0.000000000000000000e+00,0.000000000000000000e+00
0.000000000000000000e+00,0.000000000000000000e+00,0.000000000000000000e+00
0.000000000000000000e+00,0.000000000000000000e+00,0.000000000000000000e+00
0.000000000000000000e+00,0.000000000000000000e+00,0.000000000000000000e+00
0.000000000000000000e+00,0.000000000000000000e+00,0.000000000000000000e+00
0.000000000000000000e+00,0.000000000000000000e+00,0.000000000000000000e+00
0.000000000000000000e+00,0.000000000000000000e+00,0.000000000000000000e+00
0.000000000000000000e+00,0.000000000000000000e+00,0.000000000000000000e+00
0.000000000000000000e+00,0.000000000000000000e+00,0.000000000000000000e+00
0.000000000000000000e+00,0.000000000000000000e+00,0.000000000000000000e+00
0.000000000000000000e+00,0.000000000000000000e+00,0.000000000000000000e+00
0.000000000000000000e+00,0.000000000000000000e+00,0.000000000000000000e+00
0.000000000000000000e+00,0.000000000000000000e+00,0.000000000000000000e+00
0.000000000000000000e+00,0.000000000000000000e+00,0.000000000000000000e+00
0.000000000000000000e+00,0.000000000000000000e+00,0.000000000000000000e+00
0.000000000000000000e+00,0.000000000000000000e+00,0.000000000000000000e+00
0.000000000000000000e+00,0.000000000000000000e+00,0.000000000000000000e+00
0.000000000000000000e+00,0.000000000000000000e+00,0.000000000000000000e+00
0.000000000000000000e+00,0.000000000000000000e+00,0.000000000000000000e+00
0.000000000000000000e+00,0.000000000000000000e+00,0.000000000000000000e+00
0.000000000000000000e+00,0.000000000000000000e+00,0.000000000000000000e+00
0.000000000000000000e+00,0.000000000000000000e+00,0.000000000000000000e+00
0.000000000000000000e+00,0.000000000000000000e+00,0.000000000000000000e+00
0.000000000000000000e+00,0.000000000000000000e+00,0.000000000000000000e+00
0.000000000000000000e+00,0.000000000000000000e+00,0.000000000000000000e+00
0.000000000000000000e+00,0.000000000000000000e+00,0.000000000000000000e+00
0.000000000000000000e+00,0.000000000000000000e+00,0.000000000000000000e+00
0.000000000000000000e+00,0.000000000000000000e+00,0.000000000000000000e+00
0.000000000000000000e+00,0.000000000000000000e+00,0.000000000000000000e+00
0.000000000000000000e+00,0.000000000000000000e+00,0.000000000000000000e+00
0.000000000000000000e+00,0.000000000000000000e+00,0.000000000000000000e+00
0.000000000000000000e+00,0.000000000000000000e+00,0.000000000000000000e+00
0.000000000000000000e+00,0.000000000000000000e+00,0.000000000000000000e+00
0.000000000000000000e+00,0.000000000000000000e+00,0.000000000000000000e+00
0.000000000000000000e+00,0.000000000000000000e+00,0.000000000000000000e+00
0.000000000000000000e+00,0.000000000000000000e+00,0.000000000000000000e+00
0.000000000000000000e+00,0.000000000000000000e+00,0.000000000000000000e+00
0.000000000000000000e+00,0.000000000000000000e+00,0.000000000000000000e+00
0.000000000000000000e+00,0.000000000000000000e+00,0.000000000000000000e+00
0.000000000000000000e+00,0.000000000000000000e+00,0.000000000000000000e+00
0.000000000000000000e+00,0.000000000000000000e+00,0.000000000000000000e+00
0.000000000000000000e+00,0.000000000000000000e+00,0.000000000000000000e+00
0.000000000000000000e+00,0.000000000000000000e+00,0.000000000000000000e+00
0.000000000000000000e+00,0.000000000000000000e+00,0.000000000000000000e+00
0.000000000000000000e+00,0.000000000000000000e+00,0.000000000000000000e+00
0.000000000000000000e+00,0.000000000000000000e+00,0.000000000000000000e+00
0.000000000000000000e+00,0.000000000000000000e+00,1.499999999999999556e+00
0.000000000000000000e+00,0.000000000000000000e+00,2.849999999999999201e+00
0.000000000000000000e+00,0.000000000000000000e+00,4.064999999999999503e+00
0.000000000000000000e+00,0.000000000000000000e+00,5.158499999999999197e+00
0.000000000000000000e+00,0.000000000000000000e+00,6.142649999999999721e+00
0.000000000000000000e+00,0.000000000000000000e+00,7.028384999999999216e+00
0.000000000000000000e+00,0.000000000000000000e+00,7.825546499999999739e+00
0.000000000000000000e+00,0.000000000000000000e+00,8.542991849999998166e+00
0.000000000000000000e+00,0.000000000000000000e+00,9.188692664999997817e+00
0.000000000000000000e+00,0.000000000000000000e+00,9.769823398499996259e+00
0.000000000000000000e+00,0.000000000000000000e+00,1.029284105864999610e+01
0.000000000000000000e+00,0.000000000000000000e+00,1.076355695278499702e+01
0.000000000000000000e+00,0.000000000000000000e+00,1.118720125750649608e+01
0.000000000000000000e+00,0.000000000000000000e+00,1.156848113175584558e+01
0.000000000000000000e+00,0.000000000000000000e+00,1.191163301858026102e+01
0.000000000000000000e+00,0.000000000000000000e+00,1.222046971672223314e+01
0.000000000000000000e+00,0.000000000000000000e+00,1.249842274505000894e+01
0.000000000000000000e+00,0.000000000000000000e+00,1.274858047054500787e+01
0.000000000000000000e+00,0.000000000000000000e+00,1.297372242349050708e+01
0.000000000000000000e+00,0.000000000000000000e+00,1.317635018114145495e+01
0.000000000000000000e+00,0.000000000000000000e+00,1.335871516302730910e+01
0.000000000000000000e+00,0.000000000000000000e+00,1.352284364672457784e+01
0.000000000000000000e+00,0.000000000000000000e+00,1.367055928205211934e+01
0.000000000000000000e+00,0.000000000000000000e+00,1.380350335384690652e+01
0.000000000000000000e+00,0.000000000000000000e+00,1.392315301846221587e+01
0.000000000000000000e+00,0.000000000000000000e+00,1.403083771661599322e+01
0.000000000000000000e+00,0.000000000000000000e+00,1.412775394495439230e+01
0.000000000000000000e+00,0.000000000000000000e+00,1.421497855045895164e+01
0.000000000000000000e+00,0.000000000000000000e+00,1.429348069541305755e+01
0.000000000000000000e+00,0.000000000000000000e+00,1.436413262587175055e+01
0.000000000000000000e+00,0.000000000000000000e+00,1.442771936328457549e+01
0.000000000000000000e+00,0.000000000000000000e+00,1.448494742695611670e+01
0.000000000000000000e+00,0.000000000000000000e+00,1.453645268426050663e+01
0.000000000000000000e+00,0.000000000000000000e+00,1.458280741583445739e+01
0.000000000000000000e+00,0.000000000000000000e+00,1.462452667425101183e+01
0.000000000000000000e+00,0.000000000000000000e+00,1.466207400682591100e+01
0.000000000000000000e+00,0.000000000000000000e+00,1.469586660614332096e+01
0.000000000000000000e+00,0.000000000000000000e+00,1.472627994552898834e+01
0.000000000000000000e+00,0.000000000000000000e+00,1.475365195097609039e+01
0.000000000000000000e+00,0.000000000000000000e+00,1.477828675587847940e+01
0.000000000000000000e+00,0.000000000000000000e+00,1.480045808029063181e+01
0.000000000000000000e+00,0.000000000000000000e+00,1.482041227226156899e+01
0.000000000000000000e+00,0.000000000000000000e+00,1.483837104503541227e+01
0.000000000000000000e+00,0.000000000000000000e+00,1.485453394053187282e+01
0.000000000000000000e+00,0.000000000000000000e+00,1.486908054647868660e+01
0.000000000000000000e+00,0.000000000000000000e+00,1.488217249183081847e+01
0.000000000000000000e+00,0.000000000000000000e+00,1.489395524264773663e+01
0.000000000000000000e+00,0.000000000000000000e+00,1.490455971838296279e+01
0.000000000000000000e+00,0.000000000000000000e+00,1.491410374654466509e+01
0.000000000000000000e+00,0.000000000000000000e+00,1.492269337189019929e+01
0.000000000000000000e+00,0.000000000000000000e+00,1.493042403470117740e+01
0.000000000000000000e+00,0.000000000000000000e+00,1.493738163123106233e+01
0.000000000000000000e+00,0.000000000000000000e+00,1.494364346810795574e+01
0.000000000000000000e+00,0.000000000000000000e+00,1.494927912129716141e+01
0.000000000000000000e+00,0.000000000000000000e+00,1.495435120916744509e+01
0.000000000000000000e+00,0.000000000000000000e+00,1.495891608825070129e+01
0.000000000000000000e+00,0.000000000000000000e+00,1.496302447942562885e+01
0.000000000000000000e+00,0.000000000000000000e+00,1.496672203148306757e+01
0.000000000000000000e+00,0.000000000000000000e+00,1.497004982833475850e+01
0.000000000000000000e+00,0.000000000000000000e+00,1.497304484550128301e+01
0.000000000000000000e+00,0.000000000000000000e+00,1.497574036095115524e+01
0.000000000000000000e+00,0.000000000000000000e+00,1.497816632485603883e+01
0.000000000000000000e+00,0.000000000000000000e+00,1.498034969237043512e+01
0.000000000000000000e+00,0.000000000000000000e+00,1.498231472313339196e+01
0.000000000000000000e+00,0.000000000000000000e+00,1.498408325082005277e+01
0.000000000000000000e+00,0.000000000000000000e+00,1.498567492573804572e+01
0.000000000000000000e+00,0.000000000000000000e+00,1.498710743316424043e+01
0.000000000000000000e+00,0.000000000000000000e+00,1.498839668984781603e+01
0.000000000000000000e+00,0.000000000000000000e+00,1.498955702086303354e+01
0.000000000000000000e+00,0.000000000000000000e+00,1.499060131877672930e+01
0.000000000000000000e+00,0.000000000000000000e+00,1.499154118689905779e+01
0.000000000000000000e+00,0.000000000000000000e+00,1.499238706820915290e+01
0.000000000000000000e+00,0.000000000000000000e+00,1.499314836138823637e+01
0.000000000000000000e+00,0.000000000000000000e+00,1.499383352524941415e+01
0.000000000000000000e+00,0.000000000000000000e+00,1.499445017272447167e+01
0.000000000000000000e+00,0.000000000000000000e+00,1.499500515545202362e+01
0.000000000000000000e+00,0.000000000000000000e+00,1.499550463990682125e+01
0.000000000000000000e+00,0.000000000000000000e+00,1.499595417591613788e+01
0.000000000000000000e+00,0.000000000000000000e+00,1.499635875832452570e+01
0.000000000000000000e+00,0.000000000000000000e+00,1.499672288249207242e+01
0.000000000000000000e+00,0.000000000000000000e+00,1.499705059424286624e+01
0.000000000000000000e+00,0.000000000000000000e+00,1.499734553481857979e+01
0.000000000000000000e+00,0.000000000000000000e+00,1.499761098133672377e+01
0.000000000000000000e+00,0.000000000000000000e+00,1.499784988320305068e+01
0.000000000000000000e+00,0.000000000000000000e+00,1.499806489488274508e+01
0.000000000000000000e+00,0.000000000000000000e+00,1.499825840539446986e+01
0.000000000000000000e+00,0.000000000000000000e+00,1.499843256485502430e+01
0.000000000000000000e+00,0.000000000000000000e+00,1.499858930836952275e+01
0.000000000000000000e+00,0.000000000000000000e+00,1.499873037753257243e+01
0.000000000000000000e+00,0.000000000000000000e+00,1.499885733977931324e+01
0.000000000000000000e+00,0.000000000000000000e+00,1.499897160580138333e+01
0.000000000000000000e+00,0.000000000000000000e+00,1.499907444522124678e+01
0.000000000000000000e+00,0.000000000000000000e+00,1.499916700069912068e+01
0.000000000000000000e+00,0.000000000000000000e+00,1.499925030062921039e+01
0.000000000000000000e+00,0.000000000000000000e+00,1.499932527056629006e+01
0.000000000000000000e+00,0.000000000000000000e+00,1.499939274350966123e+01
0.000000000000000000e+00,0.000000000000000000e+00,1.499945346915869315e+01
0.000000000000000000e+00,0.000000000000000000e+00,1.499950812224282615e+01
0.000000000000000000e+00,0.000000000000000000e+00,1.499955731001854353e+01
0.000000000000000000e+00,0.000000000000000000e+00,1.499960157901668900e+01
0.000000000000000000e+00,0.000000000000000000e+00,1.499964142111502063e+01
0.000000000000000000e+00,0.000000000000000000e+00,1.499967727900351733e+01
0.000000000000000000e+00,0.000000000000000000e+00,1.499970955110316595e+01
0.000000000000000000e+00,0.000000000000000000e+00,1.499973859599285042e+01
0.000000000000000000e+00,0.000000000000000000e+00,1.499976473639356556e+01
0.000000000000000000e+00,0.000000000000000000e+00,1.499978826275421007e+01
0.000000000000000000e+00,0.000000000000000000e+00,1.499980943647878817e+01
0.000000000000000000e+00,0.000000000000000000e+00,1.499982849283091113e+01
0.000000000000000000e+00,0.000000000000000000e+00,1.499984564354782002e+01
0.000000000000000000e+00,0.000000000000000000e+00,1.499986107919303713e+01
0.000000000000000000e+00,0.000000000000000000e+00,1.499987497127373359e+01
0.000000000000000000e+00,0.000000000000000000e+00,1.499988747414636059e+01
0.000000000000000000e+00,0.000000000000000000e+00,1.499989872673172542e+01
0.000000000000000000e+00,0.000000000000000000e+00,1.499990885405855501e+01
0.000000000000000000e+00,0.000000000000000000e+00,1.499991796865269933e+01
0.000000000000000000e+00,0.000000000000000000e+00,1.499992617178743082e+01
0.000000000000000000e+00,0.000000000000000000e+00,1.499993355460869005e+01
0.000000000000000000e+00,0.000000000000000000e+00,1.499994019914782051e+01
0.000000000000000000e+00,0.000000000000000000e+00,1.499994617923303863e+01
0.000000000000000000e+00,0.000000000000000000e+00,1.499995156130973406e+01
0.000000000000000000e+00,0.000000000000000000e+00,1.499995640517876083e+01
0.000000000000000000e+00,0.000000000000000000e+00,1.499996076466088368e+01
0.000000000000000000e+00,0.000000000000000000e+00,1.499996468819479567e+01
0.000000000000000000e+00,0.000000000000000000e+00,1.499996821937531699e+01
0.000000000000000000e+00,0.000000000000000000e+00,1.499997139743778618e+01
0.000000000000000000e+00,0.000000000000000000e+00,1.499997425769400827e+01
0.000000000000000000e+00,0.000000000000000000e+00,1.499997683192460940e+01
0.000000000000000000e+00,0.000000000000000000e+00,1.499997914873214633e+01
0.000000000000000000e+00,0.000000000000000000e+00,1.499998123385893045e+01
0.000000000000000000e+00,0.000000000000000000e+00,1.499998311047303723e+01
0.000000000000000000e+00,0.000000000000000000e+00,1.499998479942573226e+01
0.000000000000000000e+00,0.000000000000000000e+00,1.499998631948315975e+01
0.000000000000000000e+00,0.000000000000000000e+00,1.499998768753484235e+01
0.000000000000000000e+00,0.000000000000000000e+00,1.499998891878135865e+01
0.000000000000000000e+00,0.000000000000000000e+00,1.499999002690322136e+01
0.000000000000000000e+00,0.000000000000000000e+00,1.499999102421289976e+01
0.000000000000000000e+00,0.000000000000000000e+00,1.499999192179160978e+01
0.000000000000000000e+00,0.000000000000000000e+00,1.499999272961244934e+01
0.000000000000000000e+00,0.000000000000000000e+00,1.499999345665120387e+01
0.000000000000000000e+00,0.000000000000000000e+00,1.499999411098608348e+01
0.000000000000000000e+00,0.000000000000000000e+00,1.499999469988747336e+01
0.000000000000000000e+00,0.000000000000000000e+00,1.499999522989872425e+01
0.000000000000000000e+00,0.000000000000000000e+00,1.499999570690885342e+01
0.000000000000000000e+00,0.000000000000000000e+00,1.499999613621796790e+01
0.000000000000000000e+00,0.000000000000000000e+00,1.499999652259617200e+01
0.000000000000000000e+00,0.000000000000000000e+00,1.499999687033655604e+01
0.000000000000000000e+00,0.000000000000000000e+00,1.499999718330290044e+01
0.000000000000000000e+00,0.000000000000000000e+00,1.499999746497261022e+01
0.000000000000000000e+00,0.000000000000000000e+00,1.499999771847534902e+01
0.000000000000000000e+00,0.000000000000000000e+00,1.499999794662781483e+01
0.000000000000000000e+00,0.000000000000000000e+00,1.499999815196503228e+01
0.000000000000000000e+00,0.000000000000000000e+00,1.499999833676852923e+01
0.000000000000000000e+00,0.000000000000000000e+00,1.499999850309167648e+01
0.000000000000000000e+00,0.000000000000000000e+00,1.499999865278250688e+01
0.000000000000000000e+00,0.000000000000000000e+00,1.499999878750425886e+01
0.000000000000000000e+00,0.000000000000000000e+00,1.499999890875383102e+01
0.000000000000000000e+00,0.000000000000000000e+00,1.499999901787844969e+01
0.000000000000000000e+00,0.000000000000000000e+00,1.499999911609060277e+01
0.000000000000000000e+00,0.000000000000000000e+00,1.499999920448154178e+01
0.000000000000000000e+00,0.000000000000000000e+00,1.499999928403338778e+01
0.000000000000000000e+00,0.000000000000000000e+00,1.499999935563004883e+01
0.000000000000000000e+00,0.000000000000000000e+00,1.499999942006704323e+01
0.000000000000000000e+00,0.000000000000000000e+00,1.499999947806034051e+01
0.000000000000000000e+00,0.000000000000000000e+00,1.499999953025430521e+01
0.000000000000000000e+00,0.000000000000000000e+00,1.499999957722887345e+01
0.000000000000000000e+00,0.000000000000000000e+00,1.499999961950598681e+01
0.000000000000000000e+00,0.000000000000000000e+00,1.499999965755538867e+01
0.000000000000000000e+00,0.000000000000000000e+00,1.499999969179984838e+01
0.000000000000000000e+00,0.000000000000000000e+00,1.499999972261986159e+01
0.000000000000000000e+00,0.000000000000000000e+00,1.499999975035787791e+01
0.000000000000000000e+00,0.000000000000000000e+00,1.499999977532208817e+01
0.000000000000000000e+00,0.000000000000000000e+00,1.499999979778988113e+01
0.000000000000000000e+00,0.000000000000000000e+00,1.499999981801089355e+01
0.000000000000000000e+00,0.000000000000000000e+00,1.499999983620980437e+01
0.000000000000000000e+00,0.000000000000000000e+00,1.499999985258882340e+01
0.000000000000000000e+00,0.000000000000000000e+00,1.499999986732994195e+01
0.000000000000000000e+00,0.000000000000000000e+00,1.499999988059694722e+01
0.000000000000000000e+00,0.000000000000000000e+00,1.499999989253725197e+01
0.000000000000000000e+00,0.000000000000000000e+00,1.499999990328352695e+01
0.000000000000000000e+00,0.000000000000000000e+00,1.499999991295517354e+01
0.000000000000000000e+00,0.000000000000000000e+00,1.499999992165965423e+01
0.000000000000000000e+00,0.000000000000000000e+00,1.499999992949368810e+01
0.000000000000000000e+00,0.000000000000000000e+00,1.499999993654432018e+01
0.000000000000000000e+00,0.000000000000000000e+00,1.499999994288988958e+01
0.000000000000000000e+00,0.000000000000000000e+00,1.499999994860089991e+01
0.000000000000000000e+00,0.000000000000000000e+00,1.499999995374080974e+01
0.000000000000000000e+00,0.000000000000000000e+00,1.499999995836672895e+01
0.000000000000000000e+00,0.000000000000000000e+00,1.499999996253005641e+01
0.000000000000000000e+00,0.000000000000000000e+00,1.499999996627705201e+01
0.000000000000000000e+00,0.000000000000000000e+00,1.499999996964934645e+01
0.000000000000000000e+00,0.000000000000000000e+00,1.499999997268441199e+01
0.000000000000000000e+00,0.000000000000000000e+00,1.499999997541597097e+01
0.000000000000000000e+00,0.000000000000000000e+00,1.499999997787437422e+01
0.000000000000000000e+00,0.000000000000000000e+00,1.499999998008693680e+01
0.000000000000000000e+00,0.000000000000000000e+00,1.499999998207824348e+01
0.000000000000000000e+00,0.000000000000000000e+00,1.499999998387042055e+01
0.000000000000000000e+00,0.000000000000000000e+00,1.499999998548337743e+01
0.000000000000000000e+00,0.000000000000000000e+00,1.499999998693504111e+01
0.000000000000000000e+00,0.000000000000000000e+00,1.499999998824153558e+01
0.000000000000000000e+00,0.000000000000000000e+00,1.499999998941738433e+01
0.000000000000000000e+00,0.000000000000000000e+00,1.499999999047564714e+01
0.000000000000000000e+00,0.000000000000000000e+00,1.499999999142808349e+01
0.000000000000000000e+00,0.000000000000000000e+00,1.499999999228527336e+01
0.000000000000000000e+00,0.000000000000000000e+00,1.499999999305674692e+01
0.000000000000000000e+00,0.000000000000000000e+00,1.499999999375107151e+01
0.000000000000000000e+00,0.000000000000000000e+00,1.499999999437596365e+01
0.000000000000000000e+00,0.000000000000000000e+00,1.499999999493836889e+01
0.000000000000000000e+00,0.000000000000000000e+00,1.499999999544453111e+01
0.000000000000000000e+00,0.000000000000000000e+00,1.499999999590007960e+01
0.000000000000000000e+00,0.000000000000000000e+00,1.499999999631007164e+01
0.000000000000000000e+00,0.000000000000000000e+00,1.499999999667906359e+01
0.000000000000000000e+00,0.000000000000000000e+00,1.499999999701115883e+01
0.000000000000000000e+00,0.000000000000000000e+00,1.499999999731004152e+01
0.000000000000000000e+00,0.000000000000000000e+00,1.499999999757903701e+01
0.000000000000000000e+00,0.000000000000000000e+00,1.499999999782113491e+01
0.000000000000000000e+00,0.000000000000000000e+00,1.499999999803902107e+01
0.000000000000000000e+00,0.000000000000000000e+00,1.499999999823511843e+01
0.000000000000000000e+00,0.000000000000000000e+00,1.499999999841160836e+01
0.000000000000000000e+00,0.000000000000000000e+00,1.499999999857044841e+01
0.000000000000000000e+00,0.000000000000000000e+00,1.499999999871340428e+01
0.000000000000000000e+00,0.000000000000000000e+00,1.499999999884206403e+01
0.000000000000000000e+00,0.000000000000000000e+00,1.499999999895785763e+01
0.000000000000000000e+00,0.000000000000000000e+00,1.499999999906207293e+01
0.000000000000000000e+00,0.000000000000000000e+00,1.499999999915586457e+01
0.000000000000000000e+00,0.000000000000000000e+00,1.499999999924027883e+01
0.000000000000000000e+00,0.000000000000000000e+00,1.499999999931625005e+01
0.000000000000000000e+00,0.000000000000000000e+00,1.499999999938462558e+01
0.000000000000000000e+00,0.000000000000000000e+00,1.499999999944616214e+01
0.000000000000000000e+00,0.000000000000000000e+00,1.499999999950154539e+01
0.000000000000000000e+00,0.000000000000000000e+00,1.499999999955139174e+01
0.000000000000000000e+00,0.000000000000000000e+00,1.499999999959625363e+01
0.000000000000000000e+00,0.000000000000000000e+00,1.499999999963662667e+01
0.000000000000000000e+00,0.000000000000000000e+00,1.499999999967296382e+01
0.000000000000000000e+00,0.000000000000000000e+00,1.499999999970566655e+01
0.000000000000000000e+00,0.000000000000000000e+00,1.499999999973510079e+01
0.000000000000000000e+00,0.000000000000000000e+00,1.499999999976159160e+01
0.000000000000000000e+00,0.000000000000000000e+00,1.499999999978543208e+01
0.000000000000000000e+00,0.000000000000000000e+00,1.499999999980688870e+01
0.000000000000000000e+00,0.000000000000000000e+00,1.499999999982620125e+01
0.000000000000000000e+00,0.000000000000000000e+00,1.499999999984357935e+01
0.000000000000000000e+00,0.000000000000000000e+00,1.499999999985922194e+01
0.000000000000000000e+00,0.000000000000000000e+00,1.499999999987329780e+01
0.000000000000000000e+00,0.000000000000000000e+00,1.499999999988597033e+01
0.000000000000000000e+00,0.000000000000000000e+00,1.499999999989737276e+01
0.000000000000000000e+00,0.000000000000000000e+00,1.499999999990763477e+01
0.000000000000000000e+00,0.000000000000000000e+00,1.499999999991687183e+01
0.000000000000000000e+00,0.000000000000000000e+00,1.499999999992518518e+01
0.000000000000000000e+00,0.000000000000000000e+00,1.499999999993266719e+01
0.000000000000000000e+00,0.000000000000000000e+00,1.499999999993939959e+01
0.000000000000000000e+00,0.000000000000000000e+00,1.499999999994545874e+01
0.000000000000000000e+00,0.000000000000000000e+00,1.499999999995091393e+01
0.000000000000000000e+00,0.000000000000000000e+00,1.499999999995582023e+01
0.000000000000000000e+00,0.000000000000000000e+00,1.499999999996023803e+01
0.000000000000000000e+00,0.000000000000000000e+00,1.499999999996421529e+01
0.000000000000000000e+00,0.000000000000000000e+00,1.499999999996779287e+01
0.000000000000000000e+00,0.000000000000000000e+00,1.499999999997101519e+01
0.000000000000000000e+00,0.000000000000000000e+00,1.499999999997391242e+01
0.000000000000000000e+00,0.000000000000000000e+00,1.499999999997652012e+01
0.000000000000000000e+00,0.000000000000000000e+00,1.499999999997886668e+01
0.000000000000000000e+00,0.000000000000000000e+00,1.499999999998097877e+01
0.000000000000000000e+00,0.000000000000000000e+00,1.499999999998288125e+01
0.000000000000000000e+00,0.000000000000000000e+00,1.499999999998459188e+01
0.000000000000000000e+00,0.000000000000000000e+00,1.499999999998613198e+01
0.000000000000000000e+00,0.000000000000000000e+00,1.499999999998751754e+01
0.000000000000000000e+00,0.000000000000000000e+00,1.499999999998876454e+01
0.000000000000000000e+00,0.000000000000000000e+00,1.499999999998988720e+01
0.000000000000000000e+00,0.000000000000000000e+00,1.499999999999089972e+01
0.000000000000000000e+00,0.000000000000000000e+00,1.499999999999180922e+01
0.000000000000000000e+00,0.000000000000000000e+00,1.499999999999262990e+01
0.000000000000000000e+00,0.000000000000000000e+00,1.499999999999336708e+01
0.000000000000000000e+00,0.000000000000000000e+00,1.499999999999403144e+01
0.000000000000000000e+00,0.000000000000000000e+00,1.499999999999463007e+01
0.000000000000000000e+00,0.000000000000000000e+00,1.499999999999516831e+01
0.000000000000000000e+00,0.000000000000000000e+00,1.499999999999565148e+01
0.000000000000000000e+00,0.000000000000000000e+00,1.499999999999608669e+01
0.000000000000000000e+00,0.000000000000000000e+00,1.499999999999647748e+01
0.000000000000000000e+00,0.000000000000000000e+00,1.499999999999683098e+01
0.000000000000000000e+00,0.000000000000000000e+00,1.499999999999714895e+01
0.000000000000000000e+00,0.000000000000000000e+00,1.499999999999743494e+01
0.000000000000000000e+00,0.000000000000000000e+00,1.499999999999769251e+01
0.000000000000000000e+00,0.000000000000000000e+00,1.499999999999792522e+01
0.000000000000000000e+00,0.000000000000000000e+00,1.499999999999813127e+01
0.000000000000000000e+00,0.000000000000000000e+00,1.499999999999831957e+01
0.000000000000000000e+00,0.000000000000000000e+00,1.499999999999848832e+01
0.000000000000000000e+00,0.000000000000000000e+00,1.499999999999864109e+01
0.000000000000000000e+00,0.000000000000000000e+00,1.499999999999877787e+01
0.000000000000000000e+00,0.000000000000000000e+00,1.499999999999889866e+01
0.000000000000000000e+00,0.000000000000000000e+00,1.499999999999901057e+01
0.000000000000000000e+00,0.000000000000000000e+00,1.499999999999910827e+01
0.000000000000000000e+00,0.000000000000000000e+00,1.499999999999919709e+01
0.000000000000000000e+00,0.000000000000000000e+00,1.499999999999927702e+01
0.000000000000000000e+00,0.000000000000000000e+00,1.499999999999934985e+01
0.000000000000000000e+00,0.000000000000000000e+00,1.499999999999941380e+01
0.000000000000000000e+00,0.000000000000000000e+00,1.499999999999947065e+01
0.000000000000000000e+00,0.000000000000000000e+00,1.499999999999952571e+01
0.000000000000000000e+00,0.000000000000000000e+00,1.499999999999957190e+01
0.000000000000000000e+00,0.000000000000000000e+00,1.499999999999961453e+01
0.000000000000000000e+00,0.000000000000000000e+00,1.499999999999965183e+01
0.000000000000000000e+00,0.000000000000000000e+00,1.499999999999968736e+01
0.000000000000000000e+00,0.000000000000000000e+00,1.499999999999971934e+01
0.000000000000000000e+00,0.000000000000000000e+00,1.499999999999974776e+01
0.000000000000000000e+00,0.000000000000000000e+00,1.499999999999977263e+01
0.000000000000000000e+00,0.000000000000000000e+00,1.499999999999979572e+01
0.000000000000000000e+00,0.000000000000000000e+00,1.499999999999981526e+01
0.000000000000000000e+00,0.000000000000000000e+00,1.499999999999983302e+01
0.000000000000000000e+00,0.000000000000000000e+00,1.499999999999984901e+01
0.000000000000000000e+00,0.000000000000000000e+00,1.499999999999986500e+01
0.000000000000000000e+00,0.000000000000000000e+00,1.499999999999987743e+01
0.000000000000000000e+00,0.000000000000000000e+00,1.499999999999988987e+01
0.000000000000000000e+00,0.000000000000000000e+00,1.499999999999990052e+01
0.000000000000000000e+00,0.000000000000000000e+00,1.499999999999990941e+01
0.000000000000000000e+00,0.000000000000000000e+00,1.499999999999992006e+01
0.000000000000000000e+00,0.000000000000000000e+00,1.499999999999992895e+01
0.000000000000000000e+00,0.000000000000000000e+00,1.499999999999993605e+01
0.000000000000000000e+00,0.000000000000000000e+00,1.499999999999994138e+01
0.000000000000000000e+00,0.000000000000000000e+00,1.499999999999994849e+01
0.000000000000000000e+00,0.000000000000000000e+00,1.499999999999995381e+01
0.000000000000000000e+00,0.000000000000000000e+00,1.499999999999995737e+01
0.000000000000000000e+00,0.000000000000000000e+00,1.499999999999996092e+01
0.000000000000000000e+00,0.000000000000000000e+00,1.499999999999996447e+01
0.000000000000000000e+00,0.000000000000000000e+00,1.499999999999996625e+01
0.000000000000000000e+00,0.000000000000000000e+00,1.499999999999996980e+01
0.000000000000000000e+00,0.000000000000000000e+00,1.499999999999997335e+01
0.000000000000000000e+00,0.000000000000000000e+00,1.499999999999997691e+01
0.000000000000000000e+00,0.000000000000000000e+00,1.499999999999998046e+01
0.000000000000000000e+00,0.000000000000000000e+00,1.499999999999998224e+01
0.000000000000000000e+00,0.000000000000000000e+00,1.499999999999998579e+01
0.000000000000000000e+00,0.000000000000000000e+00,1.499999999999998579e+01
0.000000000000000000e+00,0.000000000000000000e+00,1.499999999999998579e+01
0.000000000000000000e+00,0.000000000000000000e+00,1.499999999999998579e+01
0.000000000000000000e+00,0.000000000000000000e+00,1.499999999999998579e+01
0.000000000000000000e+00,0.000000000000000000e+00,1.499999999999998579e+01
0.000000000000000000e+00,0.000000000000000000e+00,1.499999999999998579e+01
0.000000000000000000e+00,0.000000000000000000e+00,1.499999999999998579e+01
0.000000000000000000e+00,0.000000000000000000e+00,1.499999999999998579e+01
0.000000000000000000e+00,0.000000000000000000e+00,1.499999999999998579e+01
0.000000000000000000e+00,0.000000000000000000e+00,1.499999999999998579e+01
0.000000000000000000e+00,0.000000000000000000e+00,1.499999999999998579e+01
0.000000000000000000e+00,0.000000000000000000e+00,1.499999999999998579e+01
0.000000000000000000e+00,0.000000000000000000e+00,1.499999999999998579e+01
0.000000000000000000e+00,0.000000000000000000e+00,1.499999999999998579e+01
0.000000000000000000e+00,0.000000000000000000e+00,1.499999999999998579e+01
0.000000000000000000e+00,0.000000000000000000e+00,1.499999999999998579e+01
0.000000000000000000e+00,0.000000000000000000e+00,1.499999999999998579e+01
0.000000000000000000e+00,0.000000000000000000e+00,1.499999999999998579e+01
0.000000000000000000e+00,0.000000000000000000e+00,1.499999999999998579e+01
0.000000000000000000e+00,0.000000000000000000e+00,1.499999999999998579e+01
0.000000000000000000e+00,0.000000000000000000e+00,1.499999999999998579e+01
0.000000000000000000e+00,0.000000000000000000e+00,1.499999999999998579e+01
0.000000000000000000e+00,0.000000000000000000e+00,1.499999999999998579e+01
0.000000000000000000e+00,0.000000000000000000e+00,1.499999999999998579e+01
0.000000000000000000e+00,0.000000000000000000e+00,1.499999999999998579e+01
0.000000000000000000e+00,0.000000000000000000e+00,1.499999999999998579e+01
0.000000000000000000e+00,0.000000000000000000e+00,1.499999999999998579e+01
0.000000000000000000e+00,0.000000000000000000e+00,1.499999999999998579e+01
0.000000000000000000e+00,0.000000000000000000e+00,1.499999999999998579e+01
0.000000000000000000e+00,0.000000000000000000e+00,1.499999999999998579e+01
0.000000000000000000e+00,0.000000000000000000e+00,1.499999999999998579e+01
0.000000000000000000e+00,0.000000000000000000e+00,1.499999999999998579e+01
0.000000000000000000e+00,0.000000000000000000e+00,1.499999999999998579e+01
0.000000000000000000e+00,0.000000000000000000e+00,1.499999999999998579e+01
0.000000000000000000e+00,0.000000000000000000e+00,1.499999999999998579e+01
0.000000000000000000e+00,0.000000000000000000e+00,1.499999999999998579e+01
0.000000000000000000e+00,0.000000000000000000e+00,1.499999999999998579e+01
0.000000000000000000e+00,0.000000000000000000e+00,1.499999999999998579e+01
0.000000000000000000e+00,0.000000000000000000e+00,1.499999999999998579e+01
0.000000000000000000e+00,0.000000000000000000e+00,1.499999999999998579e+01
0.000000000000000000e+00,0.000000000000000000e+00,1.499999999999998579e+01
0.000000000000000000e+00,0.000000000000000000e+00,1.499999999999998579e+01
0.000000000000000000e+00,0.000000000000000000e+00,1.499999999999998579e+01
0.000000000000000000e+00,0.000000000000000000e+00,1.499999999999998579e+01
0.000000000000000000e+00,0.000000000000000000e+00,1.499999999999998579e+01
0.000000000000000000e+00,0.000000000000000000e+00,1.499999999999998579e+01
0.000000000000000000e+00,0.000000000000000000e+00,1.499999999999998579e+01
0.000000000000000000e+00,0.000000000000000000e+00,1.499999999999998579e+01
0.000000000000000000e+00,0.000000000000000000e+00,1.499999999999998579e+01
0.000000000000000000e+00,0.000000000000000000e+00,1.499999999999998579e+01
0.000000000000000000e+00,0.000000000000000000e+00,1.499999999999998579e+01
0.000000000000000000e+00,0.000000000000000000e+00,1.499999999999998579e+01
0.000000000000000000e+00,0.000000000000000000e+00,1.499999999999998579e+01
0.000000000000000000e+00,0.000000000000000000e+00,1.499999999999998579e+01
0.000000000000000000e+00,0.000000000000000000e+00,1.499999999999998579e+01
0.000000000000000000e+00,0.000000000000000000e+00,1.499999999999998579e+01
0.000000000000000000e+00,0.000000000000000000e+00,1.499999999999998579e+01
0.000000000000000000e+00,0.000000000000000000e+00,1.499999999999998579e+01
0.000000000000000000e+00,0.000000000000000000e+00,1.499999999999998579e+01
0.000000000000000000e+00,0.000000000000000000e+00,1.499999999999998579e+01
0.000000000000000000e+00,0.000000000000000000e+00,1.499999999999998579e+01
0.000000000000000000e+00,0.000000000000000000e+00,1.499999999999998579e+01
0.000000000000000000e+00,0.000000000000000000e+00,1.499999999999998579e+01
0.000000000000000000e+00,0.000000000000000000e+00,1.499999999999998579e+01
0.000000000000000000e+00,0.000000000000000000e+00,1.499999999999998579e+01
0.000000000000000000e+00,0.000000000000000000e+00,1.499999999999998579e+01
0.000000000000000000e+00,0.000000000000000000e+00,1.499999999999998579e+01
0.000000000000000000e+00,0.000000000000000000e+00,1.499999999999998579e+01
0.000000000000000000e+00,0.000000000000000000e+00,1.499999999999998579e+01
0.000000000000000000e+00,0.000000000000000000e+00,1.499999999999998579e+01
0.000000000000000000e+00,0.000000000000000000e+00,1.499999999999998579e+01
0.000000000000000000e+00,0.000000000000000000e+00,1.499999999999998579e+01
0.000000000000000000e+00,0.000000000000000000e+00,1.499999999999998579e+01
0.000000000000000000e+00,0.000000000000000000e+00,1.499999999999998579e+01
0.000000000000000000e+00,0.000000000000000000e+00,1.499999999999998579e+01
0.000000000000000000e+00,0.000000000000000000e+00,1.499999999999998579e+01
0.000000000000000000e+00,0.000000000000000000e+00,1.499999999999998579e+01
0.000000000000000000e+00,0.000000000000000000e+00,1.499999999999998579e+01
0.000000000000000000e+00,0.000000000000000000e+00,1.499999999999998579e+01
0.000000000000000000e+00,0.000000000000000000e+00,1.499999999999998579e+01
0.000000000000000000e+00,0.000000000000000000e+00,1.499999999999998579e+01
0.000000000000000000e+00,0.000000000000000000e+00,1.499999999999998579e+01
0.000000000000000000e+00,0.000000000000000000e+00,1.499999999999998579e+01
0.000000000000000000e+00,0.000000000000000000e+00,1.499999999999998579e+01
0.000000000000000000e+00,0.000000000000000000e+00,1.499999999999998579e+01
0.000000000000000000e+00,0.000000000000000000e+00,1.499999999999998579e+01
0.000000000000000000e+00,0.000000000000000000e+00,1.499999999999998579e+01
0.000000000000000000e+00,0.000000000000000000e+00,1.499999999999998579e+01
0.000000000000000000e+00,0.000000000000000000e+00,1.499999999999998579e+01
0.000000000000000000e+00,0.000000000000000000e+00,1.499999999999998579e+01
0.000000000000000000e+00,0.000000000000000000e+00,1.499999999999998579e+01
0.000000000000000000e+00,0.000000000000000000e+00,1.499999999999998579e+01
0.000000000000000000e+00,0.000000000000000000e+00,1.499999999999998579e+01
0.000000000000000000e+00,0.000000000000000000e+00,1.499999999999998579e+01
0.000000000000000000e+00,0.000000000000000000e+00,1.499999999999998579e+01
0.000000000000000000e+00,0.000000000000000000e+00,1.499999999999998579e+01
0.000000000000000000e+00,0.000000000000000000e+00,1.499999999999998579e+01
0.000000000000000000e+00,0.000000000000000000e+00,1.499999999999998579e+01
0.000000000000000000e+00,0.000000000000000000e+00,1.499999999999998579e+01
0.000000000000000000e+00,0.000000000000000000e+00,1.499999999999998579e+01
0.000000000000000000e+00,0.000000000000000000e+00,1.499999999999998579e+01
0.000000000000000000e+00,0.000000000000000000e+00,1.499999999999998579e+01
0.000000000000000000e+00,0.000000000000000000e+00,1.499999999999998579e+01
0.000000000000000000e+00,0.000000000000000000e+00,1.499999999999998579e+01
0.000000000000000000e+00,0.000000000000000000e+00,1.499999999999998579e+01
0.000000000000000000e+00,0.000000000000000000e+00,1.499999999999998579e+01
0.000000000000000000e+00,0.000000000000000000e+00,1.499999999999998579e+01
0.000000000000000000e+00,0.000000000000000000e+00,1.499999999999998579e+01
0.000000000000000000e+00,0.000000000000000000e+00,1.499999999999998579e+01
0.000000000000000000e+00,0.000000000000000000e+00,1.499999999999998579e+01
0.000000000000000000e+00,0.000000000000000000e+00,1.499999999999998579e+01
0.000000000000000000e+00,0.000000000000000000e+00,1.499999999999998579e+01
0.000000000000000000e+00,0.000000000000000000e+00,1.499999999999998579e+01
0.000000000000000000e+00,0.000000000000000000e+00,1.499999999999998579e+01
0.000000000000000000e+00,0.000000000000000000e+00,1.499999999999998579e+01
0.000000000000000000e+00,0.000000000000000000e+00,1.499999999999998579e+01
0.000000000000000000e+00,0.000000000000000000e+00,1.499999999999998579e+01
0.000000000000000000e+00,0.000000000000000000e+00,1.499999999999998579e+01
0.000000000000000000e+00,0.000000000000000000e+00,1.499999999999998579e+01
0.000000000000000000e+00,0.000000000000000000e+00,1.499999999999998579e+01
0.000000000000000000e+00,0.000000000000000000e+00,1.499999999999998579e+01
0.000000000000000000e+00,0.000000000000000000e+00,1.499999999999998579e+01
0.000000000000000000e+00,0.000000000000000000e+00,1.499999999999998579e+01
0.000000000000000000e+00,0.000000000000000000e+00,1.499999999999998579e+01
0.000000000000000000e+00,0.000000000000000000e+00,1.499999999999998579e+01
0.000000000000000000e+00,0.000000000000000000e+00,1.499999999999998579e+01
0.000000000000000000e+00,0.000000000000000000e+00,1.499999999999998579e+01
0.000000000000000000e+00,0.000000000000000000e+00,1.499999999999998579e+01
0.000000000000000000e+00,0.000000000000000000e+00,1.499999999999998579e+01
0.000000000000000000e+00,0.000000000000000000e+00,1.499999999999998579e+01
0.000000000000000000e+00,0.000000000000000000e+00,1.499999999999998579e+01
0.000000000000000000e+00,0.000000000000000000e+00,1.499999999999998579e+01
0.000000000000000000e+00,0.000000000000000000e+00,1.499999999999998579e+01
0.000000000000000000e+00,0.000000000000000000e+00,1.499999999999998579e+01
0.000000000000000000e+00,0.000000000000000000e+00,1.499999999999998579e+01
0.000000000000000000e+00,0.000000000000000000e+00,1.499999999999998579e+01
0.000000000000000000e+00,0.000000000000000000e+00,1.499999999999998579e+01
0.000000000000000000e+00,0.000000000000000000e+00,1.499999999999998579e+01
0.000000000000000000e+00,0.000000000000000000e+00,1.499999999999998579e+01
0.000000000000000000e+00,0.000000000000000000e+00,1.499999999999998579e+01
0.000000000000000000e+00,0.000000000000000000e+00,1.499999999999998579e+01
0.000000000000000000e+00,0.000000000000000000e+00,1.499999999999998579e+01
0.000000000000000000e+00,0.000000000000000000e+00,1.499999999999998579e+01
0.000000000000000000e+00,0.000000000000000000e+00,1.499999999999998579e+01
0.000000000000000000e+00,0.000000000000000000e+00,1.499999999999998579e+01
0.000000000000000000e+00,0.000000000000000000e+00,1.499999999999998579e+01
0.000000000000000000e+00,0.000000000000000000e+00,1.499999999999998579e+01
0.000000000000000000e+00,0.000000000000000000e+00,1.499999999999998579e+01
0.000000000000000000e+00,0.000000000000000000e+00,1.499999999999998579e+01
0.000000000000000000e+00,0.000000000000000000e+00,1.499999999999998579e+01
0.000000000000000000e+00,0.000000000000000000e+00,1.499999999999998579e+01
0.000000000000000000e+00,0.000000000000000000e+00,1.499999999999998579e+01
0.000000000000000000e+00,0.000000000000000000e+00,1.499999999999998579e+01
0.000000000000000000e+00,0.000000000000000000e+00,1.499999999999998579e+01
0.000000000000000000e+00,0.000000000000000000e+00,1.499999999999998579e+01
0.000000000000000000e+00,0.000000000000000000e+00,1.499999999999998579e+01
0.000000000000000000e+00,0.000000000000000000e+00,1.499999999999998579e+01
0.000000000000000000e+00,0.000000000000000000e+00,1.499999999999998579e+01
0.000000000000000000e+00,0.000000000000000000e+00,1.499999999999998579e+01
0.000000000000000000e+00,0.000000000000000000e+00,1.499999999999998579e+01
0.000000000000000000e+00,0.000000000000000000e+00,1.499999999999998579e+01
0.000000000000000000e+00,0.000000000000000000e+00,1.499999999999998579e+01
0.000000000000000000e+00,0.000000000000000000e+00,1.499999999999998579e+01
0.000000000000000000e+00,0.000000000000000000e+00,1.499999999999998579e+01
0.000000000000000000e+00,0.000000000000000000e+00,1.499999999999998579e+01
0.000000000000000000e+00,0.000000000000000000e+00,1.499999999999998579e+01
0.000000000000000000e+00,0.000000000000000000e+00,1.499999999999998579e+01
0.000000000000000000e+00,0.000000000000000000e+00,1.499999999999998579e+01
0.000000000000000000e+00,0.000000000000000000e+00,1.499999999999998579e+01
0.000000000000000000e+00,0.000000000000000000e+00,1.499999999999998579e+01
0.000000000000000000e+00,0.000000000000000000e+00,1.499999999999998579e+01
0.000000000000000000e+00,0.000000000000000000e+00,1.499999999999998579e+01
0.000000000000000000e+00,0.000000000000000000e+00,1.499999999999998579e+01
0.000000000000000000e+00,0.000000000000000000e+00,1.499999999999998579e+01
0.000000000000000000e+00,0.000000000000000000e+00,1.499999999999998579e+01
0.000000000000000000e+00,0.000000000000000000e+00,1.499999999999998579e+01
0.000000000000000000e+00,0.000000000000000000e+00,1.499999999999998579e+01
0.000000000000000000e+00,0.000000000000000000e+00,1.499999999999998579e+01
0.000000000000000000e+00,0.000000000000000000e+00,1.499999999999998579e+01
0.000000000000000000e+00,0.000000000000000000e+00,1.499999999999998579e+01
0.000000000000000000e+00,0.000000000000000000e+00,1.499999999999998579e+01
0.000000000000000000e+00,0.000000000000000000e+00,1.499999999999998579e+01
0.000000000000000000e+00,0.000000000000000000e+00,1.499999999999998579e+01
0.000000000000000000e+00,0.000000000000000000e+00,1.499999999999998579e+01
0.000000000000000000e+00,0.000000000000000000e+00,1.499999999999998579e+01
0.000000000000000000e+00,0.000000000000000000e+00,1.499999999999998579e+01
0.000000000000000000e+00,0.000000000000000000e+00,1.499999999999998579e+01
0.000000000000000000e+00,0.000000000000000000e+00,1.499999999999998579e+01
0.000000000000000000e+00,0.000000000000000000e+00,1.499999999999998579e+01
0.000000000000000000e+00,0.000000000000000000e+00,1.499999999999998579e+01
0.000000000000000000e+00,0.000000000000000000e+00,1.499999999999998579e+01
0.000000000000000000e+00,0.000000000000000000e+00,1.499999999999998579e+01
0.000000000000000000e+00,0.000000000000000000e+00,1.499999999999998579e+01
0.000000000000000000e+00,0.000000000000000000e+00,1.499999999999998579e+01
0.000000000000000000e+00,0.000000000000000000e+00,1.499999999999998579e+01
0.000000000000000000e+00,0.000000000000000000e+00,1.499999999999998579e+01
0.000000000000000000e+00,0.000000000000000000e+00,1.499999999999998579e+01
0.000000000000000000e+00,0.000000000000000000e+00,1.499999999999998579e+01
0.000000000000000000e+00,0.000000000000000000e+00,1.499999999999998579e+01
0.000000000000000000e+00,0.000000000000000000e+00,1.499999999999998579e+01
0.000000000000000000e+00,0.000000000000000000e+00,1.499999999999998579e+01
0.000000000000000000e+00,0.000000000000000000e+00,1.499999999999998579e+01
0.000000000000000000e+00,0.000000000000000000e+00,1.499999999999998579e+01
0.000000000000000000e+00,0.000000000000000000e+00,1.499999999999998579e+01
0.000000000000000000e+00,0.000000000000000000e+00,1.499999999999998579e+01
0.000000000000000000e+00,0.000000000000000000e+00,1.499999999999998579e+01
0.000000000000000000e+00,0.000000000000000000e+00,1.499999999999998579e+01
0.000000000000000000e+00,0.000000000000000000e+00,1.499999999999998579e+01
0.000000000000000000e+00,0.000000000000000000e+00,1.499999999999998579e+01
0.000000000000000000e+00,0.000000000000000000e+00,1.499999999999998579e+01
0.000000000000000000e+00,0.000000000000000000e+00,1.499999999999998579e+01
0.000000000000000000e+00,0.000000000000000000e+00,1.499999999999998579e+01
0.000000000000000000e+00,0.000000000000000000e+00,1.499999999999998579e+01
0.000000000000000000e+00,0.000000000000000000e+00,1.499999999999998579e+01
0.000000000000000000e+00,0.000000000000000000e+00,1.499999999999998579e+01
0.000000000000000000e+00,0.000000000000000000e+00,1.499999999999998579e+01
0.000000000000000000e+00,0.000000000000000000e+00,1.499999999999998579e+01
0.000000000000000000e+00,0.000000000000000000e+00,1.499999999999998579e+01
0.000000000000000000e+00,0.000000000000000000e+00,1.499999999999998579e+01
0.000000000000000000e+00,0.000000000000000000e+00,1.499999999999998579e+01
0.000000000000000000e+00,0.000000000000000000e+00,1.499999999999998579e+01
0.000000000000000000e+00,0.000000000000000000e+00,1.499999999999998579e+01
0.000000000000000000e+00,0.000000000000000000e+00,1.499999999999998579e+01
0.000000000000000000e+00,0.000000000000000000e+00,1.499999999999998579e+01
0.000000000000000000e+00,0.000000000000000000e+00,1.499999999999998579e+01
0.000000000000000000e+00,0.000000000000000000e+00,1.499999999999998579e+01
0.000000000000000000e+00,0.000000000000000000e+00,1.499999999999998579e+01
0.000000000000000000e+00,0.000000000000000000e+00,1.499999999999998579e+01
0.000000000000000000e+00,0.000000000000000000e+00,1.499999999999998579e+01
0.000000000000000000e+00,0.000000000000000000e+00,1.499999999999998579e+01
0.000000000000000000e+00,0.000000000000000000e+00,1.499999999999998579e+01
0.000000000000000000e+00,0.000000000000000000e+00,1.499999999999998579e+01
0.000000000000000000e+00,0.000000000000000000e+00,1.499999999999998579e+01
0.000000000000000000e+00,0.000000000000000000e+00,1.499999999999998579e+01
0.000000000000000000e+00,0.000000000000000000e+00,1.499999999999998579e+01
0.000000000000000000e+00,0.000000000000000000e+00,1.499999999999998579e+01
0.000000000000000000e+00,0.000000000000000000e+00,1.499999999999998579e+01
0.000000000000000000e+00,0.000000000000000000e+00,1.499999999999998579e+01
0.000000000000000000e+00,0.000000000000000000e+00,1.499999999999998579e+01
0.000000000000000000e+00,0.000000000000000000e+00,1.499999999999998579e+01
0.000000000000000000e+00,0.000000000000000000e+00,1.499999999999998579e+01
0.000000000000000000e+00,0.000000000000000000e+00,1.499999999999998579e+01
0.000000000000000000e+00,0.000000000000000000e+00,1.499999999999998579e+01
0.000000000000000000e+00,0.000000000000000000e+00,1.499999999999998579e+01
0.000000000000000000e+00,0.000000000000000000e+00,1.499999999999998579e+01
0.000000000000000000e+00,0.000000000000000000e+00,1.499999999999998579e+01
0.000000000000000000e+00,0.000000000000000000e+00,1.499999999999998579e+01
0.000000000000000000e+00,0.000000000000000000e+00,1.499999999999998579e+01
0.000000000000000000e+00,0.000000000000000000e+00,1.499999999999998579e+01
0.000000000000000000e+00,0.000000000000000000e+00,1.499999999999998579e+01
0.000000000000000000e+00,0.000000000000000000e+00,1.499999999999998579e+01
0.000000000000000000e+00,0.000000000000000000e+00,1.499999999999998579e+01
0.000000000000000000e+00,0.000000000000000000e+00,1.499999999999998579e+01
0.000000000000000000e+00,0.000000000000000000e+00,1.499999999999998579e+01
0.000000000000000000e+00,0.000000000000000000e+00,1.499999999999998579e+01
0.000000000000000000e+00,0.000000000000000000e+00,1.499999999999998579e+01
0.000000000000000000e+00,0.000000000000000000e+00,1.499999999999998579e+01
0.000000000000000000e+00,0.000000000000000000e+00,1.499999999999998579e+01
0.000000000000000000e+00,0.000000000000000000e+00,1.499999999999998579e+01
0.000000000000000000e+00,0.000000000000000000e+00,1.499999999999998579e+01
0.000000000000000000e+00,0.000000000000000000e+00,1.499999999999998579e+01
0.000000000000000000e+00,0.000000000000000000e+00,1.499999999999998579e+01
0.000000000000000000e+00,0.000000000000000000e+00,1.499999999999998579e+01
0.000000000000000000e+00,0.000000000000000000e+00,1.499999999999998579e+01
0.000000000000000000e+00,0.000000000000000000e+00,1.499999999999998579e+01
0.000000000000000000e+00,0.000000000000000000e+00,1.499999999999998579e+01
0.000000000000000000e+00,0.000000000000000000e+00,1.499999999999998579e+01
0.000000000000000000e+00,0.000000000000000000e+00,1.499999999999998579e+01
0.000000000000000000e+00,0.000000000000000000e+00,1.499999999999998579e+01
0.000000000000000000e+00,0.000000000000000000e+00,1.499999999999998579e+01
0.000000000000000000e+00,0.000000000000000000e+00,1.499999999999998579e+01
0.000000000000000000e+00,0.000000000000000000e+00,1.499999999999998579e+01
0.000000000000000000e+00,0.000000000000000000e+00,1.499999999999998579e+01
0.000000000000000000e+00,0.000000000000000000e+00,1.349999999999998757e+01
0.000000000000000000e+00,0.000000000000000000e+00,1.214999999999998792e+01
0.000000000000000000e+00,0.000000000000000000e+00,1.093499999999998984e+01
0.000000000000000000e+00,0.000000000000000000e+00,9.841499999999989257e+00
0.000000000000000000e+00,0.000000000000000000e+00,8.857349999999991397e+00
0.000000000000000000e+00,0.000000000000000000e+00,7.971614999999992790e+00
0.000000000000000000e+00,0.000000000000000000e+00,7.174453499999994932e+00
0.000000000000000000e+00,0.000000000000000000e+00,6.457008149999995616e+00
0.000000000000000000e+00,0.000000000000000000e+00,5.811307334999995966e+00
0.000000000000000000e+00,0.000000000000000000e+00,5.230176601499997524e+00
0.000000000000000000e+00,0.000000000000000000e+00,4.707158941349997683e+00
0.000000000000000000e+00,0.000000000000000000e+00,4.236443047214998536e+00
0.000000000000000000e+00,0.000000000000000000e+00,3.812798742493498594e+00
0.000000000000000000e+00,0.000000000000000000e+00,3.431518868244148646e+00
0.000000000000000000e+00,0.000000000000000000e+00,3.088366981419733648e+00
0.000000000000000000e+00,0.000000000000000000e+00,2.779530283277760638e+00
0.000000000000000000e+00,0.000000000000000000e+00,2.501577254949984397e+00
0.000000000000000000e+00,0.000000000000000000e+00,2.251419529454985913e+00
0.000000000000000000e+00,0.000000000000000000e+00,2.026277576509487588e+00
0.000000000000000000e+00,0.000000000000000000e+00,1.823649818858538829e+00
0.000000000000000000e+00,0.000000000000000000e+00,1.641284836972684902e+00
0.000000000000000000e+00,0.000000000000000000e+00,1.477156353275416389e+00
0.000000000000000000e+00,0.000000000000000000e+00,1.329440717947874662e+00
0.000000000000000000e+00,0.000000000000000000e+00,1.196496646153087262e+00
0.000000000000000000e+00,0.000000000000000000e+00,1.076846981537778580e+00
0.000000000000000000e+00,0.000000000000000000e+00,9.691622833840007889e-01
0.000000000000000000e+00,0.000000000000000000e+00,8.722460550456008210e-01
0.000000000000000000e+00,0.000000000000000000e+00,7.850214495410408055e-01
0.000000000000000000e+00,0.000000000000000000e+00,7.065193045869366806e-01
0.000000000000000000e+00,0.000000000000000000e+00,6.358673741282430125e-01
0.000000000000000000e+00,0.000000000000000000e+00,5.722806367154186225e-01
0.000000000000000000e+00,0.000000000000000000e+00,5.150525730438767491e-01
0.000000000000000000e+00,0.000000000000000000e+00,4.635473157394890964e-01
0.000000000000000000e+00,0.000000000000000000e+00,4.171925841655402256e-01
0.000000000000000000e+00,0.000000000000000000e+00,3.754733257489861753e-01
0.000000000000000000e+00,0.000000000000000000e+00,3.379259931740875578e-01
0.000000000000000000e+00,0.000000000000000000e+00,3.041333938566788131e-01
0.000000000000000000e+00,0.000000000000000000e+00,2.737200544710108874e-01
0.000000000000000000e+00,0.000000000000000000e+00,2.463480490239098597e-01
0.000000000000000000e+00,0.000000000000000000e+00,2.217132441215188821e-01
0.000000000000000000e+00,0.000000000000000000e+00,1.995419197093669939e-01
0.000000000000000000e+00,0.000000000000000000e+00,1.795877277384302917e-01
0.000000000000000000e+00,0.000000000000000000e+00,1.616289549645872625e-01
0.000000000000000000e+00,0.000000000000000000e+00,1.454660594681285168e-01
0.000000000000000000e+00,0.000000000000000000e+00,1.309194535213156763e-01
0.000000000000000000e+00,0.000000000000000000e+00,1.178275081691841364e-01
0.000000000000000000e+00,0.000000000000000000e+00,1.060447573522657200e-01
0.000000000000000000e+00,0.000000000000000000e+00,9.544028161703914381e-02
0.000000000000000000e+00,0.000000000000000000e+00,8.589625345533523360e-02
0.000000000000000000e+00,0.000000000000000000e+00,7.730662810980171162e-02
0.000000000000000000e+00,0.000000000000000000e+00,6.957596529882154046e-02
0.000000000000000000e+00,0.000000000000000000e+00,6.261836876893939197e-02
0.000000000000000000e+00,0.000000000000000000e+00,5.635653189204544583e-02
0.000000000000000000e+00,0.000000000000000000e+00,5.072087870284090749e-02
0.000000000000000000e+00,0.000000000000000000e+00,4.564879083255681674e-02
0.000000000000000000e+00,0.000000000000000000e+00,4.108391174930113576e-02
0.000000000000000000e+00,0.000000000000000000e+00,3.697552057437102080e-02
0.000000000000000000e+00,0.000000000000000000e+00,3.327796851693392427e-02
0.000000000000000000e+00,0.000000000000000000e+00,2.995017166524053392e-02
0.000000000000000000e+00,0.000000000000000000e+00,2.695515449871647984e-02
0.000000000000000000e+00,0.000000000000000000e+00,2.425963904884483394e-02
0.000000000000000000e+00,0.000000000000000000e+00,2.183367514396035089e-02
0.000000000000000000e+00,0.000000000000000000e+00,1.965030762956431615e-02
0.000000000000000000e+00,0.000000000000000000e+00,1.768527686660788592e-02
0.000000000000000000e+00,0.000000000000000000e+00,1.591674917994709629e-02
0.000000000000000000e+00,0.000000000000000000e+00,1.432507426195238701e-02
0.000000000000000000e+00,0.000000000000000000e+00,1.289256683575714692e-02
0.000000000000000000e+00,0.000000000000000000e+00,1.160331015218143275e-02
0.000000000000000000e+00,0.000000000000000000e+00,1.044297913696329121e-02
0.000000000000000000e+00,0.000000000000000000e+00,9.398681223266961218e-03
0.000000000000000000e+00,0.000000000000000000e+00,8.458813100940265617e-03
0.000000000000000000e+00,0.000000000000000000e+00,7.612931790846238188e-03
0.000000000000000000e+00,0.000000000000000000e+00,6.851638611761614629e-03
0.000000000000000000e+00,0.000000000000000000e+00,6.166474750585453080e-03
0.000000000000000000e+00,0.000000000000000000e+00,5.549827275526908812e-03
0.000000000000000000e+00,0.000000000000000000e+00,4.994844547974217237e-03
0.000000000000000000e+00,0.000000000000000000e+00,4.495360093176795600e-03
0.000000000000000000e+00,0.000000000000000000e+00,4.045824083859116647e-03
0.000000000000000000e+00,0.000000000000000000e+00,3.641241675473205503e-03
0.000000000000000000e+00,0.000000000000000000e+00,3.277117507925884909e-03
0.000000000000000000e+00,0.000000000000000000e+00,2.949405757133296158e-03
0.000000000000000000e+00,0.000000000000000000e+00,2.654465181419966673e-03
0.000000000000000000e+00,0.000000000000000000e+00,2.389018663277970005e-03
0.000000000000000000e+00,0.000000000000000000e+00,2.150116796950173048e-03
0.000000000000000000e+00,0.000000000000000000e+00,1.935105117255156004e-03
0.000000000000000000e+00,0.000000000000000000e+00,1.741594605529640273e-03
0.000000000000000000e+00,0.000000000000000000e+00,1.567435144976676333e-03
0.000000000000000000e+00,0.000000000000000000e+00,1.410691630479008786e-03
0.000000000000000000e+00,0.000000000000000000e+00,1.269622467431107907e-03
0.000000000000000000e+00,0.000000000000000000e+00,1.142660220687996943e-03
0.000000000000000000e+00,0.000000000000000000e+00,1.028394198619197444e-03
0.000000000000000000e+00,0.000000000000000000e+00,9.255547787572777213e-04
0.000000000000000000e+00,0.000000000000000000e+00,8.329993008815498841e-04
0.000000000000000000e+00,0.000000000000000000e+00,7.496993707933949499e-04
0.000000000000000000e+00,0.000000000000000000e+00,6.747294337140554441e-04
0.000000000000000000e+00,0.000000000000000000e+00,6.072564903426498671e-04
0.000000000000000000e+00,0.000000000000000000e+00,5.465308413083848696e-04
0.000000000000000000e+00,0.000000000000000000e+00,4.918777571775465127e-04
0.000000000000000000e+00,0.000000000000000000e+00,4.426899814597918181e-04
0.000000000000000000e+00,0.000000000000000000e+00,3.984209833138126146e-04
0.000000000000000000e+00,0.000000000000000000e+00,3.585788849824313802e-04
0.000000000000000000e+00,0.000000000000000000e+00,3.227209964841882151e-04
0.000000000000000000e+00,0.000000000000000000e+00,2.904488968357693936e-04
0.000000000000000000e+00,0.000000000000000000e+00,2.614040071521924868e-04
0.000000000000000000e+00,0.000000000000000000e+00,2.352636064369732435e-04
0.000000000000000000e+00,0.000000000000000000e+00,2.117372457932759327e-04
0.000000000000000000e+00,0.000000000000000000e+00,1.905635212139483422e-04
0.000000000000000000e+00,0.000000000000000000e+00,1.715071690925535134e-04
0.000000000000000000e+00,0.000000000000000000e+00,1.543564521832981810e-04
0.000000000000000000e+00,0.000000000000000000e+00,1.389208069649683493e-04
0.000000000000000000e+00,0.000000000000000000e+00,1.250287262684715334e-04
0.000000000000000000e+00,0.000000000000000000e+00,1.125258536416243855e-04
0.000000000000000000e+00,0.000000000000000000e+00,1.012732682774619361e-04
0.000000000000000000e+00,0.000000000000000000e+00,9.114594144971574789e-05
0.000000000000000000e+00,0.000000000000000000e+00,8.203134730474416904e-05
0.000000000000000000e+00,0.000000000000000000e+00,7.382821257426976297e-05
0.000000000000000000e+00,0.000000000000000000e+00,6.644539131684278532e-05
0.000000000000000000e+00,0.000000000000000000e+00,5.980085218515850272e-05
0.000000000000000000e+00,0.000000000000000000e+00,5.382076696664265787e-05
0.000000000000000000e+00,0.000000000000000000e+00,4.843869026997838938e-05
0.000000000000000000e+00,0.000000000000000000e+00,4.359482124298055789e-05
0.000000000000000000e+00,0.000000000000000000e+00,3.923533911868249600e-05
0.000000000000000000e+00,0.000000000000000000e+00,3.531180520681425115e-05
0.000000000000000000e+00,0.000000000000000000e+00,3.178062468613282942e-05
0.000000000000000000e+00,0.000000000000000000e+00,2.860256221751955054e-05
0.000000000000000000e+00,0.000000000000000000e+00,2.574230599576759549e-05
0.000000000000000000e+00,0.000000000000000000e+00,2.316807539619083594e-05
0.000000000000000000e+00,0.000000000000000000e+00,2.085126785657175573e-05
0.000000000000000000e+00,0.000000000000000000e+00,1.876614107091457948e-05
0.000000000000000000e+00,0.000000000000000000e+00,1.688952696382311984e-05
0.000000000000000000e+00,0.000000000000000000e+00,1.520057426744081091e-05
0.000000000000000000e+00,0.000000000000000000e+00,1.368051684069673015e-05
0.000000000000000000e+00,0.000000000000000000e+00,1.231246515662705816e-05
0.000000000000000000e+00,0.000000000000000000e+00,1.108121864096435353e-05
0.000000000000000000e+00,0.000000000000000000e+00,9.973096776867919528e-06
0.000000000000000000e+00,0.000000000000000000e+00,8.975787099181128253e-06
0.000000000000000000e+00,0.000000000000000000e+00,8.078208389263013734e-06
0.000000000000000000e+00,0.000000000000000000e+00,7.270387550336713207e-06
0.000000000000000000e+00,0.000000000000000000e+00,6.543348795303041887e-06
0.000000000000000000e+00,0.000000000000000000e+00,5.889013915772737613e-06
0.000000000000000000e+00,0.000000000000000000e+00,5.300112524195464276e-06
0.000000000000000000e+00,0.000000000000000000e+00,4.770101271775918102e-06
0.000000000000000000e+00,0.000000000000000000e+00,4.293091144598326800e-06
0.000000000000000000e+00,0.000000000000000000e+00,3.863782030138494544e-06
0.000000000000000000e+00,0.000000000000000000e+00,3.477403827124644666e-06
0.000000000000000000e+00,0.000000000000000000e+00,3.129663444412180453e-06
0.000000000000000000e+00,0.000000000000000000e+00,2.816697099970962577e-06
0.000000000000000000e+00,0.000000000000000000e+00,2.535027389973865981e-06
0.000000000000000000e+00,0.000000000000000000e+00,2.281524650976479849e-06
0.000000000000000000e+00,0.000000000000000000e+00,2.053372185878831737e-06
0.000000000000000000e+00,0.000000000000000000e+00,1.848034967290948648e-06
0.000000000000000000e+00,0.000000000000000000e+00,1.663231470561853931e-06
0.000000000000000000e+00,0.000000000000000000e+00,1.496908323505668538e-06
0.000000000000000000e+00,0.000000000000000000e+00,1.347217491155101705e-06
0.000000000000000000e+00,0.000000000000000000e+00,1.212495742039591641e-06
0.000000000000000000e+00,0.000000000000000000e+00,1.091246167835632625e-06
0.000000000000000000e+00,0.000000000000000000e+00,9.821215510520694683e-07
0.000000000000000000e+00,0.000000000000000000e+00,8.839093959468625638e-07
0.000000000000000000e+00,0.000000000000000000e+00,7.955184563521762651e-07
0.000000000000000000e+00,0.000000000000000000e+00,7.159666107169586598e-07
0.000000000000000000e+00,0.000000000000000000e+00,6.443699496452628891e-07
0.000000000000000000e+00,0.000000000000000000e+00,5.799329546807365049e-07
0.000000000000000000e+00,0.000000000000000000e+00,5.219396592126628756e-07
0.000000000000000000e+00,0.000000000000000000e+00,4.697456932913966727e-07
0.000000000000000000e+00,0.000000000000000000e+00,4.227711239622570266e-07
0.000000000000000000e+00,0.000000000000000000e+00,3.804940115660313345e-07
0.000000000000000000e+00,0.000000000000000000e+00,3.424446104094282329e-07
0.000000000000000000e+00,0.000000000000000000e+00,3.082001493684854096e-07
0.000000000000000000e+00,0.000000000000000000e+00,2.773801344316368951e-07
0.000000000000000000e+00,0.000000000000000000e+00,2.496421209884731738e-07
0.000000000000000000e+00,0.000000000000000000e+00,2.246779088896258723e-07
0.000000000000000000e+00,0.000000000000000000e+00,2.022101180006632665e-07
0.000000000000000000e+00,0.000000000000000000e+00,1.819891062005969531e-07
0.000000000000000000e+00,0.000000000000000000e+00,1.637901955805372499e-07
0.000000000000000000e+00,0.000000000000000000e+00,1.474111760224835355e-07
0.000000000000000000e+00,0.000000000000000000e+00,1.326700584202351819e-07
0.000000000000000000e+00,0.000000000000000000e+00,1.194030525782116664e-07
0.000000000000000000e+00,0.000000000000000000e+00,1.074627473203904997e-07
0.000000000000000000e+00,0.000000000000000000e+00,9.671647258835146300e-08
0.000000000000000000e+00,0.000000000000000000e+00,8.704482532951631406e-08
0.000000000000000000e+00,0.000000000000000000e+00,7.834034279656468133e-08
0.000000000000000000e+00,0.000000000000000000e+00,7.050630851690821055e-08
0.000000000000000000e+00,0.000000000000000000e+00,6.345567766521739346e-08
0.000000000000000000e+00,0.000000000000000000e+00,5.711010989869565544e-08
0.000000000000000000e+00,0.000000000000000000e+00,5.139909890882608593e-08
0.000000000000000000e+00,0.000000000000000000e+00,4.625918901794348130e-08
0.000000000000000000e+00,0.000000000000000000e+00,4.163327011614913450e-08
0.000000000000000000e+00,0.000000000000000000e+00,3.746994310453422436e-08
0.000000000000000000e+00,0.000000000000000000e+00,3.372294879408080192e-08
0.000000000000000000e+00,0.000000000000000000e+00,3.035065391467272702e-08
0.000000000000000000e+00,0.000000000000000000e+00,2.731558852320545432e-08
0.000000000000000000e+00,0.000000000000000000e+00,2.458402967088491154e-08
0.000000000000000000e+00,0.000000000000000000e+00,2.212562670379641906e-08
0.000000000000000000e+00,0.000000000000000000e+00,1.991306403341677814e-08
0.000000000000000000e+00,0.000000000000000000e+00,1.792175763007509801e-08
0.000000000000000000e+00,0.000000000000000000e+00,1.612958186706759086e-08
0.000000000000000000e+00,0.000000000000000000e+00,1.451662368036083244e-08
0.000000000000000000e+00,0.000000000000000000e+00,1.306496131232474870e-08
0.000000000000000000e+00,0.000000000000000000e+00,1.175846518109227366e-08
0.000000000000000000e+00,0.000000000000000000e+00,1.058261866298304762e-08
0.000000000000000000e+00,0.000000000000000000e+00,9.524356796684743849e-09
0.000000000000000000e+00,0.000000000000000000e+00,8.571921117016268471e-09
0.000000000000000000e+00,0.000000000000000000e+00,7.714729005314643279e-09
0.000000000000000000e+00,0.000000000000000000e+00,6.943256104783178785e-09
0.000000000000000000e+00,0.000000000000000000e+00,6.248930494304861072e-09
0.000000000000000000e+00,0.000000000000000000e+00,5.624037444874374469e-09
0.000000000000000000e+00,0.000000000000000000e+00,5.061633700386937684e-09
0.000000000000000000e+00,0.000000000000000000e+00,4.555470330348243667e-09
0.000000000000000000e+00,0.000000000000000000e+00,4.099923297313418970e-09
0.000000000000000000e+00,0.000000000000000000e+00,3.689930967582077321e-09
0.000000000000000000e+00,0.000000000000000000e+00,3.320937870823869547e-09
0.000000000000000000e+00,0.000000000000000000e+00,2.988844083741482841e-09
0.000000000000000000e+00,0.000000000000000000e+00,2.689959675367334350e-09
0.000000000000000000e+00,0.000000000000000000e+00,2.420963707830601039e-09
0.000000000000000000e+00,0.000000000000000000e+00,2.178867337047541018e-09
0.000000000000000000e+00,0.000000000000000000e+00,1.960980603342786751e-09
0.000000000000000000e+00,0.000000000000000000e+00,1.764882543008508365e-09
0.000000000000000000e+00,0.000000000000000000e+00,1.588394288707657487e-09
0.000000000000000000e+00,0.000000000000000000e+00,1.429554859836891594e-09
0.000000000000000000e+00,0.000000000000000000e+00,1.286599373853202476e-09
0.000000000000000000e+00,0.000000000000000000e+00,1.157939436467882352e-09
0.000000000000000000e+00,0.000000000000000000e+00,1.042145492821094241e-09
0.000000000000000000e+00,0.000000000000000000e+00,9.379309435389848583e-10
0.000000000000000000e+00,0.000000000000000000e+00,8.441378491850863518e-10
0.000000000000000000e+00,0.000000000000000000e+00,7.597240642665776752e-10
0.000000000000000000e+00,0.000000000000000000e+00,6.837516578399199801e-10
0.000000000000000000e+00,0.000000000000000000e+00,6.153764920559280234e-10
0.000000000000000000e+00,0.000000000000000000e+00,5.538388428503352728e-10
0.000000000000000000e+00,0.000000000000000000e+00,4.984549585653016938e-10
0.000000000000000000e+00,0.000000000000000000e+00,4.486094627087715451e-10
0.000000000000000000e+00,0.000000000000000000e+00,4.037485164378943958e-10
0.000000000000000000e+00,0.000000000000000000e+00,3.633736647941049717e-10
0.000000000000000000e+00,0.000000000000000000e+00,3.270362983146944642e-10
0.000000000000000000e+00,0.000000000000000000e+00,2.943326684832250281e-10
0.000000000000000000e+00,0.000000000000000000e+00,2.648994016349025253e-10
0.000000000000000000e+00,0.000000000000000000e+00,2.384094614714122728e-10
0.000000000000000000e+00,0.000000000000000000e+00,2.145685153242710507e-10
0.000000000000000000e+00,0.000000000000000000e+00,1.931116637918439508e-10
0.000000000000000000e+00,0.000000000000000000e+00,1.738004974126595531e-10
0.000000000000000000e+00,0.000000000000000000e+00,1.564204476713935978e-10
0.000000000000000000e+00,0.000000000000000000e+00,1.407784029042542509e-10
0.000000000000000000e+00,0.000000000000000000e+00,1.267005626138288000e-10
0.000000000000000000e+00,0.000000000000000000e+00,1.140305063524459303e-10
0.000000000000000000e+00,0.000000000000000000e+00,1.026274557172013502e-10
0.000000000000000000e+00,0.000000000000000000e+00,9.236471014548121392e-11
0.000000000000000000e+00,0.000000000000000000e+00,8.312823913093310028e-11
0.000000000000000000e+00,0.000000000000000000e+00,7.481541521783978767e-11
0.000000000000000000e+00,0.000000000000000000e+00,6.733387369605580761e-11
0.000000000000000000e+00,0.000000000000000000e+00,6.060048632645022685e-11
0.000000000000000000e+00,0.000000000000000000e+00,5.454043769380521579e-11
0.000000000000000000e+00,0.000000000000000000e+00,4.908639392442469615e-11
0.000000000000000000e+00,0.000000000000000000e+00,4.417775453198222977e-11
0.000000000000000000e+00,0.000000000000000000e+00,3.975997907878400421e-11
0.000000000000000000e+00,0.000000000000000000e+00,3.578398117090560443e-11
0.000000000000000000e+00,0.000000000000000000e+00,3.220558305381504011e-11
0.000000000000000000e+00,0.000000000000000000e+00,2.898502474843353675e-11
0.000000000000000000e+00,0.000000000000000000e+00,2.608652227359018081e-11
0.000000000000000000e+00,0.000000000000000000e+00,2.347787004623116402e-11
0.000000000000000000e+00,0.000000000000000000e+00,2.113008304160804600e-11
0.000000000000000000e+00,0.000000000000000000e+00,1.901707473744724237e-11
0.000000000000000000e+00,0.000000000000000000e+00,1.711536726370251911e-11
0.000000000000000000e+00,0.000000000000000000e+00,1.540383053733226784e-11
0.000000000000000000e+00,0.000000000000000000e+00,1.386344748359903847e-11
0.000000000000000000e+00,0.000000000000000000e+00,1.247710273523913624e-11
0.000000000000000000e+00,0.000000000000000000e+00,1.122939246171522116e-11
0.000000000000000000e+00,0.000000000000000000e+00,1.010645321554370018e-11
0.000000000000000000e+00,0.000000000000000000e+00,9.095807893989330644e-12
0.000000000000000000e+00,0.000000000000000000e+00,8.186227104590397903e-12
0.000000000000000000e+00,0.000000000000000000e+00,7.367604394131358274e-12
0.000000000000000000e+00,0.000000000000000000e+00,6.630843954718222770e-12
0.000000000000000000e+00,0.000000000000000000e+00,5.967759559246399927e-12
0.000000000000000000e+00,0.000000000000000000e+00,5.370983603321760096e-12
0.000000000000000000e+00,0.000000000000000000e+00,4.833885242989584329e-12
0.000000000000000000e+00,0.000000000000000000e+00,4.350496718690625573e-12
0.000000000000000000e+00,0.000000000000000000e+00,3.915447046821563096e-12
0.000000000000000000e+00,0.000000000000000000e+00,3.523902342139407352e-12
0.000000000000000000e+00,0.000000000000000000e+00,3.171512107925466738e-12
0.000000000000000000e+00,0.000000000000000000e+00,2.854360897132920185e-12
0.000000000000000000e+00,0.000000000000000000e+00,2.568924807419628207e-12
0.000000000000000000e+00,0.000000000000000000e+00,2.312032326677665185e-12
0.000000000000000000e+00,0.000000000000000000e+00,2.080829094009898908e-12
0.000000000000000000e+00,0.000000000000000000e+00,1.872746184608909139e-12
0.000000000000000000e+00,0.000000000000000000e+00,1.685471566148018144e-12
0.000000000000000000e+00,0.000000000000000000e+00,1.516924409533216249e-12
0.000000000000000000e+00,0.000000000000000000e+00,1.365231968579894786e-12
0.000000000000000000e+00,0.000000000000000000e+00,1.228708771721905267e-12
0.000000000000000000e+00,0.000000000000000000e+00,1.105837894549714679e-12
0.000000000000000000e+00,0.000000000000000000e+00,9.952541050947434942e-13
0.000000000000000000e+00,0.000000000000000000e+00,8.957286945852690640e-13
0.000000000000000000e+00,0.000000000000000000e+00,8.061558251267420869e-13
0.000000000000000000e+00,0.000000000000000000e+00,7.255402426140679590e-13
0.000000000000000000e+00,0.000000000000000000e+00,6.529862183526611530e-13
0.000000000000000000e+00,0.000000000000000000e+00,5.876875965173950579e-13
0.000000000000000000e+00,0.000000000000000000e+00,5.289188368656555319e-13
0.000000000000000000e+00,0.000000000000000000e+00,4.760269531790900595e-13
0.000000000000000000e+00,0.000000000000000000e+00,4.284242578611810132e-13
0.000000000000000000e+00,0.000000000000000000e+00,3.855818320750629371e-13
0.000000000000000000e+00,0.000000000000000000e+00,3.470236488675566787e-13
0.000000000000000000e+00,0.000000000000000000e+00,3.123212839808009907e-13
0.000000000000000000e+00,0.000000000000000000e+00,2.810891555827208966e-13
