vel_x (m/s),vel_y (m/s),vel_z (m/s)
7.071067811865473729e+00,-7.071067811865477282e+00,0.000000000000000000e+00
7.070969035816704107e+00,-7.071068624315810069e+00,2.250442209979409578e-05
7.070946274609569038e+00,-7.071161153531467569e+00,-5.028212297323437601e-05
7.070913085478236937e+00,-7.071226792338138445e+00,-2.836533784308414624e-05
7.070947200760041795e+00,-7.071220209049750238e+00,-2.896063480128198203e-05
7.070967774369290026e+00,-7.071263070650847027e+00,8.979624388210809055e-06
7.070961898415411007e+00,-7.071362505681596744e+00,8.904331451062893338e-05
7.070962449175348219e+00,-7.071340032292769529e+00,-4.929127898312024212e-05
7.070898968206504875e+00,-7.071322239901984830e+00,-1.440140181192977090e-05
7.070918347074503174e+00,-7.071343005429657325e+00,2.715248987269781302e-05
7.070870413838862945e+00,-7.071287154926917395e+00,-1.408853846315590149e-04
7.070837821361681819e+00,-7.071291609969328817e+00,-9.746386058510339481e-05
7.070893776037094902e+00,-7.071369454108115349e+00,-1.712943748688884030e-04
7.070878423389762801e+00,-7.071419073907760477e+00,-1.425071787285278775e-04
7.070850805523498650e+00,-7.071444041418196491e+00,-2.113512767380133404e-04
7.070853594296604427e+00,-7.071439358344403736e+00,-2.294001912780995530e-04
7.070815366551866710e+00,-7.071444335612222076e+00,-2.583234505198079558e-04
7.070800274209388725e+00,-7.071463587372132764e+00,-9.127090741829580270e-05
7.070748787797159096e+00,-7.071487222084570590e+00,-4.715475477012307941e-05
7.070695283551213350e+00,-7.071459988719493772e+00,-6.621891840663452400e-05
7.070688241875780378e+00,-7.071448842741483887e+00,-1.353479032428137854e-04
7.070708714092160285e+00,-7.071448410077434410e+00,-1.342346340232393486e-04
7.070679776244482184e+00,-7.071416527834776922e+00,-2.273460290075457024e-04
7.070768550988523415e+00,-7.071339370847141481e+00,-3.248132197609493693e-04
7.070811012684434793e+00,-7.071397383527807889e+00,-4.086365582639629257e-04
7.070806758148725280e+00,-7.071459808071705488e+00,-4.510206700615753458e-04
7.070776941786188097e+00,-7.071458037029920263e+00,-4.891855425344579511e-04
7.070725623332782206e+00,-7.071506540511721006e+00,-5.187655533268084422e-04
7.070717941107671933e+00,-7.071449549558319170e+00,-3.642457438237001362e-04
7.070736210780959041e+00,-7.071506106860046437e+00,-3.041103294561490621e-04
7.070702561830491284e+00,-7.071483662895801103e+00,-3.187156299132114495e-04
7.070696451581491182e+00,-7.071485226593966722e+00,-2.721164726105052369e-04
7.070723667267898804e+00,-7.071511101773356955e+00,-1.625886866495233961e-04
7.070736383537303382e+00,-7.071566671630395540e+00,-2.105249243047803030e-04
7.070707071230381224e+00,-7.071615624585773752e+00,-1.203242645646740373e-04
7.070707992122673424e+00,-7.071574395572955751e+00,5.387984566602348549e-05
7.070683633972167037e+00,-7.071542582928407761e+00,-1.417402809485949090e-05
7.070699975593590203e+00,-7.071563147645503200e+00,3.135017385352324194e-05
7.070675797122063955e+00,-7.071591786255564394e+00,1.528505194030088318e-05
7.070647838968191046e+00,-7.071665994367492658e+00,-4.328540394059310868e-06
7.070608292457525756e+00,-7.071593446990210197e+00,5.167986072583772173e-05
7.070611276352781083e+00,-7.071568865939784843e+00,4.860430969374314111e-05
7.070610053212050161e+00,-7.071610829535281972e+00,-1.240630665207981959e-04
7.070580771452481095e+00,-7.071570178316445521e+00,-1.981789632252170617e-04
7.070571569343981899e+00,-7.071612580429230022e+00,-3.042701681556589247e-04
7.070623495883952891e+00,-7.071622322118214399e+00,-4.181084171363189106e-04
7.070537526283219520e+00,-7.071546401431816342e+00,-3.623913806667534835e-04
7.070613305621221478e+00,-7.071489078509054060e+00,-3.028137805297248129e-04
7.070692046893397809e+00,-7.071562577558021978e+00,-3.001467883499072146e-04
7.070656825274761026e+00,-7.071666499839516007e+00,-2.244572951522799046e-04
7.070616419088407767e+00,-7.071647094995243243e+00,-1.888954032235166014e-04
7.070577232558133751e+00,-7.071632400622981152e+00,-2.070490994574333940e-04
7.070689793201180962e+00,-7.071598438466526027e+00,-2.916359615296973840e-04
7.070774252084373046e+00,-7.071634681036170988e+00,-3.184591309752165611e-04
7.070827701154109413e+00,-7.071625405185305802e+00,-3.128406713766290889e-04
7.070804305000661039e+00,-7.071750958933105125e+00,-2.587581608584451536e-04
7.070745791926701607e+00,-7.071705633568480920e+00,-3.131279732095605325e-04
7.070773963179044941e+00,-7.071639894672427040e+00,-3.428143339950182077e-04
7.070741392194613617e+00,-7.071579214570072658e+00,-3.720336275392431384e-04
7.070694111865194031e+00,-7.071664057569310380e+00,-4.469388522985980397e-04
7.070686993191023895e+00,-7.071607116128284076e+00,-4.706590509883639838e-04
7.070641049579747595e+00,-7.071621397551471233e+00,-5.023468526465526239e-04
7.070668649441804732e+00,-7.071756322891125990e+00,-5.384518014338924609e-04
7.070626825257930292e+00,-7.071699147646715033e+00,-5.631976329932257422e-04
7.070610005892596917e+00,-7.071677836005411777e+00,-4.454813544302943171e-04
7.070585005979175719e+00,-7.071687317716982335e+00,-4.930209345415558419e-04
7.070575650507566756e+00,-7.071624742407740527e+00,-6.230484188203932582e-04
7.070581065797127529e+00,-7.071605862220819105e+00,-6.370490399248435881e-04
7.070603435426759731e+00,-7.071579841444643577e+00,-5.963697460565668077e-04
7.070569286454767344e+00,-7.071577458060386512e+00,-5.084612418986888876e-04
7.070610032002979217e+00,-7.071633610960851968e+00,-5.505885340558321853e-04
7.070581795433666272e+00,-7.071565182167579344e+00,-6.459082950115496366e-04
7.070587644329752841e+00,-7.071499529962617103e+00,-6.150593861217483384e-04
7.070580077105847572e+00,-7.071580203470104742e+00,-6.617016011344186094e-04
7.070535543164005787e+00,-7.071612310661276268e+00,-6.776259565092973905e-04
7.070527089772949303e+00,-7.071620255196148008e+00,-7.059389245997206011e-04
7.070555022533357103e+00,-7.071609341759707235e+00,-7.767171718388489335e-04
7.070551027378280118e+00,-7.071602570999833581e+00,-8.951920073658489827e-04
7.070656570655613926e+00,-7.071587329948631151e+00,-8.700573435351821074e-04
7.070679437940006196e+00,-7.071425489258998276e+00,-8.043998405309400095e-04
7.070690324322952414e+00,-7.071365575503007150e+00,-7.573656770992749469e-04
7.070708241525417215e+00,-7.071344235866815708e+00,-7.475492286424031008e-04
7.070713493764125168e+00,-7.071282770187781175e+00,-8.099824540099715428e-04
7.070757776127704730e+00,-7.071311184871298394e+00,-8.828600616943341715e-04
7.070779710240528537e+00,-7.071317209174448948e+00,-7.666659024441231521e-04
7.070780043402470127e+00,-7.071361991700646499e+00,-6.770547631205236540e-04
7.070836161348323934e+00,-7.071405495301817723e+00,-6.983812594297525086e-04
7.070929271826642548e+00,-7.071388044043259491e+00,-8.276664025654670862e-04
7.070849686527445499e+00,-7.071378081948601846e+00,-9.229902714072369058e-04
7.070860132218321326e+00,-7.071399885781173289e+00,-8.921565262099309494e-04
7.070834039289540129e+00,-7.071371227059125353e+00,-1.033344789258790544e-03
7.070872555056191722e+00,-7.071386957202363099e+00,-1.010875227492024622e-03
7.070853558368819236e+00,-7.071321556190388158e+00,-1.109984565351944353e-03
7.070892362413072618e+00,-7.071319560954099082e+00,-1.221879966865115031e-03
7.070936767425677338e+00,-7.071329735211535628e+00,-1.258842933498345064e-03
7.070915886978115239e+00,-7.071301560278657306e+00,-1.334770491968277411e-03
7.070968999580069081e+00,-7.071337804385682269e+00,-1.367339320579158239e-03
7.070989650966561513e+00,-7.071359908869538025e+00,-1.414077342838181367e-03
7.070944693740671028e+00,-7.071395574201306822e+00,-1.509397518609547229e-03
7.070907078601773144e+00,-7.071399458179628006e+00,-1.516871772136998151e-03
7.070842476466569160e+00,-7.071450517168110572e+00,-1.598456657609757716e-03
7.072743005533065563e+00,-7.069600464438484444e+00,-1.454368380992060103e-03
7.076268481558731338e+00,-7.066127302264543886e+00,-1.359736679266193267e-03
7.081223907381150262e+00,-7.061009695283787302e+00,-1.437811268089590018e-03
7.087591161192952960e+00,-7.054642997952734973e+00,-1.614711339343305636e-03
7.095123748251799256e+00,-7.047108952830839712e+00,-1.647661443458602222e-03
7.103762853722364490e+00,-7.038357502324549486e+00,-1.592749901307356948e-03
7.113398689602517422e+00,-7.028703995445087394e+00,-1.684066997281682921e-03
7.123919177911775868e+00,-7.018088453924980818e+00,-1.673928533145235950e-03
7.135101642385270893e+00,-7.006685125791179303e+00,-1.731515480526518410e-03
7.147104630291998717e+00,-6.994432979268622397e+00,-1.933691480846651094e-03
7.159552549509134778e+00,-6.981554755011003977e+00,-1.866015581088205930e-03
7.172728621745114275e+00,-6.968041393189743360e+00,-1.749223979632786186e-03
7.186224712264672299e+00,-6.954105967554339962e+00,-1.852104515864043573e-03
7.200088740597503367e+00,-6.939600870441219982e+00,-1.800963955327771360e-03
7.214420602863365950e+00,-6.924610505537181382e+00,-1.860189948756093160e-03
7.229173733824597825e+00,-6.909248969230237236e+00,-1.833406055971007875e-03
7.244284399382567408e+00,-6.893448800275760568e+00,-1.820838833008132929e-03
7.259705990563414701e+00,-6.877394251905899480e+00,-1.806480736994430609e-03
7.275292915100191493e+00,-6.860981706776255074e+00,-1.983644068716008263e-03
7.291026765593391801e+00,-6.844193122356489134e+00,-1.883728257838864504e-03
7.306944987482484777e+00,-6.827208689405912523e+00,-1.858906302392506881e-03
7.323087316620553899e+00,-6.810015431251915885e+00,-1.840135025446444118e-03
7.339246874454048886e+00,-6.792574325176954808e+00,-1.915613276708126936e-03
7.355691138519029337e+00,-6.774910932588593226e+00,-1.908161702011428821e-03
7.372214056037627472e+00,-6.757045223837180536e+00,-1.864686050338546213e-03
7.388677731668865434e+00,-6.738939671945390231e+00,-1.980833671255127857e-03
7.405296919722370141e+00,-6.720756333740430577e+00,-1.993008756515291056e-03
7.421931864337541818e+00,-6.702434085086280469e+00,-1.806276675951411920e-03
7.438607713713604852e+00,-6.683903592817546091e+00,-1.717506467285764490e-03
7.455330857358835495e+00,-6.665238236540671934e+00,-1.688608141095891343e-03
7.472064143142083559e+00,-6.646462868578651317e+00,-1.718803199407429672e-03
7.488891644022544369e+00,-6.627624574911818556e+00,-1.706013640493393279e-03
7.505724290955066103e+00,-6.608734606797014521e+00,-1.788200208106573413e-03
7.522505055849676658e+00,-6.589539000473111585e+00,-1.961962091514337595e-03
7.539345191403383772e+00,-6.570182267892312744e+00,-2.176021854920200810e-03
7.556186783659463835e+00,-6.550908396644644860e+00,-2.088738012493687214e-03
7.573000897057894143e+00,-6.531461379418899149e+00,-2.096323310971426324e-03
7.589665959405936135e+00,-6.511921089976625332e+00,-2.045081663607982610e-03
7.606396714508131929e+00,-6.492415375213610673e+00,-2.082179570508681504e-03
7.623242919781715976e+00,-6.472828933809374519e+00,-2.221896655647989573e-03
7.639925148131354149e+00,-6.453086762193221304e+00,-2.364121240265649668e-03
7.656514035043714195e+00,-6.433292901020589483e+00,-2.469500511910896392e-03
7.673130027272115683e+00,-6.413447414410138769e+00,-2.490059058742972922e-03
7.689638512367400480e+00,-6.393578539686983753e+00,-2.575079928279777781e-03
7.706141051828396371e+00,-6.373634473802755274e+00,-2.591921976562461174e-03
7.722641085930298743e+00,-6.353603830819436027e+00,-2.590572313810379779e-03
7.739099087128818333e+00,-6.333448489381009239e+00,-2.610694497663699522e-03
7.755591087948552342e+00,-6.313178389845692351e+00,-2.562291044725590380e-03
7.772056497942291031e+00,-6.292933226265090774e+00,-2.495070295176927445e-03
7.788439217038063411e+00,-6.272608024895108159e+00,-2.451654939413151161e-03
7.804791436359853840e+00,-6.252229811922570768e+00,-2.528528849198033012e-03
7.821143808298757882e+00,-6.231834315579590111e+00,-2.604277464161442682e-03
7.837376241033071622e+00,-6.211459774716381332e+00,-2.503464044567325908e-03
7.853496979033638858e+00,-6.190990522837677368e+00,-2.415654313217813383e-03
7.869654194388309598e+00,-6.170463085966455985e+00,-2.456087492569252340e-03
7.885690842326470218e+00,-6.149949623746588045e+00,-2.507329497405649203e-03
7.901730972071796089e+00,-6.129333971688937233e+00,-2.432136238380708509e-03
7.917742808748473138e+00,-6.108660488410543543e+00,-2.198207727887053348e-03
7.933664518011839029e+00,-6.087880818305007935e+00,-2.309930155664956155e-03
7.949559782816826292e+00,-6.067143444279527564e+00,-2.421838907265081147e-03
7.965403014907798784e+00,-6.046369090700862259e+00,-2.350683919665997115e-03
7.981137088686794279e+00,-6.025451954846348102e+00,-2.332837731343527770e-03
7.996845477268626823e+00,-6.004539335333660688e+00,-2.289539087948650690e-03
8.012423711272598226e+00,-5.983564467933080167e+00,-2.212170785744065147e-03
8.028085089616991965e+00,-5.962569558920194801e+00,-2.217201492046651061e-03
8.043666991756513340e+00,-5.941533843477345478e+00,-2.256665101128027540e-03
8.059091427588906953e+00,-5.920425612839230745e+00,-2.269153799515828858e-03
8.074603388082719491e+00,-5.899298242129018099e+00,-2.235945891621465929e-03
8.090119080804399232e+00,-5.878118982543645288e+00,-2.098637930150499577e-03
8.105463268111456898e+00,-5.856963660697761753e+00,-2.075008108581337645e-03
8.120732833117296323e+00,-5.835718770918116860e+00,-2.068909659070201912e-03
8.135973830119013428e+00,-5.814414441485508789e+00,-2.068323137287309942e-03
8.151186682044576415e+00,-5.793161525500269526e+00,-1.974862388012743435e-03
8.166323969710569841e+00,-5.771863937292064151e+00,-2.084418136801858244e-03
8.181409673083683387e+00,-5.750502475045846218e+00,-2.060106819566195208e-03
8.196501818088455238e+00,-5.729023273491348434e+00,-2.058350757964493710e-03
8.211452616443336794e+00,-5.707541366400869620e+00,-2.094852472033142086e-03
8.226333305601485790e+00,-5.686062205975129125e+00,-2.184319499825815390e-03
8.241170608360382843e+00,-5.664580488491104404e+00,-2.143851112215254887e-03
8.256101745398334302e+00,-5.642934438204064485e+00,-2.299518195994948097e-03
8.270874074568878243e+00,-5.621335588791957605e+00,-2.316807641996999553e-03
8.285493890468783817e+00,-5.599711898919216502e+00,-2.336790604045560146e-03
8.300121781185110237e+00,-5.578117993431204624e+00,-2.285187028358735654e-03
8.314688480218253019e+00,-5.556383483013460634e+00,-2.272242162627162443e-03
8.329233553482540131e+00,-5.534689079747753482e+00,-2.200554493336149241e-03
8.343758655935518576e+00,-5.512798434288036731e+00,-2.217743913302386728e-03
8.358257258117481214e+00,-5.490922442441299900e+00,-2.169099691200196758e-03
8.372616553748770230e+00,-5.469049950692232542e+00,-2.149702251785924004e-03
8.386913389978918332e+00,-5.447099301756177070e+00,-2.106374934927588739e-03
8.401174362420158914e+00,-5.425027803962228390e+00,-2.038076168531916064e-03
8.415387799155894299e+00,-5.403034084701896056e+00,-2.145577885065203059e-03
8.429503414297361275e+00,-5.380989806427520783e+00,-2.257961100694321106e-03
8.443583108000838777e+00,-5.358895298784201344e+00,-2.218314508090119767e-03
8.457636760035876833e+00,-5.336749158561809203e+00,-2.121482043164602156e-03
8.471582017430268507e+00,-5.314567556648098545e+00,-2.121241126815210949e-03
8.485526516576397782e+00,-5.292329166400988605e+00,-2.188754766617988928e-03
8.499363729983677729e+00,-5.270063312149672718e+00,-2.153949542163702876e-03
8.513078759643796900e+00,-5.247703253669921963e+00,-2.097784636994664588e-03
8.526785504927978820e+00,-5.225426011202475074e+00,-2.030391253785986030e-03
8.540415828542421650e+00,-5.203126951379866583e+00,-2.218587565590865104e-03
8.554017072327589233e+00,-5.180740941812581823e+00,-2.276864773940009273e-03
8.567517539102299295e+00,-5.158356217736834282e+00,-2.308011794605773544e-03
8.581033277880276700e+00,-5.135867414200994574e+00,-2.373273391175253176e-03
8.594438966938469093e+00,-5.113431194935439628e+00,-2.470700083622713074e-03
8.607743977439040961e+00,-5.090916046461688715e+00,-2.434366926966457026e-03
8.621045686192298163e+00,-5.068466428419474923e+00,-2.399831405051128328e-03
8.634241923975839228e+00,-5.045776305528300476e+00,-2.481735006115415570e-03
8.647418816214589299e+00,-5.023134251207922674e+00,-2.346950318527035034e-03
8.660469765604503323e+00,-5.000456248950802873e+00,-2.409850264029695082e-03
8.673584833136635197e+00,-4.977773928996762187e+00,-2.517649098507530967e-03
8.686641678343777428e+00,-4.955039282762670361e+00,-2.388634086379498762e-03
8.699603473516850372e+00,-4.932267027845876228e+00,-2.405533535816840613e-03
8.712515237581452965e+00,-4.909451645135057163e+00,-2.381024582224317183e-03
8.725353970491138256e+00,-4.886622135955330570e+00,-2.364490377757826663e-03
8.738152156706833651e+00,-4.863788608827884552e+00,-2.383365861524646030e-03
8.750890803729276968e+00,-4.840890427543399710e+00,-2.402282383261714407e-03
8.763516735298439997e+00,-4.818079270422207294e+00,-2.512076068196278291e-03
8.776150819801092240e+00,-4.795147039413336643e+00,-2.477369634808276357e-03
8.788678990395213830e+00,-4.772129136228310031e+00,-2.448763804352483992e-03
8.801125241065225424e+00,-4.749003922214001250e+00,-2.290414602097833128e-03
8.813574212714401668e+00,-4.725834134273076081e+00,-2.350872184437197664e-03
8.825966072914877003e+00,-4.702699180316539440e+00,-2.311430112249975109e-03
8.838299819505586186e+00,-4.679556517644914315e+00,-2.254282450271635763e-03
8.850494440791015549e+00,-4.656366808976214244e+00,-2.371147452761877134e-03
8.862666817767419047e+00,-4.633178146723423652e+00,-2.411995197683642570e-03
8.874752431654584939e+00,-4.609969080271707931e+00,-2.559839471073290136e-03
8.886846222708644660e+00,-4.586702739687918751e+00,-2.533272611107305859e-03
8.898805913197417539e+00,-4.563437536250475546e+00,-2.433273593863347940e-03
8.910701346520749411e+00,-4.540168924149901031e+00,-2.452773128572801817e-03
8.922635663398319039e+00,-4.516809544514244656e+00,-2.514026506534405500e-03
8.934402483361942870e+00,-4.493322771337102672e+00,-2.644818131904873044e-03
8.946085087259749713e+00,-4.469973246813792933e+00,-2.668443078347747938e-03
8.957787360411815669e+00,-4.446523102568103347e+00,-2.696657098425878432e-03
8.969400258011164695e+00,-4.423056144241347631e+00,-2.727617556047256305e-03
8.980950132846214018e+00,-4.399596186915666785e+00,-2.818784862723069592e-03
8.992419044521277272e+00,-4.376113357962093886e+00,-2.762563142529593594e-03
9.003832078797634253e+00,-4.352564325934166867e+00,-2.912965279033723209e-03
9.015181915282397540e+00,-4.329011942934514856e+00,-2.864773334504353616e-03
9.026558664134981314e+00,-4.305437371702014460e+00,-2.837559519334593473e-03
9.037773592551053170e+00,-4.281811449285170212e+00,-2.932303983904275147e-03
9.048938217430803732e+00,-4.258217411856416668e+00,-3.006770643663182405e-03
9.060124093629696063e+00,-4.234570837696368883e+00,-2.777033998223624352e-03
9.071156593425072856e+00,-4.210816284062998349e+00,-2.928448502515156385e-03
9.082155146177903760e+00,-4.187035021791206013e+00,-2.829721523583680638e-03
9.093049294425863849e+00,-4.163196419324465047e+00,-2.762389926454964905e-03
9.103886026191469583e+00,-4.139359890077213500e+00,-2.689553322031507272e-03
9.114749293475439273e+00,-4.115421474831288506e+00,-2.722640883588721850e-03
9.125506929101293352e+00,-4.091568175915452521e+00,-2.600783931006188984e-03
9.136138361928480833e+00,-4.067596373100784923e+00,-2.517241112782243970e-03
9.146819635748261845e+00,-4.043677180892195189e+00,-2.410301576302606007e-03
9.157440254416092884e+00,-4.019753252055336290e+00,-2.452113652408397827e-03
9.167971701367410020e+00,-3.995705331090216195e+00,-2.526762998943735128e-03
9.178444245311073502e+00,-3.971689487949344066e+00,-2.559882235956826430e-03
9.188806187942697434e+00,-3.947661120284567726e+00,-2.476234897523384940e-03
9.199166753751677916e+00,-3.923606302933717149e+00,-2.557166210015451684e-03
9.209431142842818829e+00,-3.899478074887189116e+00,-2.620562348923312444e-03
9.219579999256763969e+00,-3.875393910001477149e+00,-2.733166693066555516e-03
9.229819852064510499e+00,-3.851366426944642374e+00,-2.724590336894032894e-03
9.239969438101830690e+00,-3.827165072206508256e+00,-2.672350103622362413e-03
9.249981431265178244e+00,-3.802961693273242627e+00,-2.700458950713129080e-03
9.259946939866383175e+00,-3.778711482327060001e+00,-2.740599487993603672e-03
9.269791401865784763e+00,-3.754448613013864566e+00,-2.726648447234987678e-03
9.279613326685611341e+00,-3.730112425097502626e+00,-2.728588791487649400e-03
9.289320463416679274e+00,-3.705814589369903711e+00,-2.756112118922169219e-03
9.298986488068859302e+00,-3.681456722668390746e+00,-2.770933002883732912e-03
9.308546791354643801e+00,-3.657133760474331474e+00,-2.778022136862654673e-03
9.318011895674507272e+00,-3.632648893587905548e+00,-2.690499326381656786e-03
9.327446678664985669e+00,-3.608200091312185886e+00,-2.724798885646615137e-03
9.336846341061182386e+00,-3.583838410766473803e+00,-2.701382196363061663e-03
9.346203617294701615e+00,-3.559362843406936427e+00,-2.744287694832041498e-03
9.355507493556133980e+00,-3.534911665020362026e+00,-2.716976905388010510e-03
9.364704038711133549e+00,-3.510438933803689210e+00,-2.744599917969081735e-03
9.373838506440169027e+00,-3.485788264821400695e+00,-2.741933546347195133e-03
9.382849683049659717e+00,-3.461237492973084695e+00,-2.804280444339032289e-03
9.391841947322955519e+00,-3.436597840779561874e+00,-2.691270228830665301e-03
9.400777167283083102e+00,-3.411928823048016479e+00,-2.670807457431974546e-03
9.409627616698831076e+00,-3.387404639430177333e+00,-2.657114157511498553e-03
9.418467844351393836e+00,-3.362800184565541084e+00,-2.687208804124484839e-03
9.427252398228077368e+00,-3.338140234780891280e+00,-2.710243344578823141e-03
9.435918233256703758e+00,-3.313465642383978782e+00,-2.708702682476042158e-03
9.444492964963277615e+00,-3.288700059954486665e+00,-2.846370423742766113e-03
9.453048975910844476e+00,-3.263975589717698966e+00,-2.866065177085376416e-03
9.461559789789365738e+00,-3.239190729960548687e+00,-2.774766399482995419e-03
9.469984214974360270e+00,-3.214444867747223267e+00,-2.727606070033628243e-03
9.478301496004370108e+00,-3.189618911121354650e+00,-2.655512553622573196e-03
9.486752012916337407e+00,-3.164795286662840379e+00,-2.688920109086696299e-03
9.495031087383930313e+00,-3.139920066622245542e+00,-2.558257777871147248e-03
9.503225765255407964e+00,-3.115004463333841844e+00,-2.636735294835449318e-03
9.511350615773071837e+00,-3.090104137988786359e+00,-2.639639599602610666e-03
9.519372870088158578e+00,-3.065164855138863498e+00,-2.655402156034764385e-03
9.527322226265088290e+00,-3.040182676339545420e+00,-2.717487551050399089e-03
9.535224947209339774e+00,-3.015268091587903321e+00,-2.939841635762575293e-03
9.543157140078294631e+00,-2.990309167592211104e+00,-2.784820276228637537e-03
9.550982373444689699e+00,-2.965209136030709125e+00,-2.876140077014254035e-03
9.558777994699230618e+00,-2.940321832210324615e+00,-2.810433563914560649e-03
9.566398210988802830e+00,-2.915299369953040731e+00,-2.866792825331788541e-03
9.573925266060216543e+00,-2.890191794622569255e+00,-2.875393167512361580e-03
9.581478550656024495e+00,-2.865048354682901088e+00,-2.917789098653836028e-03
9.588843944735961244e+00,-2.839877323850788837e+00,-2.990992692272897036e-03
9.596225985946331249e+00,-2.814869894610551260e+00,-2.837415124156007339e-03
9.603537140432989005e+00,-2.789647675541468974e+00,-2.834085711355324982e-03
9.610755981524327751e+00,-2.764578299234117686e+00,-2.816758459540816793e-03
9.617924667765676006e+00,-2.739342306345700973e+00,-2.828359310711487697e-03
9.625037121817916486e+00,-2.714162580597856866e+00,-2.812044826077641710e-03
9.632173057940192962e+00,-2.688951463600867786e+00,-2.844868140364987825e-03
9.639170946392376038e+00,-2.663737784130313813e+00,-2.735024159482856571e-03
9.646162937961248574e+00,-2.638416822252951377e+00,-2.642227102717419670e-03
9.652977323109483976e+00,-2.613022427753280752e+00,-2.794518748389147704e-03
9.659780362948181320e+00,-2.587789289036272145e+00,-2.901411112607141501e-03
9.666528198423915086e+00,-2.562495691899282502e+00,-2.835323470130840344e-03
9.673324728736931277e+00,-2.537286289223013913e+00,-2.833366508086201940e-03
9.679978960350911876e+00,-2.512059688867032570e+00,-2.821155361423914772e-03
9.686467254336653454e+00,-2.486615968529549026e+00,-2.718149378822829441e-03
9.692989755197976010e+00,-2.461254740953702669e+00,-2.716436763560297046e-03
9.699431485988860402e+00,-2.435864972229896175e+00,-2.551953875541492205e-03
9.705767082063109896e+00,-2.410540550029429241e+00,-2.457061332157198848e-03
9.712066188171641912e+00,-2.385115139943822626e+00,-2.311724061595930857e-03
9.718253052408094561e+00,-2.359627695266735881e+00,-2.350734236074811332e-03
9.724476811786399111e+00,-2.334216783258071803e+00,-2.319250078864180074e-03
9.730594104309318482e+00,-2.308766098550173229e+00,-2.321028769054697249e-03
9.736705639229073839e+00,-2.283280569659005277e+00,-2.237954661235909241e-03
9.742721847254943057e+00,-2.257697270178860904e+00,-2.318089450178511830e-03
9.748596896958551028e+00,-2.232138279115555513e+00,-2.290821918454398649e-03
9.754374556992580381e+00,-2.206548465652880431e+00,-2.215999046667550647e-03
9.760061043251008428e+00,-2.180870928389726071e+00,-2.094091108818348611e-03
9.765764226746872723e+00,-2.155306864026865998e+00,-2.128871285065746244e-03
9.771352935265225526e+00,-2.129646917394476091e+00,-1.961527377752940275e-03
9.776893224049691966e+00,-2.104082380353289317e+00,-1.975856156465318359e-03
9.782366809758805459e+00,-2.078422375785621057e+00,-2.074689364511471575e-03
9.787773104023772319e+00,-2.052833135201517223e+00,-2.027480002258396502e-03
9.793101166658036760e+00,-2.027121466486874635e+00,-1.973751257026722106e-03
9.798347797674493265e+00,-2.001506027384738484e+00,-1.918975982143494418e-03
9.803608259296339611e+00,-1.975831281703023468e+00,-2.013657050234153503e-03
9.808732353504025170e+00,-1.950080055227582099e+00,-2.012169656952174802e-03
9.813828385088003259e+00,-1.924535089310694946e+00,-2.099312127785832142e-03
9.818796838442676034e+00,-1.898812956969927024e+00,-2.119107512586408497e-03
9.823770207299466151e+00,-1.873140330496003259e+00,-2.206489329930733621e-03
9.828637077547101697e+00,-1.847427101164773378e+00,-2.103258281341016233e-03
9.833397086983056923e+00,-1.821676915547321141e+00,-2.090991737585473544e-03
9.838089445643541708e+00,-1.795948788267845986e+00,-2.122509214795874951e-03
9.842819503740267706e+00,-1.770168009490177941e+00,-2.195451214957731476e-03
9.847393666098010812e+00,-1.744321895127926014e+00,-2.120068309363182333e-03
9.851842827424553306e+00,-1.718515705605177857e+00,-2.186245786953442804e-03
9.856264362801882228e+00,-1.692730388322551960e+00,-2.134031963617838076e-03
9.860718305053609356e+00,-1.666923451025906555e+00,-2.159034265886864822e-03
9.865074589780959968e+00,-1.641061560610491687e+00,-2.303446286073243445e-03
9.869340043763394021e+00,-1.615191162724312735e+00,-2.382324594582852038e-03
9.873530389546099073e+00,-1.589366769191841167e+00,-2.394194737602830907e-03
9.877606493439280655e+00,-1.563526025028725508e+00,-2.265319915847058795e-03
9.881641419976164187e+00,-1.537737867821329374e+00,-2.291853331897712384e-03
9.885522735132067140e+00,-1.511934436703570306e+00,-2.109533031971881981e-03
9.889428654881083247e+00,-1.486018857438527796e+00,-2.082747032213983461e-03
9.893363327992855005e+00,-1.460042514071234976e+00,-2.065650461274888983e-03
9.897116958988094737e+00,-1.434155542758087654e+00,-1.833401713222185649e-03
9.900865837272430525e+00,-1.408141732054211337e+00,-1.806419847095595572e-03
9.904601230810024859e+00,-1.382213653999815106e+00,-1.893042478449054843e-03
9.908222122082142036e+00,-1.356283919791852144e+00,-1.916049339758367455e-03
9.911685602269253437e+00,-1.330296367144106817e+00,-1.984119189619794592e-03
9.915142601897661834e+00,-1.304370878703978276e+00,-1.974916175523839124e-03
9.918561311468936381e+00,-1.278331514452383244e+00,-1.995061862614264103e-03
9.921895528278847465e+00,-1.252289537628803018e+00,-2.020577392711513879e-03
9.925139664298235687e+00,-1.226302240217460149e+00,-2.048852965275515647e-03
9.928319934795919011e+00,-1.200283826042263247e+00,-2.019847416161443809e-03
9.931525722572811077e+00,-1.174345078466039194e+00,-2.031413222670629907e-03
9.934527113384527652e+00,-1.148367775439954386e+00,-2.169172168748230694e-03
9.937431960383182883e+00,-1.122379428640624122e+00,-2.192734274298120678e-03
9.940380964730263003e+00,-1.096398365936139596e+00,-2.327163341274227776e-03
9.943169943991655657e+00,-1.070453934490396275e+00,-2.268167711851680653e-03
9.945895412387370627e+00,-1.044416265458216531e+00,-2.348570315384045613e-03
9.948604964816246010e+00,-1.018321521228291449e+00,-2.259185109389508228e-03
9.951167217134285536e+00,-9.922621349845204275e-01,-2.232069585785654946e-03
9.953727159300571614e+00,-9.661719891421184370e-01,-2.214496898179063936e-03
9.956194952628296235e+00,-9.400585353012327339e-01,-2.168628220989990765e-03
9.958673809603602933e+00,-9.139346998794840582e-01,-2.163785598843367356e-03
9.961016122364767966e+00,-8.879111240070187705e-01,-2.180120448636278102e-03
9.963344836819951311e+00,-8.617705717067696281e-01,-2.117078985011953615e-03
9.965610684018045617e+00,-8.356764317657486840e-01,-2.051227797781063518e-03
9.967784179058657656e+00,-8.096101855288171389e-01,-2.055260939671692613e-03
9.969896304525306618e+00,-7.835367659834470144e-01,-2.095064301434297442e-03
9.971860650385030667e+00,-7.574289640615324837e-01,-2.119946341145353009e-03
9.973842260826904393e+00,-7.313403127772193368e-01,-2.204292022967293922e-03
9.975760281560775766e+00,-7.051927149944802187e-01,-1.974858827126172150e-03
9.977441888395851777e+00,-6.790679472245910731e-01,-1.942770574765069437e-03
9.979171456498864501e+00,-6.528646753202556052e-01,-1.878047303046640392e-03
9.980837700803723678e+00,-6.267649645203493547e-01,-1.994499857911377627e-03
9.982420637561896015e+00,-6.006988072512174925e-01,-1.838370464919945402e-03
9.984066283292262867e+00,-5.746215857508043534e-01,-1.951033488083060317e-03
9.985509008823122201e+00,-5.484446895271203326e-01,-2.016280216902387613e-03
9.986964879709880449e+00,-5.223448200295025545e-01,-2.106484562464542871e-03
9.988346928471925068e+00,-4.961439229157358910e-01,-2.189315253007232190e-03
9.989577883217474863e+00,-4.699825449986869685e-01,-2.319063829923218804e-03
9.990700315929581521e+00,-4.437389074412987910e-01,-2.405309837650213087e-03
9.991798461033889467e+00,-4.175842272119138499e-01,-2.290733888671132000e-03
9.992779613918342463e+00,-3.913641712323921995e-01,-2.312913954934503209e-03
9.993704611798394311e+00,-3.651889487840137560e-01,-2.216676970485132684e-03
9.994659639841712462e+00,-3.389751513063297694e-01,-2.189078934611795625e-03
9.995583856054221172e+00,-3.127301860536663702e-01,-2.266704284474672145e-03
9.996354252279047614e+00,-2.865195876600550307e-01,-2.227373925830038442e-03
9.996989928875528619e+00,-2.602932842167871019e-01,-2.207984594256384193e-03
9.997662918321347902e+00,-2.341333672649640041e-01,-2.157959214716704145e-03
9.998146868549367738e+00,-2.079452355275072661e-01,-2.244896901488212769e-03
9.998622663430964508e+00,-1.817733861498664616e-01,-2.141143201450640757e-03
9.999084624447627689e+00,-1.556611680312662005e-01,-2.129089970250545947e-03
9.999496748073642749e+00,-1.295174623372653544e-01,-2.085752943774084670e-03
9.999824266952813900e+00,-1.032940189428143835e-01,-1.933914759238215385e-03
1.000016237805799157e+01,-7.713642169650508640e-02,-1.917148058928711332e-03
1.000033511862370261e+01,-5.092198053360463134e-02,-1.980343520163821164e-03
1.000049798442537963e+01,-2.473862287910828447e-02,-2.056267119935254514e-03
1.000050947275123647e+01,1.433742541448580418e-03,-2.060753576952075762e-03
1.000042539332034330e+01,2.758648805974564522e-02,-2.035278119975870124e-03
1.000034316287581149e+01,5.377298130054173481e-02,-1.960468583943467298e-03
1.000009089923427652e+01,7.998337992626862458e-02,-1.987017585011152145e-03
9.999873673161069121e+00,1.061584744067360503e-01,-1.974197792429315760e-03
9.999622757172648591e+00,1.322765021138194441e-01,-1.956151799201388385e-03
9.999234228505295974e+00,1.584792502990715057e-01,-1.965873512626443824e-03
9.998859059092383816e+00,1.847095707978865520e-01,-1.892166055263593862e-03
9.998371210640849327e+00,2.108559170636425673e-01,-1.981760662597577011e-03
9.997869850039011297e+00,2.370057819179952896e-01,-2.119839003699839144e-03
9.997167221218198563e+00,2.632576486902938884e-01,-2.084849178728373411e-03
9.996447534414617309e+00,2.893730607671384236e-01,-2.244152644277143914e-03
9.995674817219516228e+00,3.155052765756496957e-01,-2.198402988350315994e-03
9.994813690246473925e+00,3.417275325453808521e-01,-2.040264971688772813e-03
9.993979643673455371e+00,3.679036621888613912e-01,-2.048847645551899604e-03
9.993065541893086490e+00,3.941185796735724445e-01,-1.895358188907289316e-03
9.992002504305448340e+00,4.203048887981525317e-01,-2.038505260103305565e-03
9.990898834153664865e+00,4.464449116455750932e-01,-2.061372979196089781e-03
9.989700798856839370e+00,4.726567805233914399e-01,-1.991031381958600043e-03
9.988449110645248652e+00,4.987462344531752856e-01,-1.858726694673967002e-03
9.987102253205105029e+00,5.249454953270388247e-01,-1.875057591956410391e-03
9.985731141563100266e+00,5.511789052775440956e-01,-1.877444898583984162e-03
9.984225940769414720e+00,5.772750093098436563e-01,-1.837401245091440424e-03
9.982539808374218282e+00,6.034299789200567865e-01,-1.889827647634828968e-03
9.980918374410967076e+00,6.296560445138359441e-01,-1.993023505821973733e-03
9.979233054966895722e+00,6.558090253429627037e-01,-2.166854033992634404e-03
9.977555385103977770e+00,6.819862348086650483e-01,-2.122824984560672291e-03
9.975840212487737446e+00,7.080781003261983342e-01,-2.009758556061340580e-03
9.974018099918346536e+00,7.341880767703139465e-01,-2.110711262251579751e-03
9.971965195050552566e+00,7.603248151260544319e-01,-2.201045219275780691e-03
9.969986380701387318e+00,7.864235093804846644e-01,-2.127771101993704370e-03
9.967969853217674370e+00,8.125504440598116940e-01,-2.203156527234617895e-03
9.965882033918026295e+00,8.386174640073236208e-01,-2.190097118835591765e-03
9.963620648730076468e+00,8.647356670871331197e-01,-2.066864606009840254e-03
9.961226568351776223e+00,8.908286298044384433e-01,-1.977436963188012372e-03
9.958869403634510675e+00,9.169627751483796496e-01,-1.966230243489540397e-03
9.956508559560907301e+00,9.430491157279988768e-01,-2.069793420727787572e-03
9.954055576940195493e+00,9.691480059945036807e-01,-2.105982070948742707e-03
9.951498972140848664e+00,9.952445387277613076e-01,-2.206988353524980996e-03
9.948862871166893385e+00,1.021280378284275869e+00,-2.110801185993862496e-03
9.946098381229973029e+00,1.047363840421356995e+00,-2.050312674469922068e-03
9.943258903896140311e+00,1.073365462439389129e+00,-1.999100898089478402e-03
9.940456629014025935e+00,1.099497261557989880e+00,-1.912743951735612147e-03
9.937576447397306723e+00,1.125579404852678600e+00,-2.044453918263558836e-03
9.934672121666620725e+00,1.151650234367447512e+00,-1.961904909140719296e-03
9.931735144428669670e+00,1.177709687125820581e+00,-1.807295523935580680e-03
9.928560732845573611e+00,1.203668785479590886e+00,-1.856474442201872226e-03
9.925267196664986358e+00,1.229725771812998358e+00,-1.884366033766325405e-03
9.921974903209113350e+00,1.255738913315667560e+00,-1.883156383430085188e-03
9.918660383712408546e+00,1.281686565815878476e+00,-1.898991362877140709e-03
9.915293287184461235e+00,1.307718022876195985e+00,-1.904162853915400237e-03
9.911902272755211740e+00,1.333695290154759405e+00,-1.975655628379876984e-03
9.908456648700390446e+00,1.359724224608772403e+00,-1.894048102551823976e-03
9.904922217072050117e+00,1.385690549726098064e+00,-1.913914723077420055e-03
9.901234643591221740e+00,1.411544075605418724e+00,-1.938985673495910358e-03
9.897472539315218754e+00,1.437501192078163736e+00,-1.940567731587730747e-03
9.893678466184940845e+00,1.463376531449202433e+00,-1.885863030433229713e-03
9.889787031050467192e+00,1.489299537015254415e+00,-1.948297481699824436e-03
9.885946364553431565e+00,1.515217971982988132e+00,-2.085475112238303549e-03
9.881970473948300082e+00,1.540955577741441873e+00,-2.084179128457304929e-03
9.877894209079951082e+00,1.566791973471770127e+00,-2.076906647461960673e-03
9.873828522432182453e+00,1.592557868052251413e+00,-2.148455387690122263e-03
9.869568510308441844e+00,1.618366295064662674e+00,-2.113857988063609465e-03
9.865258441353482510e+00,1.644080970156395649e+00,-2.165094060135872630e-03
9.860990808483183656e+00,1.669973419146338012e+00,-2.165793676525084276e-03
9.856606325172259986e+00,1.695841113532448263e+00,-2.184507688668655551e-03
9.852212194336580353e+00,1.721585007005116630e+00,-2.197502507293500225e-03
9.847705578609716071e+00,1.747351992509134977e+00,-2.210704343330946973e-03
9.843107299294899803e+00,1.773100493650601628e+00,-2.337983621837592778e-03
9.838438349757241852e+00,1.798789243136444949e+00,-2.268908401741448304e-03
9.833716172382388265e+00,1.824591072824834459e+00,-2.310330851838303216e-03
9.828865976277079142e+00,1.850445754010561217e+00,-2.310121611589195136e-03
9.823995163608469028e+00,1.876130099642402849e+00,-2.271791072992778923e-03
9.819060498720189045e+00,1.901864402513846697e+00,-2.192304004001573766e-03
9.814054704211875091e+00,1.927603471159684334e+00,-2.149760144541593230e-03
9.808990876516666901e+00,1.953393857726321459e+00,-2.042990039337390720e-03
9.803783097916724643e+00,1.979043193419459445e+00,-2.084872117365509439e-03
9.798520799395710412e+00,2.004655846715305056e+00,-2.125889003852375614e-03
9.793265913313566884e+00,2.030305304421319512e+00,-1.953553233323434592e-03
9.787982073991649656e+00,2.055936118380444988e+00,-1.921413619435039574e-03
9.782580610513866404e+00,2.081501080849283980e+00,-1.927772966365504884e-03
9.777133554094431744e+00,2.107098332220443737e+00,-1.953025450711833901e-03
9.771612444832147304e+00,2.132677974768828921e+00,-2.033677376592631005e-03
9.765972498540739011e+00,2.158308656946846593e+00,-2.130873174049179725e-03
9.760349099626932201e+00,2.183916777471815340e+00,-2.074140484915427182e-03
9.754529870821974313e+00,2.209500929343323872e+00,-2.018703686965494203e-03
9.748716694477218780e+00,2.235057922081851611e+00,-1.932308172556739066e-03
9.742782875707924006e+00,2.260534164167437687e+00,-1.927353404391162189e-03
9.736888792792132818e+00,2.286074825514843312e+00,-1.875767411198708519e-03
9.730758990726426916e+00,2.311523254052941123e+00,-1.887248917111215320e-03
9.724601231969984383e+00,2.337028722113313250e+00,-1.825616423115547114e-03
9.718447246308349108e+00,2.362530025516156762e+00,-1.795298396914802967e-03
9.712275934078718365e+00,2.388001446526881733e+00,-1.732003655328879458e-03
9.706018513427070005e+00,2.413415911142922532e+00,-1.599499795468481769e-03
9.699686374361082386e+00,2.438833362955643125e+00,-1.594151322267687177e-03
9.693349178493335216e+00,2.464233211570896476e+00,-1.578487744082119216e-03
9.686907950835497161e+00,2.489537053324746729e+00,-1.697064655872937205e-03
9.680455364217396053e+00,2.514869887880380794e+00,-1.619353456125521059e-03
9.673880550363083586e+00,2.540122594604350414e+00,-1.563685760347427803e-03
9.667286575556474304e+00,2.565388545422256250e+00,-1.535157229647309950e-03
9.660595638562128329e+00,2.590716261239413676e+00,-1.478311789912592315e-03
9.653777528207561076e+00,2.615963514972814430e+00,-1.410844795277974625e-03
9.646913590590118659e+00,2.641203673227827675e+00,-1.358895383392226758e-03
9.640033010808181757e+00,2.666544802479434928e+00,-1.270141785437860823e-03
9.632990382108202354e+00,2.691787327425306575e+00,-1.276543172603934826e-03
9.625962622568918547e+00,2.717130486880634077e+00,-1.306951615341932996e-03
9.618849034233438289e+00,2.742380251490445175e+00,-1.343406041974738252e-03
9.611652387304090439e+00,2.767490885830894420e+00,-1.328105149869608041e-03
9.604346248424858956e+00,2.792574389802138679e+00,-1.280984944161666587e-03
9.597101868751165554e+00,2.817778635953342548e+00,-1.371389238636794121e-03
9.589757847639271304e+00,2.842860658778120442e+00,-1.247948146424020504e-03
9.582243790968961505e+00,2.868009071115807274e+00,-1.226089189430739192e-03
9.574721078275993946e+00,2.893042091360995993e+00,-1.172378081281641535e-03
9.567121951229713872e+00,2.918041341983233394e+00,-1.186194435505863801e-03
9.559407745880561080e+00,2.942996042670614543e+00,-1.212667111688699477e-03
9.551752949076204757e+00,2.968000012205983751e+00,-1.407181752093734483e-03
9.543912042278597241e+00,2.992962418572907790e+00,-1.346822793229405894e-03
9.536061173713955341e+00,3.017962706803050565e+00,-1.424133076414117608e-03
9.528078318847693851e+00,3.042881144603112542e+00,-1.289853700396025775e-03
9.520092560123131875e+00,3.067784956152667775e+00,-1.354048159457834147e-03
9.512045667395058857e+00,3.092586174496423368e+00,-1.320639723735580768e-03
9.503844531294909359e+00,3.117397817693404960e+00,-1.349329091881223790e-03
9.495736053302300306e+00,3.142247391586800997e+00,-1.454509613090309737e-03
9.487537898280672621e+00,3.167137405937563432e+00,-1.530697273496683334e-03
9.479276924888699440e+00,3.191974807595435948e+00,-1.528791533848225656e-03
9.470886955086179171e+00,3.216793580940498831e+00,-1.530461059852637924e-03
9.462415635513629297e+00,3.241652316944965140e+00,-1.555803160716290236e-03
9.453873338178352626e+00,3.266372907940793269e+00,-1.727784015160118824e-03
9.445291651815876932e+00,3.291063403200157111e+00,-1.775499599527301763e-03
9.436621414786944939e+00,3.315745648285739478e+00,-1.744439502443884214e-03
9.427990198871643912e+00,3.340394527077384712e+00,-1.730938302911017457e-03
9.419276905779703668e+00,3.365058370032655954e+00,-1.749375839058449518e-03
9.410516942118231754e+00,3.389709878490462902e+00,-1.744319529926640581e-03
9.401546338429310978e+00,3.414251730406076213e+00,-1.847007190845563213e-03
9.392570959004922670e+00,3.438859773472210168e+00,-1.812446821502212719e-03
9.383594914946122856e+00,3.463348376050869870e+00,-1.701695416675552382e-03
9.374483776391079104e+00,3.488000263259552813e+00,-1.743679028280814688e-03
9.365353975024859778e+00,3.512514173127543771e+00,-1.737390953263936002e-03
9.356107903518241287e+00,3.536947771089216541e+00,-1.568916882946697153e-03
9.346806449783654713e+00,3.561443060658634696e+00,-1.580085127901373256e-03
9.337475270710337227e+00,3.585903068416448125e+00,-1.611183663501266922e-03
9.327994123768252877e+00,3.610376044240530824e+00,-1.661859171227532926e-03
9.318490117226376768e+00,3.634766342650015858e+00,-1.655895462678145039e-03
9.308832219080569459e+00,3.659147285359472423e+00,-1.442599967604424674e-03
9.299325165633234747e+00,3.683473906590032154e+00,-1.567876707873766279e-03
9.289653916949598411e+00,3.707757430447181868e+00,-1.631646407414079087e-03
9.279934636649540991e+00,3.732172613330159372e+00,-1.611416388004079667e-03
9.270127256540554583e+00,3.756413467507242032e+00,-1.659185347022279489e-03
9.260243447196081945e+00,3.780652146840806083e+00,-1.741192788120809846e-03
9.250265369188849007e+00,3.804882852028024232e+00,-1.778062220115688439e-03
9.240214029771355086e+00,3.829026393058554412e+00,-1.883837180725934837e-03
9.230116767498108388e+00,3.853140738777296015e+00,-1.888422292243601992e-03
9.220062120381147253e+00,3.877192989143766422e+00,-1.902052989621936044e-03
9.209891085344512618e+00,3.901235059905941327e+00,-1.852939756613302454e-03
9.199720104510079821e+00,3.925285972629283027e+00,-1.875025649450291288e-03
9.189452000839393619e+00,3.949380897770676135e+00,-1.911617864891526023e-03
9.179067230764044183e+00,3.973482784378573385e+00,-1.913669582581444895e-03
9.168601476770481540e+00,3.997395881610300794e+00,-1.918204902629255804e-03
9.158205641345423587e+00,4.021375430723184152e+00,-1.778772528340791985e-03
9.147655854409094900e+00,4.045372575203133536e+00,-1.896301633305614957e-03
9.137035182225899277e+00,4.069275120702060988e+00,-1.917652923232510348e-03
9.126411332736505955e+00,4.093246847727815663e+00,-1.949544560470934523e-03
9.115635470568458132e+00,4.117129342112600732e+00,-1.997494725698059637e-03
9.104755457479015490e+00,4.141050092173467867e+00,-1.976501217749983275e-03
9.093786955004638628e+00,4.164872946451395386e+00,-1.915539554849151390e-03
9.082892604674901449e+00,4.188716308760938034e+00,-1.911580190465907332e-03
9.071964744956806825e+00,4.212438069262430140e+00,-2.052337264288855989e-03
9.060891902362943284e+00,4.236210947964226037e+00,-2.006568491934040618e-03
9.049814705547824190e+00,4.259901072614046491e+00,-1.931592233099791844e-03
9.038719115873210086e+00,4.283636092940350082e+00,-2.109515293021872132e-03
9.027398023181984144e+00,4.307317464075491209e+00,-2.216818970536486855e-03
9.016043479520586601e+00,4.330945141123917708e+00,-2.172473488051835343e-03
9.004712819801408585e+00,4.354558692826884680e+00,-2.229395531314109363e-03
8.993322123254758438e+00,4.378148165044324358e+00,-2.204618344137787480e-03
8.981846409940207110e+00,4.401591622134239934e+00,-2.027648411960527707e-03
8.970320855829861273e+00,4.425121349966330442e+00,-2.223128801404453646e-03
8.958736879959474209e+00,4.448698837620773894e+00,-2.238069570325844360e-03
8.947087342925788889e+00,4.472195669671181761e+00,-2.348452701444719154e-03
8.935362381706037027e+00,4.495538777796551422e+00,-2.359773718854969379e-03
8.923433062382841285e+00,4.518972618246458239e+00,-2.358029971187104896e-03
8.911607641871150065e+00,4.542376126898077793e+00,-2.424493253734879249e-03
8.899706289722432828e+00,4.565682617335938609e+00,-2.432856197752253542e-03
8.887679259416328748e+00,4.588990249198319660e+00,-2.471290933098110182e-03
8.875744270748098685e+00,4.612269486706797039e+00,-2.356327821893575841e-03
8.863639059007308418e+00,4.635525341120609433e+00,-2.445500231044509670e-03
8.851451895793525537e+00,4.658725990488481017e+00,-2.613500577466691590e-03
8.839218114674689986e+00,4.681851932855527920e+00,-2.651107106634775432e-03
8.826926120410538701e+00,4.704930891242412372e+00,-2.564493327400390807e-03
8.814618060591214999e+00,4.727976267553529510e+00,-2.687247959923593117e-03
8.802292655222231588e+00,4.751046550135203717e+00,-2.677278434917210702e-03
8.789941774432744381e+00,4.774109303691061790e+00,-2.662086745581580989e-03
8.777404674377885740e+00,4.797168393571829448e+00,-2.583416422261170312e-03
8.764769381767893108e+00,4.820184027045188557e+00,-2.629639341881234715e-03
8.752049658666422260e+00,4.843093090109525711e+00,-2.556013823371918597e-03
8.739281307759110717e+00,4.865968672200862599e+00,-2.679524222188344081e-03
8.726545896311820982e+00,4.888808945296518438e+00,-2.594602336123165431e-03
8.713647424558976340e+00,4.911686639804437426e+00,-2.636160935093914432e-03
8.700746005127180993e+00,4.934453500145987270e+00,-2.539435759460043074e-03
8.687840898081706342e+00,4.957118579530464864e+00,-2.561692075349842647e-03
8.674862342104928459e+00,4.979852768299759980e+00,-2.625394042417687930e-03
8.661799627410298186e+00,5.002581435981872104e+00,-2.531401442244791099e-03
8.648672763622991866e+00,5.025192591703486755e+00,-2.521749314848350295e-03
8.635565519426176451e+00,5.047896652447789734e+00,-2.398389128917332441e-03
8.622409602053220823e+00,5.070408368235979069e+00,-2.339095042990100865e-03
8.609096372421717547e+00,5.092984244920830683e+00,-2.300893267752734950e-03
8.595713294593798182e+00,5.115596919657280139e+00,-2.268487733964396659e-03
8.582238566860452167e+00,5.137994110755364829e+00,-2.368743365068341419e-03
8.568762744899173001e+00,5.160425368627374887e+00,-2.285727445501651179e-03
8.555188056538835184e+00,5.182838686886852564e+00,-2.356975129434939198e-03
8.541646793420236250e+00,5.205326174884857160e+00,-2.399688815255577104e-03
8.527948682507751954e+00,5.227652412679818283e+00,-2.328816265886850777e-03
8.514211090582117336e+00,5.249996094645005051e+00,-2.291155293366810460e-03
8.500433644589378446e+00,5.272324507210194966e+00,-2.204728022887698664e-03
8.486727876219347877e+00,5.294598155926276917e+00,-2.126788075298849737e-03
8.472773404018640875e+00,5.316800605597053142e+00,-2.212380143436680838e-03
8.458806816193789047e+00,5.338926554332965146e+00,-2.191492556689967740e-03
8.444898711786722245e+00,5.361077234856419516e+00,-2.127625614242677730e-03
8.430804448546098229e+00,5.383256472846897900e+00,-2.059441958102110198e-03
8.416620082190284791e+00,5.405291741860999366e+00,-1.903342054051522948e-03
8.402456830176390667e+00,5.427269055423574962e+00,-1.953828271941685651e-03
8.388295331736092209e+00,5.449310379603808485e+00,-1.897234548728477400e-03
8.373989505979430703e+00,5.471222562056379246e+00,-1.805473020997393858e-03
8.359648843484272618e+00,5.493168196337828491e+00,-1.782491545115012788e-03
8.345384132345431638e+00,5.515053354700505395e+00,-1.719676856540443234e-03
8.330971944408043228e+00,5.536952335184194496e+00,-1.701988976298570832e-03
8.316536226471773929e+00,5.558717790496248590e+00,-1.620025786267544976e-03
8.301943850435009153e+00,5.580440066603199689e+00,-1.587642799955022149e-03
8.287401836030754865e+00,5.602178014801564743e+00,-1.686146048239247361e-03
8.272593566282402833e+00,5.623846769154710934e+00,-1.707625002058982050e-03
8.257874522197964140e+00,5.645534797782040037e+00,-1.652166029342546456e-03
8.243084520975829221e+00,5.667118888602570514e+00,-1.705422989263127853e-03
8.228243167986706297e+00,5.688697276481324394e+00,-1.647197546164124978e-03
8.213336359263614384e+00,5.710165377111575680e+00,-1.656092672707603882e-03
8.198368746684375097e+00,5.731609053475414939e+00,-1.681275211650139559e-03
8.183408077181793416e+00,5.753072168173230416e+00,-1.731214879646805933e-03
8.168386806203772110e+00,5.774434241625770348e+00,-1.764049682083474943e-03
8.153233268389501021e+00,5.795858999506668496e+00,-1.933087275471256266e-03
8.138094385509266004e+00,5.817239851725138244e+00,-1.904436646942733995e-03
8.122985639552778636e+00,5.838486273879015975e+00,-1.835913034563056842e-03
8.107626640777573002e+00,5.859818365552206920e+00,-1.935702911001073705e-03
8.092236646624687779e+00,5.881066255231365503e+00,-1.956687326336619542e-03
8.076772979016029197e+00,5.902225571647914393e+00,-1.909159509131659041e-03
8.061287581679211556e+00,5.923320914045480556e+00,-1.855668094694010650e-03
8.045781026789837753e+00,5.944388431498398795e+00,-1.802686247169046473e-03
8.030257263418171476e+00,5.965465397129728231e+00,-1.772657688233246183e-03
8.014732248992650909e+00,5.986450450430925052e+00,-1.728596379974585862e-03
7.998952321006508548e+00,6.007436943342943536e+00,-1.664432558544320798e-03
7.983123678025544123e+00,6.028426141422469797e+00,-1.650722153507338218e-03
7.967266099735054397e+00,6.049336375262178933e+00,-1.630214074197972691e-03
7.951451238587683434e+00,6.070078237230227991e+00,-1.597116869342816471e-03
7.935583440663852350e+00,6.090820023535467698e+00,-1.498399168209561382e-03
7.919557104244313805e+00,6.111557088110098235e+00,-1.591143793914558168e-03
7.903635646948138138e+00,6.132321567583642441e+00,-1.531671692452347055e-03
7.887536654453981555e+00,6.152912827196582057e+00,-1.495571453511340253e-03
7.871467547726235914e+00,6.173550834855255687e+00,-1.558859568259720642e-03
7.855314520710158455e+00,6.194167613563316799e+00,-1.702482455983615403e-03
7.839156203314040283e+00,6.214724923230045661e+00,-1.624484554385464226e-03
7.822894082166273577e+00,6.235196019817303537e+00,-1.672679301229570634e-03
7.806563929787396106e+00,6.255676503688456513e+00,-1.703822371239297785e-03
7.790194066527388550e+00,6.276182728875320471e+00,-1.732920725683983164e-03
7.773793281938188748e+00,6.296513832484878392e+00,-1.799252174360915129e-03
7.757377520551940187e+00,6.316791201843759751e+00,-1.827165375688032502e-03
7.740878281751704115e+00,6.337111119480476340e+00,-1.877623326452210238e-03
7.724216662406325540e+00,6.357274091372958402e+00,-1.772913974564853173e-03
7.707535265741559449e+00,6.377409652759635783e+00,-1.906281724463332978e-03
7.690876064320519845e+00,6.397586405326297410e+00,-1.894075109339565235e-03
7.674158586673430982e+00,6.417826064979403000e+00,-1.811230029872843393e-03
7.657359880668350272e+00,6.437865022579456031e+00,-1.750447349430602102e-03
7.640431210171018783e+00,6.457886166746139800e+00,-1.871846133743546763e-03
7.623467584667307229e+00,6.477963091394150830e+00,-1.814862537590067066e-03
7.606443532649428185e+00,6.497889035960604964e+00,-1.901653493321196721e-03
7.589469135633253316e+00,6.517792712478057027e+00,-1.905938822777484198e-03
7.572423613618888716e+00,6.537675787409826356e+00,-1.949465136987643937e-03
7.555254547581462532e+00,6.557480622233597956e+00,-1.976947684362504332e-03
7.538114272380011194e+00,6.577251150814230840e+00,-1.935175268723999783e-03
7.520776481246294942e+00,6.596945308353690862e+00,-1.923082551003844768e-03
7.503550950099294070e+00,6.616623741974576589e+00,-1.917848479918669250e-03
7.486317239053339456e+00,6.636204961882951281e+00,-1.994397191852155440e-03
7.468973049171284906e+00,6.655710869254867212e+00,-1.916451457337427482e-03
7.451448711984232531e+00,6.675262450686981985e+00,-1.999239094068924402e-03
7.434008814247590635e+00,6.694745029513840429e+00,-2.096319236980253697e-03
7.416473465015793742e+00,6.714263866883598553e+00,-2.076446219865780117e-03
7.398827601905153095e+00,6.733749689660755600e+00,-1.932181439261260875e-03
7.381198205159626546e+00,6.753040953498509857e+00,-1.926943996436349203e-03
7.363481182099152811e+00,6.772379252194921762e+00,-1.829308901454098409e-03
7.345725847949852394e+00,6.791652923628513250e+00,-1.751268610705804122e-03
7.327977565149772055e+00,6.810904438999162203e+00,-1.720792367472364021e-03
7.310131614269584688e+00,6.829960681277825962e+00,-1.662637545297622607e-03
7.292226138687718517e+00,6.849061722412270292e+00,-1.770707232965667861e-03
7.274307907873497570e+00,6.868149284600577609e+00,-1.904105338621079214e-03
7.256366329975970864e+00,6.887154670061439887e+00,-1.952938403341370269e-03
7.238301208487465388e+00,6.906114473425026823e+00,-1.962807133111225174e-03
7.222049287717842603e+00,6.923198569039005434e+00,-1.971071369810482605e-03
7.207314389763505247e+00,6.938447816870860763e+00,-2.126153791710245523e-03
7.194044114424521297e+00,6.952211024276486739e+00,-2.171426454819574102e-03
7.182107341114492449e+00,6.964512586499001401e+00,-2.161499314021369557e-03
7.171257308927684093e+00,6.975665020938469851e+00,-2.108566697142699557e-03
7.161542171223305608e+00,6.985634066065085968e+00,-2.051395245233883675e-03
7.152796412131370296e+00,6.994649923371811795e+00,-1.910429117202796893e-03
7.144879077851564730e+00,7.002745498264661528e+00,-1.997852196356791551e-03
7.137838131719610679e+00,7.010023161310688700e+00,-1.860973474001746415e-03
7.131409750394688274e+00,7.016555610263043086e+00,-1.822233449302134486e-03
7.125640837170936770e+00,7.022335605122118629e+00,-1.901204866011796651e-03
7.120418820355518541e+00,7.027645459850740295e+00,-1.876207744367578388e-03
7.115769626445915819e+00,7.032481841256488231e+00,-1.937080722889896042e-03
7.111605240119302174e+00,7.036822652643936138e+00,-1.989610959691113200e-03
7.107796332985269139e+00,7.040679908161567191e+00,-2.043962439643928330e-03
7.104416500439992177e+00,7.044073079216859767e+00,-2.138859143530598764e-03
7.101345254824117603e+00,7.047209800265127555e+00,-2.085067612343700395e-03
7.098590334081746001e+00,7.049934376554803706e+00,-1.953245234669629803e-03
7.096135731876937136e+00,7.052520974122063357e+00,-2.039257975580122378e-03
7.093866910321599661e+00,7.054825645310380366e+00,-2.090264127327975518e-03
7.091848794415156476e+00,7.056873438739594384e+00,-2.166452722700779564e-03
7.090021763377145625e+00,7.058620497288185192e+00,-2.149137213905420035e-03
7.088371938435506614e+00,7.060369538395464772e+00,-2.178295385508466093e-03
7.086798130420563169e+00,7.061926389450763786e+00,-2.308647842604815825e-03
7.085409242136427643e+00,7.063262104467597169e+00,-2.386737194503094506e-03
7.084082864987534478e+00,7.064469655069721910e+00,-2.478377832036552427e-03
7.082965340286212275e+00,7.065559361638809932e+00,-2.415605165879831928e-03
7.081982365104695809e+00,7.066552922593823283e+00,-2.410959649400873199e-03
7.081159403542030439e+00,7.067484662033975518e+00,-2.454454618437470082e-03
7.080456203358653333e+00,7.068243069218931751e+00,-2.414431359308671227e-03
7.079751570864791788e+00,7.069023150739965011e+00,-2.443611273110424514e-03
7.079205786896866748e+00,7.069718528226448306e+00,-2.224551988372079018e-03
7.078598554652081987e+00,7.070276775496806110e+00,-2.233529406080883919e-03
7.078100137570408457e+00,7.070717141660770366e+00,-2.085452592813405361e-03
7.077647811044717407e+00,7.071136288853647756e+00,-2.092215569350126207e-03
7.077251195905357228e+00,7.071613347135575545e+00,-2.057160656533718601e-03
7.076900869195700494e+00,7.071995466040675637e+00,-2.034937716816172075e-03
7.076506809441258206e+00,7.072394422942056558e+00,-2.070830722712367448e-03
7.076208472087800239e+00,7.072751610528024813e+00,-1.927813704797895836e-03
7.075986039421991336e+00,7.072966773163249066e+00,-2.021646667154600868e-03
7.075716164026727206e+00,7.073256970501926588e+00,-1.939110842478148191e-03
7.075478960596683464e+00,7.073517224280633897e+00,-1.997113951689343230e-03
7.075134952329952043e+00,7.073727553269833379e+00,-2.108656915595220720e-03
7.074998155742001416e+00,7.073918841750612252e+00,-2.062260044979762324e-03
7.074841837327729088e+00,7.073990429535708557e+00,-2.123046098526830752e-03
7.074689272636193849e+00,7.074083222024846407e+00,-2.232444794828134828e-03
7.074615865352291699e+00,7.074305886079455874e+00,-2.264215743128005724e-03
7.074539340211729588e+00,7.074429415879983196e+00,-2.244604663558501419e-03
7.074460374497176574e+00,7.074611076318052305e+00,-2.245347062280821961e-03
7.074380568754821574e+00,7.074661274044043324e+00,-2.300647115699261218e-03
7.074358450034964996e+00,7.074670491829028407e+00,-2.291713288946046687e-03
7.074318987338098275e+00,7.074739785727988561e+00,-2.273800448325025408e-03
7.074255470479600127e+00,7.074856288364295587e+00,-2.354035485788377388e-03
7.074200698831246470e+00,7.074985610037940020e+00,-2.204799383537629949e-03
7.074173315333266210e+00,7.074960349026279793e+00,-2.148853849619503705e-03
7.074147198629488820e+00,7.074999603490913280e+00,-2.235797719781663397e-03
7.074224325845358763e+00,7.075006485280487922e+00,-2.299423887457992602e-03
7.074201231944678980e+00,7.075067792417574886e+00,-2.370328035141836161e-03
7.074100394478986864e+00,7.075185616084248785e+00,-2.314624289536704876e-03
7.074001628223588689e+00,7.075236488931901491e+00,-2.354095617312337158e-03
7.074018254677162609e+00,7.075306281049704715e+00,-2.400330717844279677e-03
7.073968070062803370e+00,7.075388151591548436e+00,-2.389182402942462494e-03
7.073924513791584268e+00,7.075410587757122727e+00,-2.522089089808335176e-03
7.073927869332183427e+00,7.075459918254019875e+00,-2.659747297785065769e-03
7.073887934395112431e+00,7.075477409161353037e+00,-2.806318265344021415e-03
7.073886170984976296e+00,7.075517662764386095e+00,-2.784757597110588956e-03
7.073854030621680167e+00,7.075638238674945235e+00,-2.849077056224854840e-03
7.073861464119522324e+00,7.075766843382464977e+00,-2.740030093524571837e-03
7.073838773885325004e+00,7.075729420953909887e+00,-2.757411008462490667e-03
7.073889903321129324e+00,7.075814298154118553e+00,-2.743489804765062746e-03
7.074010236757519721e+00,7.075743177477348489e+00,-2.719877614270890115e-03
7.074062885430037362e+00,7.075792153453584810e+00,-2.710112885294961235e-03
7.074067645140384109e+00,7.075873780156921811e+00,-2.577078181922876944e-03
7.074022418952130131e+00,7.075859029633559061e+00,-2.472583538758783665e-03
7.074034666097920976e+00,7.075853132609409180e+00,-2.530912889816416475e-03
7.074009268054989086e+00,7.075882991718139614e+00,-2.682722610806145911e-03
7.074012376031173943e+00,7.075969942350065267e+00,-2.738336001331888227e-03
7.073986751596585520e+00,7.076008917417849098e+00,-2.686397556729495061e-03
7.074030831257593022e+00,7.075927783995179077e+00,-2.484640276335600868e-03
7.073992933000112338e+00,7.075933456520791864e+00,-2.499954967321779513e-03
7.074048234385462486e+00,7.075867529128807121e+00,-2.337739194015882923e-03
7.074045856630073459e+00,7.075932491314940620e+00,-2.214786533587490003e-03
7.073996021176012228e+00,7.075917843220059567e+00,-2.110090742004793775e-03
7.073973091638666055e+00,7.075948021695682044e+00,-2.222904749219318903e-03
7.074035462304654409e+00,7.075995967028518407e+00,-2.397512069618454311e-03
7.073978951880388166e+00,7.076101532404049266e+00,-2.444193232801427328e-03
7.073926902633582259e+00,7.076109666274029486e+00,-2.421750195540188933e-03
7.073971649796747307e+00,7.076162651710745877e+00,-2.369822780366727562e-03
7.073987647451904337e+00,7.076218156196596887e+00,-2.456789670004112108e-03
7.074048621473072451e+00,7.076207085399723873e+00,-2.571204322132581571e-03
7.074061256981375223e+00,7.076212244315247979e+00,-2.602876290211078754e-03
7.074079626827520784e+00,7.076189048706328144e+00,-2.529125614986080847e-03
7.074152347619917514e+00,7.076225166854207771e+00,-2.502862434372027725e-03
7.074214248949078687e+00,7.076302497050309448e+00,-2.431809139564828498e-03
7.074213010395073553e+00,7.076328383271375699e+00,-2.360916035099669061e-03
7.074236771995304096e+00,7.076349812474067136e+00,-2.247130061458517489e-03
7.074187166363340218e+00,7.076306921997685073e+00,-2.338415322042849791e-03
7.074222522346476971e+00,7.076337315358276925e+00,-2.322481299613373545e-03
7.074288491674518120e+00,7.076328676534327400e+00,-2.365859914917619634e-03
7.074234408199806090e+00,7.076276276706881418e+00,-2.369849623594052958e-03
7.074228201399373361e+00,7.076255120693146772e+00,-2.481843383270534303e-03
7.074242564580455195e+00,7.076370380043103481e+00,-2.466406687945193413e-03
7.074297199440219508e+00,7.076358656786379875e+00,-2.506901672754319882e-03
7.074284961078834755e+00,7.076237148592427140e+00,-2.556510188993380527e-03
7.074261955043255945e+00,7.076236606490113878e+00,-2.469161724174782739e-03
7.074265513527340232e+00,7.076265477663215897e+00,-2.492454662946798436e-03
7.074302350104995973e+00,7.076318773203749579e+00,-2.556136869995570896e-03
7.074325249423082163e+00,7.076382984995439607e+00,-2.410072777470042421e-03
7.074338173786129502e+00,7.076387253001497513e+00,-2.490085574590904759e-03
7.074332400216759353e+00,7.076321843107334253e+00,-2.390235202677791319e-03
7.074242435404259233e+00,7.076276391611904693e+00,-2.294804376560698970e-03
7.074384826401827198e+00,7.076286758520783593e+00,-2.315653530610723310e-03
7.074474833430944187e+00,7.076276025175548767e+00,-2.290053905595251793e-03
7.074417472969855680e+00,7.076286471916118259e+00,-2.272467155617912890e-03
7.074407553960387673e+00,7.076276167151010377e+00,-2.276972382976447801e-03
7.074362932348413402e+00,7.076218756543593891e+00,-2.367327454328372899e-03
7.074404154619942098e+00,7.076286395636175897e+00,-2.274933107382061392e-03
7.074465166177102304e+00,7.076350297281233992e+00,-2.314368546777640766e-03
7.074451177727481443e+00,7.076278548806166135e+00,-2.309471629931909159e-03
7.074516377987082549e+00,7.076258012086205973e+00,-2.289984305591759479e-03
7.074541650756305700e+00,7.076391127238334633e+00,-2.363085765212489739e-03
7.074486224974829263e+00,7.076450335696391036e+00,-2.383105780991333616e-03
7.074521406968760751e+00,7.076490713794881593e+00,-2.370990102657211194e-03
7.074517173838177797e+00,7.076497204946148756e+00,-2.234904612619211667e-03
7.074542037621137425e+00,7.076448399754149854e+00,-2.153815213650669535e-03
7.074558624926971184e+00,7.076479304259746250e+00,-2.224337208474610680e-03
7.074532808744712575e+00,7.076470123534822854e+00,-2.273513165312142457e-03
7.074578575835225536e+00,7.076547996267999352e+00,-2.278463002862186719e-03
7.074547423727338469e+00,7.076557411187998525e+00,-2.352880103137701840e-03
7.074614569751243032e+00,7.076562208216838457e+00,-2.393650954281370709e-03
7.074670193476739755e+00,7.076618118221325027e+00,-2.426997643923274259e-03
7.074694118946258214e+00,7.076584186640567431e+00,-2.384671720255600921e-03
7.074703561544397168e+00,7.076688703989255202e+00,-2.546876663842062051e-03
7.074735871587838787e+00,7.076711072952318382e+00,-2.529382026673711141e-03
7.074663120683167605e+00,7.076655620228518906e+00,-2.548499516852446335e-03
7.074665360904799805e+00,7.076715941853302105e+00,-2.530497387266343601e-03
7.074661973644284174e+00,7.076776285402739397e+00,-2.644448279408480491e-03
7.074698537863805647e+00,7.076832357424949649e+00,-2.626204588642797304e-03
7.074771798334507089e+00,7.076768473238015389e+00,-2.778593233908844325e-03
7.074769077781287940e+00,7.076853821670192168e+00,-2.760054919383460054e-03
7.074746638991349812e+00,7.076786460135145340e+00,-2.829370467246832693e-03
7.074774829299376400e+00,7.076855004861937637e+00,-2.726169969771383931e-03
7.074765300371844923e+00,7.076859049274487390e+00,-2.728619471053672901e-03
7.074743353107347588e+00,7.076893315092307901e+00,-2.690327186405194401e-03
7.074793606271614799e+00,7.076878799618870453e+00,-2.571172633688293286e-03
7.074800335960207853e+00,7.076870620580386628e+00,-2.534418386019575333e-03
7.074786717539788050e+00,7.076944897096733023e+00,-2.596450706165081852e-03
7.074823396847458312e+00,7.076921958863537476e+00,-2.580128112492432579e-03
7.074867519054222065e+00,7.077001098703715520e+00,-2.586149960397270218e-03
7.074841196773465235e+00,7.077040462202193183e+00,-2.506424756262119920e-03
7.074789282930556311e+00,7.077056107503508997e+00,-2.448659717788207076e-03
7.074841462077984922e+00,7.077075731953397231e+00,-2.414022824649688422e-03
7.074912953127180160e+00,7.077095618721748416e+00,-2.398347250351753109e-03
7.074926345193254029e+00,7.077157453414078425e+00,-2.334359417508454718e-03
7.074883120866680919e+00,7.077220240863384859e+00,-2.234555804563543007e-03
7.074893073152016321e+00,7.077332217161909966e+00,-2.231970532462004830e-03
7.074923442995906697e+00,7.077343393447672604e+00,-2.297137182874178351e-03
7.074880532667298993e+00,7.077370423432971513e+00,-2.404516908250501923e-03
7.074896371836882025e+00,7.077292836478321192e+00,-2.403412498168095053e-03
7.074874104477868464e+00,7.077349031819055725e+00,-2.482239454575028894e-03
7.074841979385944057e+00,7.077369117643388385e+00,-2.567713019267058982e-03
7.074847433857717860e+00,7.077349221158033998e+00,-2.643948442503073377e-03
7.074887259817799645e+00,7.077400420700787009e+00,-2.625325811834101214e-03
7.074854830830673791e+00,7.077454017857326640e+00,-2.573355523030142460e-03
7.074873684658877337e+00,7.077498142009962301e+00,-2.544680002642610208e-03
7.074860492353349350e+00,7.077556325706635398e+00,-2.547387469930269960e-03
7.074919632972817674e+00,7.077581740904587804e+00,-2.632810254362385072e-03
7.074982518596487857e+00,7.077502068869717000e+00,-2.600510289922804402e-03
7.075016652978226794e+00,7.077500040412596505e+00,-2.609766690216685364e-03
7.075026247436420057e+00,7.077663165039695059e+00,-2.532696022658697046e-03
7.075025657456694539e+00,7.077523990927058861e+00,-2.608138613552629572e-03
7.074998962037377659e+00,7.077493716862405471e+00,-2.664206410946752014e-03
7.075025037381237780e+00,7.077450226724139704e+00,-2.732134255040175822e-03
7.075014876201677794e+00,7.077515031878303553e+00,-2.837940083470514956e-03
7.075035666333862494e+00,7.077564698287485356e+00,-2.861343253328635112e-03
7.075012901561270162e+00,7.077592049009297170e+00,-2.824614086574709238e-03
7.075031275964343891e+00,7.077527695114544493e+00,-2.710145070131520992e-03
7.075092723113582061e+00,7.077458115638447289e+00,-2.674795098328122331e-03
7.075123797453658270e+00,7.077518022856824409e+00,-2.721805178958959081e-03
7.075135792696983117e+00,7.077472226353942020e+00,-2.736926111973785047e-03
7.075041759433057464e+00,7.077464213318678254e+00,-2.613760052873514289e-03
7.074967323697939570e+00,7.077494728277821778e+00,-2.698396311191966334e-03
7.075091180003733271e+00,7.077503983601236115e+00,-2.805188073598619079e-03
7.075111420865316525e+00,7.077537854869285106e+00,-2.754352047724756281e-03
7.075178421927808436e+00,7.077499706108731914e+00,-2.605868379532640024e-03
7.075142581825317301e+00,7.077526223565317132e+00,-2.627205379578055697e-03
7.075195659686198013e+00,7.077593212501523290e+00,-2.693996590983699629e-03
7.075237374016055902e+00,7.077584044093472748e+00,-2.768951580517170757e-03
7.075268194590092818e+00,7.077676636390517473e+00,-2.694061851311504562e-03
7.075215436939323865e+00,7.077647805642766521e+00,-2.727317676056918282e-03
7.075241037418379619e+00,7.077702619107113513e+00,-2.708443519772730547e-03
7.075307428542734201e+00,7.077727050382257801e+00,-2.637707631560238988e-03
7.075277391875462563e+00,7.077779815361193272e+00,-2.553943896101710555e-03
7.075246293234629391e+00,7.077774789305041558e+00,-2.527966564349063555e-03
7.075298436705852900e+00,7.077875060856486655e+00,-2.438770076662989585e-03
7.075405338498525154e+00,7.077893951425776820e+00,-2.477993899414855043e-03
7.075446222426336362e+00,7.077974170291032152e+00,-2.590299858467232964e-03
7.075502159794329060e+00,7.077999324867922049e+00,-2.619211466655821385e-03
7.075522172914301855e+00,7.078087331785369862e+00,-2.548992194285031564e-03
7.075481592182080171e+00,7.078135105669181470e+00,-2.589806734077510636e-03
7.075500472245630057e+00,7.078179252354716233e+00,-2.634915151315183734e-03
7.075471096943546812e+00,7.078211542364151398e+00,-2.647555543193880721e-03
7.075446243285404613e+00,7.078160695451402695e+00,-2.673507069260188176e-03
7.075442575345119778e+00,7.078153157478272561e+00,-2.746731524780002525e-03
7.075460902502923588e+00,7.078193693204769765e+00,-2.802647027719153052e-03
7.075476281740612272e+00,7.078221652817230591e+00,-2.789552849589283304e-03
7.075510104070080075e+00,7.078301051614231731e+00,-2.929270058811069607e-03
7.075492772617119286e+00,7.078369931611456778e+00,-2.910380539935802837e-03
7.075572514184104378e+00,7.078403797807051312e+00,-2.972195745433723387e-03
7.075595712429461059e+00,7.078371185598323123e+00,-2.835049656128820188e-03
7.075594355467323737e+00,7.078391500410858406e+00,-2.818662898371138321e-03
7.075538756900284554e+00,7.078433974087970704e+00,-2.816111028497920218e-03
7.075720249960762764e+00,7.078455224016859226e+00,-2.580168732187681883e-03
7.075714594507542365e+00,7.078461650674203298e+00,-2.631664055861319615e-03
7.075764286536877279e+00,7.078522725507323088e+00,-2.541558833389094031e-03
7.075713776799894106e+00,7.078471563024316460e+00,-2.521958489428459491e-03
7.075710038641052968e+00,7.078506900611483132e+00,-2.667459811584552230e-03
7.075664063834502748e+00,7.078454333269577070e+00,-2.632180076056549103e-03
7.075626195933352847e+00,7.078452835139045440e+00,-2.650526981063364065e-03
7.075571918391398540e+00,7.078565751999185807e+00,-2.693820677301605841e-03
7.075628842876589886e+00,7.078543761755545560e+00,-2.664163319919412784e-03
7.075669194346184021e+00,7.078497353152879867e+00,-2.675383376533196477e-03
7.075678462448875550e+00,7.078495675035370027e+00,-2.603336418312342596e-03
7.075696794762363240e+00,7.078681088751237027e+00,-2.651583300264858008e-03
7.075678432624975756e+00,7.078701990489732587e+00,-2.615180907839824518e-03
7.075711295944257628e+00,7.078766736341624011e+00,-2.670879516585855824e-03
7.075768080274939642e+00,7.078799111885914819e+00,-2.692939416744058196e-03
7.075772240369838428e+00,7.078876604761581426e+00,-2.802273838771422634e-03
7.075819454375557704e+00,7.078875928767245362e+00,-2.747639027695490069e-03
7.075755793898308887e+00,7.078909969715216022e+00,-2.664122927655883204e-03
7.075743192042464713e+00,7.078955702764297975e+00,-2.663069694420007287e-03
7.075700621485660591e+00,7.078987729878513768e+00,-2.622848378351746307e-03
7.075645168114909289e+00,7.078934307444803231e+00,-2.642692596468344205e-03
7.075572613417204337e+00,7.078981865951120334e+00,-2.576912772246743328e-03
7.075549823061162868e+00,7.078995025405769859e+00,-2.680897097112675768e-03
7.075540894600504060e+00,7.079006786913183191e+00,-2.579014338527210737e-03
7.075476485622992584e+00,7.079050574883091862e+00,-2.496784114856695925e-03
7.075392231993275161e+00,7.079028171156790172e+00,-2.474415303687802978e-03
7.075457747669237740e+00,7.078981940061011002e+00,-2.377242609258233171e-03
7.075556373358700135e+00,7.079055883884079137e+00,-2.299499951771217382e-03
7.075607992269326907e+00,7.079037816752880907e+00,-2.391934265338576705e-03
7.075498274958138545e+00,7.078952477559541379e+00,-2.446525590359521860e-03
7.075511072780718003e+00,7.078975829901702710e+00,-2.588850867889048134e-03
7.075460157782324622e+00,7.079055098935254087e+00,-2.716012828998508148e-03
7.075505304858982214e+00,7.079075221522381334e+00,-2.875804687010496269e-03
7.075538677632075668e+00,7.079106534204150591e+00,-2.863869087662774832e-03
7.075537220653419723e+00,7.079050214327782697e+00,-2.759328779546415394e-03
7.075473583353973694e+00,7.079074005133778158e+00,-2.772117336104938309e-03
7.075565928987812114e+00,7.079087221587636591e+00,-2.882029382851199889e-03
7.075581686457420361e+00,7.079150315563198959e+00,-2.873572215247460065e-03
7.075577749945790806e+00,7.079190409727910804e+00,-2.811431833376318128e-03
7.075553776936113870e+00,7.079299245270401997e+00,-2.793755532687858430e-03
7.075495197269778380e+00,7.079309355886392652e+00,-2.868617421674079723e-03
7.075533459954708171e+00,7.079282051774739237e+00,-2.843092669653253177e-03
7.075513722495981206e+00,7.079217898388772134e+00,-2.837178212399749794e-03
7.075586485135064940e+00,7.079222593962536614e+00,-2.799425056366555871e-03
7.075582883296408276e+00,7.079205913739410327e+00,-2.645427958209417736e-03
7.075616904706564902e+00,7.079257441495361292e+00,-2.736866278778979627e-03
7.075588693751961422e+00,7.079275900497953522e+00,-2.864144837412878949e-03
7.075659751503994954e+00,7.079352680611302517e+00,-2.794580485237646138e-03
7.075633347739416656e+00,7.079356054686648747e+00,-2.866977030941028973e-03
7.075657046627910063e+00,7.079340701569972971e+00,-2.940702810178719585e-03
7.075628928331371803e+00,7.079393416036682041e+00,-2.839549884245916745e-03
7.075610933651703682e+00,7.079466895680297078e+00,-2.805258859257280489e-03
7.075600763226919554e+00,7.079457244165823226e+00,-2.800635231535414209e-03
7.075642414009204018e+00,7.079454663859243269e+00,-2.762377439434980046e-03
7.075568105656254936e+00,7.079540619157466352e+00,-2.779339038209165027e-03
7.075499188239373183e+00,7.079564831920294843e+00,-2.877563453620022270e-03
7.075488376764393905e+00,7.079641209646648115e+00,-2.896418521686146101e-03
7.075589658411285399e+00,7.079714238710896446e+00,-3.027478897793959949e-03
7.075599619570489551e+00,7.079794862203949712e+00,-2.925094066260686652e-03
7.075620020452946690e+00,7.079933225216676895e+00,-2.942907149826944069e-03
7.075565381000238574e+00,7.079917469817649689e+00,-2.957217871694362791e-03
7.075572885100953613e+00,7.079945431761538899e+00,-3.080315625638413175e-03
7.075590267518758303e+00,7.079880503165678185e+00,-3.160341993249751215e-03
7.075554292857700212e+00,7.079865707869043234e+00,-3.077547432422768521e-03
7.075685430653183339e+00,7.079871437400319323e+00,-3.091813526481538166e-03
7.075806605320946296e+00,7.079917440860407751e+00,-2.956811233758188748e-03
7.075883196274254772e+00,7.079922592082064980e+00,-2.967570306158896949e-03
7.075890174597344817e+00,7.079994090952334673e+00,-3.010255502539669042e-03
7.075892762716780915e+00,7.080011536612531131e+00,-3.035560405781126229e-03
7.075809994257156177e+00,7.080021732168989779e+00,-2.869024865435695730e-03
7.075754982223239509e+00,7.080032722517010768e+00,-2.777382326747237888e-03
7.075721389906935777e+00,7.080110291922468768e+00,-2.767464704062910265e-03
7.075771539042121638e+00,7.080085138082626628e+00,-2.765648510588131995e-03
7.075781079442099220e+00,7.080206964906202494e+00,-2.743335698323536107e-03
7.075744476980710296e+00,7.080234766436662497e+00,-2.646504958447904420e-03
7.075691822811701392e+00,7.080208609570191491e+00,-2.678887903593135233e-03
7.075693868796053110e+00,7.080242934558821588e+00,-2.682599168553968447e-03
7.075652400489196303e+00,7.080225404720899007e+00,-2.633761713646119718e-03
7.075560552557467631e+00,7.080260821119527925e+00,-2.617486819273050908e-03
7.075533427344444348e+00,7.080239449288085574e+00,-2.661556456386698216e-03
7.075544031162277037e+00,7.080381131212499568e+00,-2.624487919647490973e-03
7.075545344990239016e+00,7.080438029380881737e+00,-2.580801872865480170e-03
7.075593720308691381e+00,7.080481322497631069e+00,-2.557596514018961164e-03
7.075611714025988874e+00,7.080525242338701730e+00,-2.534213587742679616e-03
7.075660195338931757e+00,7.080544398467804257e+00,-2.511639278626677692e-03
7.075652516908884415e+00,7.080562991726611521e+00,-2.593983775186139030e-03
7.075612422301825966e+00,7.080562972409955691e+00,-2.600832979045640970e-03
